sg_idx,case,sample_rank,recon_index,node,row_type,matched_mse_mean,matched_mse_node,cosine_similarity,case_mse_mean,case_mse_var,case_cosine_similarity_mean,case_cosine_similarity_var
0,case1_exact_pattern,1,1,2,node,2.214714057914288e-08,7.512435764959338e-08,0.9827536761111695,,,,
0,case1_exact_pattern,1,1,3,node,2.214714057914288e-08,1.3464204666978139e-08,0.8887166232949661,,,,
0,case1_exact_pattern,1,1,6,node,2.214714057914288e-08,2.1754584349800394e-34,0.9999999999999746,,,,
0,case1_exact_pattern,1,1,9,node,2.214714057914288e-08,7.742762511321813e-35,0.9999999999999751,,,,
0,case1_exact_pattern,1,1,mean,sample_mean,2.214714057914288e-08,2.214714057914288e-08,0.9678675748515213,,,,
0,case1_exact_pattern,2,2,2,node,9.004933920253503e-09,3.11726220009019e-08,0.9845770214450598,,,,
0,case1_exact_pattern,2,2,3,node,9.004933920253503e-09,4.847113680112109e-09,0.9809362592740596,,,,
0,case1_exact_pattern,2,2,6,node,9.004933920253503e-09,9.553907541730481e-36,0.9999999999999748,,,,
0,case1_exact_pattern,2,2,9,node,9.004933920253503e-09,2.6615954127726913e-34,0.9999999999999747,,,,
0,case1_exact_pattern,2,2,mean,sample_mean,9.004933920253503e-09,9.004933920253503e-09,0.9913783201797672,,,,
0,case1_exact_pattern,3,3,2,node,2.30702177666502e-09,9.22808710666008e-09,0.8786958703120099,,,,
0,case1_exact_pattern,3,3,3,node,2.30702177666502e-09,1.1206471418488785e-34,0.9999999999999735,,,,
0,case1_exact_pattern,3,3,6,node,2.30702177666502e-09,1.5033067418757126e-34,0.9999999999999744,,,,
0,case1_exact_pattern,3,3,9,node,2.30702177666502e-09,3.6887744894900604e-34,0.9999999999999749,,,,
0,case1_exact_pattern,3,3,mean,sample_mean,2.30702177666502e-09,2.30702177666502e-09,0.9696739675779831,,,,
0,case1_exact_pattern,4,4,2,node,2.585156245667223e-08,8.99420451597108e-08,-0.09560060625059832,,,,
0,case1_exact_pattern,4,4,3,node,2.585156245667223e-08,1.3464204666978118e-08,0.9909669076164032,,,,
0,case1_exact_pattern,4,4,6,node,2.585156245667223e-08,3.1584618506467665e-35,0.9999999999999748,,,,
0,case1_exact_pattern,4,4,9,node,2.585156245667223e-08,1.951567363334105e-34,0.9999999999999749,,,,
0,case1_exact_pattern,4,4,mean,sample_mean,2.585156245667223e-08,2.585156245667223e-08,0.7238415753414387,,,,
0,case1_exact_pattern,5,5,2,node,1.4312758466209457e-06,1.2088027285295925e-07,0.7501049685971422,,,,
0,case1_exact_pattern,5,5,3,node,1.4312758466209457e-06,1.0906005780252276e-06,0.9556174816265144,,,,
0,case1_exact_pattern,5,5,6,node,1.4312758466209457e-06,7.52973592290905e-36,0.9999999999999745,,,,
0,case1_exact_pattern,5,5,9,node,1.4312758466209457e-06,4.513622535605596e-06,0.919983090868674,,,,
0,case1_exact_pattern,5,5,mean,sample_mean,1.4312758466209457e-06,1.4312758466209457e-06,0.9064263852730763,,,,
0,case1_exact_pattern,6,6,2,node,1.2994987199284896e-07,1.2088027285295915e-07,0.7501049685971428,,,,
0,case1_exact_pattern,6,6,3,node,1.2994987199284896e-07,1.21177842002803e-07,0.9737751992053179,,,,
0,case1_exact_pattern,6,6,6,node,1.2994987199284896e-07,7.208893962967317e-36,0.9999999999999746,,,,
0,case1_exact_pattern,6,6,9,node,1.2994987199284896e-07,2.777413731156337e-07,0.8447963577467666,,,,
0,case1_exact_pattern,6,6,mean,sample_mean,1.2994987199284896e-07,1.2994987199284896e-07,0.8921691313873005,,,,
0,case1_exact_pattern,7,7,2,node,6.916705766872882e-07,1.2088027285295912e-07,0.7501049685971446,,,,
0,case1_exact_pattern,7,7,3,node,6.916705766872882e-07,1.0906005780252265e-06,0.9556174816265144,,,,
0,case1_exact_pattern,7,7,6,node,6.916705766872882e-07,5.385421572527318e-35,0.999999999999975,,,,
0,case1_exact_pattern,7,7,9,node,6.916705766872882e-07,1.5552014558709672e-06,0.9192079250658103,,,,
0,case1_exact_pattern,7,7,mean,sample_mean,6.916705766872882e-07,6.916705766872882e-07,0.9062325938223611,,,,
0,case1_exact_pattern,8,8,2,node,3.076213881222458e-07,1.208802728529591e-07,0.7501049685971457,,,,
0,case1_exact_pattern,8,8,3,node,3.076213881222458e-07,1.0906005780252278e-06,0.9556174816265139,,,,
0,case1_exact_pattern,8,8,6,node,3.076213881222458e-07,7.5300770965666e-36,0.9999999999999748,,,,
0,case1_exact_pattern,8,8,9,node,3.076213881222458e-07,1.900470161079647e-08,0.8906019796165899,,,,
0,case1_exact_pattern,8,8,mean,sample_mean,3.076213881222458e-07,3.076213881222458e-07,0.8990811074600561,,,,
0,case1_exact_pattern,9,9,2,node,4.330855598346498e-07,1.2088027285295915e-07,0.7501049685971461,,,,
0,case1_exact_pattern,9,9,3,node,4.330855598346498e-07,1.0906005780252276e-06,0.9556174816265139,,,,
0,case1_exact_pattern,9,9,6,node,4.330855598346498e-07,2.1800470835377083e-35,0.9999999999999748,,,,
0,case1_exact_pattern,9,9,9,node,4.330855598346498e-07,5.208613884604124e-07,0.9172177198870041,,,,
0,case1_exact_pattern,9,9,mean,sample_mean,4.330855598346498e-07,4.330855598346498e-07,0.9057350425276598,,,,
0,case1_exact_pattern,10,10,2,node,3.3785310906103817e-07,1.2088027285295915e-07,0.750104968597145,,,,
0,case1_exact_pattern,10,10,3,node,3.3785310906103817e-07,1.0906005780252267e-06,0.9556174816265138,,,,
0,case1_exact_pattern,10,10,6,node,3.3785310906103817e-07,7.129888449826751e-36,0.9999999999999747,,,,
0,case1_exact_pattern,10,10,9,node,3.3785310906103817e-07,1.3993158536596674e-07,0.9115468874002928,,,,
0,case1_exact_pattern,10,10,mean,sample_mean,3.3785310906103817e-07,3.3785310906103817e-07,0.9043173344059816,,,,
0,case1_exact_pattern,11,11,2,node,7.506500338470664e-08,1.208802728529593e-07,0.7501049685971406,,,,
0,case1_exact_pattern,11,11,3,node,7.506500338470664e-08,1.2117784200280313e-07,0.9737751992053172,,,,
0,case1_exact_pattern,11,11,6,node,7.506500338470664e-08,1.2248608536293308e-34,0.9999999999999748,,,,
0,case1_exact_pattern,11,11,9,node,7.506500338470664e-08,5.82018986830641e-08,0.8144940114118291,,,,
0,case1_exact_pattern,11,11,mean,sample_mean,7.506500338470664e-08,7.506500338470664e-08,0.8845935448035654,,,,
0,case1_exact_pattern,12,12,2,node,6.115748468529343e-08,1.234520967383705e-07,0.2980781189023604,,,,
0,case1_exact_pattern,12,12,3,node,6.115748468529343e-08,1.2117784200280321e-07,0.9737751992053173,,,,
0,case1_exact_pattern,12,12,6,node,6.115748468529343e-08,6.842379823278507e-35,0.9999999999999749,,,,
0,case1_exact_pattern,12,12,9,node,6.115748468529343e-08,9.253127876797261e-35,0.9999999999999751,,,,
0,case1_exact_pattern,12,12,mean,sample_mean,6.115748468529343e-08,6.115748468529343e-08,0.8179633295269069,,,,
0,case1_exact_pattern,13,13,2,node,3.576003038010064e-08,2.1862279517599494e-08,0.6268925837722227,,,,
0,case1_exact_pattern,13,13,3,node,3.576003038010064e-08,1.2117784200280308e-07,0.9737751992053173,,,,
0,case1_exact_pattern,13,13,6,node,3.576003038010064e-08,9.262497094345218e-36,0.9999999999999749,,,,
0,case1_exact_pattern,13,13,9,node,3.576003038010064e-08,2.7007207308370855e-35,0.9999999999999751,,,,
0,case1_exact_pattern,13,13,mean,sample_mean,3.576003038010064e-08,3.576003038010064e-08,0.9001669457443725,,,,
0,case1_exact_pattern,14,14,2,node,4.375866516767882e-08,5.3856818667912344e-08,-0.03521872265486165,,,,
0,case1_exact_pattern,14,14,3,node,4.375866516767882e-08,1.2117784200280292e-07,0.9737751992053172,,,,
0,case1_exact_pattern,14,14,6,node,4.375866516767882e-08,3.113160257376209e-35,0.9999999999999749,,,,
0,case1_exact_pattern,14,14,9,node,4.375866516767882e-08,4.665424356475819e-35,0.9999999999999751,,,,
0,case1_exact_pattern,14,14,mean,sample_mean,4.375866516767882e-08,4.375866516767882e-08,0.7346391191376014,,,,
0,case1_exact_pattern,15,15,2,node,1.2111775252117835e-08,3.49828963414928e-08,0.41565199129773894,,,,
0,case1_exact_pattern,15,15,3,node,1.2111775252117835e-08,1.3464204666978543e-08,0.990966907616404,,,,
0,case1_exact_pattern,15,15,6,node,1.2111775252117835e-08,8.80099326016565e-35,0.9999999999999749,,,,
0,case1_exact_pattern,15,15,9,node,1.2111775252117835e-08,4.2151948732002924e-33,0.9999999999999754,,,,
0,case1_exact_pattern,15,15,mean,sample_mean,1.2111775252117835e-08,1.2111775252117835e-08,0.8516547247285233,,,,
0,case1_exact_pattern,16,16,2,node,6.983144142164028e-09,1.446837190167805e-08,0.7427217861679278,,,,
0,case1_exact_pattern,16,16,3,node,6.983144142164028e-09,1.346420466697806e-08,0.9909669076164034,,,,
0,case1_exact_pattern,16,16,6,node,6.983144142164028e-09,1.0436660703351784e-34,0.9999999999999749,,,,
0,case1_exact_pattern,16,16,9,node,6.983144142164028e-09,2.8689338921135704e-35,0.9999999999999751,,,,
0,case1_exact_pattern,16,16,mean,sample_mean,6.983144142164028e-09,6.983144142164028e-09,0.9334221734460704,,,,
0,case1_exact_pattern,17,17,2,node,4.862073907519867e-09,5.984090963101374e-09,0.933848849326362,,,,
0,case1_exact_pattern,17,17,3,node,4.862073907519867e-09,1.3464204666978094e-08,0.9909669076164033,,,,
0,case1_exact_pattern,17,17,6,node,4.862073907519867e-09,1.5222252709583898e-36,0.9999999999999748,,,,
0,case1_exact_pattern,17,17,9,node,4.862073907519867e-09,7.129160346298185e-35,0.9999999999999751,,,,
0,case1_exact_pattern,17,17,mean,sample_mean,4.862073907519867e-09,4.862073907519867e-09,0.9812039392356788,,,,
0,case1_exact_pattern,18,18,2,node,3.982787252729007e-09,2.4669443439379398e-09,0.9923328720096005,,,,
0,case1_exact_pattern,18,18,3,node,3.982787252729007e-09,1.3464204666978088e-08,0.9909669076164032,,,,
0,case1_exact_pattern,18,18,6,node,3.982787252729007e-09,3.5151514713731426e-36,0.9999999999999748,,,,
0,case1_exact_pattern,18,18,9,node,3.982787252729007e-09,5.477657909998342e-35,0.9999999999999749,,,,
0,case1_exact_pattern,18,18,mean,sample_mean,3.982787252729007e-09,3.982787252729007e-09,0.9958249449064884,,,,
0,case1_exact_pattern,19,19,2,node,4.0799878267749756e-09,2.8557466401217756e-09,0.9764874725757303,,,,
0,case1_exact_pattern,19,19,3,node,4.0799878267749756e-09,1.3464204666978127e-08,0.8887166232949668,,,,
0,case1_exact_pattern,19,19,6,node,4.0799878267749756e-09,3.3305198523186e-35,0.9999999999999748,,,,
0,case1_exact_pattern,19,19,9,node,4.0799878267749756e-09,4.915320898745922e-35,0.9999999999999749,,,,
0,case1_exact_pattern,19,19,mean,sample_mean,4.0799878267749756e-09,4.0799878267749756e-09,0.9663010239676617,,,,
0,case1_exact_pattern,20,20,2,node,1.5105922158523768e-09,1.1952551832973788e-09,0.9845469170732635,,,,
0,case1_exact_pattern,20,20,3,node,1.5105922158523768e-09,4.847113680112129e-09,0.9809362592740596,,,,
0,case1_exact_pattern,20,20,6,node,1.5105922158523768e-09,4.851640815696296e-35,0.9999999999999748,,,,
0,case1_exact_pattern,20,20,9,node,1.5105922158523768e-09,7.480628911804904e-36,0.9999999999999749,,,,
0,case1_exact_pattern,20,20,mean,sample_mean,1.5105922158523768e-09,1.5105922158523768e-09,0.9913707940868182,,,,
0,case1_exact_pattern,21,21,2,node,4.708207707479636e-11,1.8832830829918543e-10,0.9946514736832237,,,,
0,case1_exact_pattern,21,21,3,node,4.708207707479636e-11,2.253821141512062e-34,0.9999999999999738,,,,
0,case1_exact_pattern,21,21,6,node,4.708207707479636e-11,2.1118305862536493e-35,0.9999999999999748,,,,
0,case1_exact_pattern,21,21,9,node,4.708207707479636e-11,2.1731529759699684e-35,0.9999999999999754,,,,
0,case1_exact_pattern,21,21,mean,sample_mean,4.708207707479636e-11,4.708207707479636e-11,0.998662868420787,,,,
0,case1_exact_pattern,22,22,2,node,5.767554441662558e-10,2.307021776665023e-09,0.9563950553112948,,,,
0,case1_exact_pattern,22,22,3,node,5.767554441662558e-10,9.723435774045617e-36,0.9999999999999739,,,,
0,case1_exact_pattern,22,22,6,node,5.767554441662558e-10,6.711176483705103e-35,0.9999999999999749,,,,
0,case1_exact_pattern,22,22,9,node,5.767554441662558e-10,2.2908334846640085e-34,0.9999999999999754,,,,
0,case1_exact_pattern,22,22,mean,sample_mean,5.767554441662558e-10,5.767554441662558e-10,0.9890987638278046,,,,
0,case1_exact_pattern,23,23,2,node,9.228087106660075e-11,3.69123484266403e-10,0.9914005792227095,,,,
0,case1_exact_pattern,23,23,3,node,9.228087106660075e-11,4.427561962670511e-36,0.9999999999999736,,,,
0,case1_exact_pattern,23,23,6,node,9.228087106660075e-11,5.493585608300898e-36,0.9999999999999748,,,,
0,case1_exact_pattern,23,23,9,node,9.228087106660075e-11,1.007514028903609e-34,0.9999999999999749,,,,
0,case1_exact_pattern,23,23,mean,sample_mean,9.228087106660075e-11,9.228087106660075e-11,0.9978501448056583,,,,
0,case1_exact_pattern,24,24,2,node,2.1985370511733432e-34,1.1594360840064164e-35,0.9999999999999744,,,,
0,case1_exact_pattern,24,24,3,node,2.1985370511733432e-34,6.828459050471353e-34,0.9999999999999737,,,,
0,case1_exact_pattern,24,24,6,node,2.1985370511733432e-34,1.3107972099802491e-34,0.9999999999999746,,,,
0,case1_exact_pattern,24,24,9,node,2.1985370511733432e-34,5.38948335841129e-35,0.9999999999999754,,,,
0,case1_exact_pattern,24,24,mean,sample_mean,2.1985370511733432e-34,2.1985370511733432e-34,0.9999999999999745,,,,
0,case1_exact_pattern,25,25,2,node,4.157823199638467e-09,1.1784179118441721e-08,0.9937349987544365,,,,
0,case1_exact_pattern,25,25,3,node,4.157823199638467e-09,4.847113680112146e-09,0.9809362592740597,,,,
0,case1_exact_pattern,25,25,6,node,4.157823199638467e-09,8.852032336269474e-35,0.9999999999999748,,,,
0,case1_exact_pattern,25,25,9,node,4.157823199638467e-09,3.7387185382571764e-35,0.9999999999999754,,,,
0,case1_exact_pattern,25,25,mean,sample_mean,4.157823199638467e-09,4.157823199638467e-09,0.9936678145071116,,,,
0,case1_exact_pattern,26,26,2,node,2.4205811485576264e-09,4.835210914118378e-09,0.995317811445445,,,,
0,case1_exact_pattern,26,26,3,node,2.4205811485576264e-09,4.847113680112127e-09,0.9809362592740597,,,,
0,case1_exact_pattern,26,26,6,node,2.4205811485576264e-09,4.857308723120288e-35,0.9999999999999748,,,,
0,case1_exact_pattern,26,26,9,node,2.4205811485576264e-09,1.0332010544319934e-35,0.9999999999999747,,,,
0,case1_exact_pattern,26,26,mean,sample_mean,2.4205811485576264e-09,2.4205811485576264e-09,0.9940635176798636,,,,
0,case1_exact_pattern,27,27,2,node,1.7503466067071576e-09,2.1542727467165064e-09,0.9916546431285774,,,,
0,case1_exact_pattern,27,27,3,node,1.7503466067071576e-09,4.847113680112124e-09,0.9809362592740597,,,,
0,case1_exact_pattern,27,27,6,node,1.7503466067071576e-09,1.397435525587795e-34,0.9999999999999746,,,,
0,case1_exact_pattern,27,27,9,node,1.7503466067071576e-09,1.9730184378558345e-34,0.9999999999999749,,,,
0,case1_exact_pattern,27,27,mean,sample_mean,1.7503466067071576e-09,1.7503466067071576e-09,0.9931477256006467,,,,
0,case1_exact_pattern,28,28,2,node,1.0921068220054495e-08,3.022006821323983e-08,0.9850385888453091,,,,
0,case1_exact_pattern,28,28,3,node,1.0921068220054495e-08,1.3464204666978157e-08,0.8887166232949669,,,,
0,case1_exact_pattern,28,28,6,node,1.0921068220054495e-08,2.5678421484481418e-36,0.9999999999999746,,,,
0,case1_exact_pattern,28,28,9,node,1.0921068220054495e-08,8.822010428441249e-35,0.9999999999999747,,,,
0,case1_exact_pattern,28,28,mean,sample_mean,1.0921068220054495e-08,1.0921068220054495e-08,0.9684388030350564,,,,
0,case1_exact_pattern,29,29,2,node,6.665622266947265e-09,1.319828440081093e-08,0.9844317745524972,,,,
0,case1_exact_pattern,29,29,3,node,6.665622266947265e-09,1.346420466697813e-08,0.8887166232949667,,,,
0,case1_exact_pattern,29,29,6,node,6.665622266947265e-09,7.346641128253773e-35,0.9999999999999749,,,,
0,case1_exact_pattern,29,29,9,node,6.665622266947265e-09,4.554488044130699e-36,0.9999999999999751,,,,
0,case1_exact_pattern,29,29,mean,sample_mean,6.665622266947265e-09,6.665622266947265e-09,0.9682870994618535,,,,
0,case1_exact_pattern,30,30,2,node,4.86207390751989e-09,5.984090963101408e-09,0.9814283113858701,,,,
0,case1_exact_pattern,30,30,3,node,4.86207390751989e-09,1.3464204666978152e-08,0.8887166232949661,,,,
0,case1_exact_pattern,30,30,6,node,4.86207390751989e-09,8.861123250278142e-35,0.9999999999999749,,,,
0,case1_exact_pattern,30,30,9,node,4.86207390751989e-09,1.371266989873514e-34,0.9999999999999754,,,,
0,case1_exact_pattern,30,30,mean,sample_mean,4.86207390751989e-09,4.86207390751989e-09,0.9675362336701965,,,,
0,case2_zero_count,1,7,2,node,6.687665174676329e-05,3.13530190048294e-05,0.2571228898478586,,,,
0,case2_zero_count,1,7,3,node,6.687665174676329e-05,6.377285255641907e-06,0.08411434812643487,,,,
0,case2_zero_count,1,7,6,node,6.687665174676329e-05,0.00022977268785590764,0.022996649384796113,,,,
0,case2_zero_count,1,7,9,node,6.687665174676329e-05,3.6148706742471996e-09,0.8823822372913745,,,,
0,case2_zero_count,1,7,mean,sample_mean,6.687665174676329e-05,6.687665174676329e-05,0.31165403116261603,,,,
0,case2_zero_count,2,45,2,node,2.3917848825227635e-06,9.513689995283523e-06,0.913058499285598,,,,
0,case2_zero_count,2,45,3,node,2.3917848825227635e-06,2.2257154653576113e-08,0.6698106174742522,,,,
0,case2_zero_count,2,45,6,node,2.3917848825227635e-06,1.9252309898821175e-35,0.9999999999999746,,,,
0,case2_zero_count,2,45,9,node,2.3917848825227635e-06,3.119238015395339e-08,0.7435841859456324,,,,
0,case2_zero_count,2,45,mean,sample_mean,2.3917848825227635e-06,2.3917848825227635e-06,0.8316133256763644,,,,
0,case2_zero_count,3,47,2,node,6.958305452175098e-08,2.2488268327947487e-07,0.9628459041182185,,,,
0,case2_zero_count,3,47,3,node,6.958305452175098e-08,2.22571546535761e-08,0.6698106174742544,,,,
0,case2_zero_count,3,47,6,node,6.958305452175098e-08,2.531211859919115e-35,0.9999999999999749,,,,
0,case2_zero_count,3,47,9,node,6.958305452175098e-08,3.119238015395294e-08,0.7435841859456364,,,,
0,case2_zero_count,3,47,mean,sample_mean,6.958305452175098e-08,6.958305452175098e-08,0.8440601768845211,,,,
0,case2_zero_count,4,72,2,node,1.2839408527597508e-07,4.83521091411836e-07,0.9599228971439226,,,,
0,case2_zero_count,4,72,3,node,1.2839408527597508e-07,2.2257154653576143e-08,0.6698106174742509,,,,
0,case2_zero_count,4,72,6,node,1.2839408527597508e-07,7.79809503848828e-09,0.8888505383474933,,,,
0,case2_zero_count,4,72,9,node,1.2839408527597508e-07,2.2271877847793775e-34,0.9999999999999751,,,,
0,case2_zero_count,4,72,mean,sample_mean,1.2839408527597508e-07,1.2839408527597508e-07,0.8796460132414105,,,,
0,case2_zero_count,5,81,2,node,5.1949639986399034e-05,4.9682068738321e-05,0.036297609511712056,,,,
0,case2_zero_count,5,81,3,node,5.1949639986399034e-05,2.1810290808471758e-05,0.07033313439947086,,,,
0,case2_zero_count,5,81,6,node,5.1949639986399034e-05,0.0001363025855281291,0.014063478941890481,,,,
0,case2_zero_count,5,81,9,node,5.1949639986399034e-05,3.6148706742471483e-09,0.8823822372913759,,,,
0,case2_zero_count,5,81,mean,sample_mean,5.1949639986399034e-05,5.1949639986399034e-05,0.2507691150361123,,,,
0,case2_zero_count,6,82,2,node,7.008255393804329e-05,0.00017612198862144605,-0.03325263222548002,,,,
0,case2_zero_count,6,82,3,node,7.008255393804329e-05,1.4377099112396373e-05,0.06921813990434031,,,,
0,case2_zero_count,6,82,6,node,7.008255393804329e-05,8.982751314765651e-05,0.011507005784284605,,,,
0,case2_zero_count,6,82,9,node,7.008255393804329e-05,3.6148706742471657e-09,0.8823822372913754,,,,
0,case2_zero_count,6,82,mean,sample_mean,7.008255393804329e-05,7.008255393804329e-05,0.23246368768863007,,,,
0,case2_zero_count,7,95,2,node,3.8691964290703814e-08,1.01318322355286e-07,0.9615951565758921,,,,
0,case2_zero_count,7,95,3,node,3.8691964290703814e-08,2.22571546535761e-08,0.6698106174742513,,,,
0,case2_zero_count,7,95,6,node,3.8691964290703814e-08,9.201647167567156e-35,0.9999999999999751,,,,
0,case2_zero_count,7,95,9,node,3.8691964290703814e-08,3.119238015395317e-08,0.7435841859456364,,,,
0,case2_zero_count,7,95,mean,sample_mean,3.8691964290703814e-08,3.8691964290703814e-08,0.8437474899989388,,,,
0,case2_zero_count,8,100,2,node,4.836915142457918e-07,1.8813165221756373e-06,0.9150037596067149,,,,
0,case2_zero_count,8,100,3,node,4.836915142457918e-07,2.2257154653576073e-08,0.66981061747425,,,,
0,case2_zero_count,8,100,6,node,4.836915142457918e-07,1.7294679436458698e-35,0.9999999999999744,,,,
0,case2_zero_count,8,100,9,node,4.836915142457918e-07,3.119238015395365e-08,0.7435841859456367,,,,
0,case2_zero_count,8,100,mean,sample_mean,4.836915142457918e-07,4.836915142457918e-07,0.8320996407566439,,,,
0,case2_zero_count,9,105,2,node,5.538051623547022e-05,9.042091652272288e-06,0.043579356489882086,,,,
0,case2_zero_count,9,105,3,node,5.538051623547022e-05,5.764426452942644e-06,0.05661870972555654,,,,
0,case2_zero_count,9,105,6,node,5.538051623547022e-05,0.00020671193196599168,0.007736277702422948,,,,
0,case2_zero_count,9,105,9,node,5.538051623547022e-05,3.614870674247169e-09,0.8823822372913753,,,,
0,case2_zero_count,9,105,mean,sample_mean,5.538051623547022e-05,5.538051623547022e-05,0.24757914530230923,,,,
0,case2_zero_count,10,128,2,node,4.0015069057164076e-05,0.00011693642478311612,-0.03281607613790323,,,,
0,case2_zero_count,10,128,3,node,4.0015069057164076e-05,2.1480985693944538e-05,0.055225381340901825,,,,
0,case2_zero_count,10,128,6,node,4.0015069057164076e-05,2.1613226287110037e-05,0.06687068980093233,,,,
0,case2_zero_count,10,128,9,node,4.0015069057164076e-05,2.963946448562183e-08,0.3614619409137723,,,,
0,case2_zero_count,10,128,mean,sample_mean,4.0015069057164076e-05,4.0015069057164076e-05,0.11268548397942581,,,,
0,case2_zero_count,11,160,2,node,7.527617402940904e-08,1.205744417052969e-07,0.9285357977018182,,,,
0,case2_zero_count,11,160,3,node,7.527617402940904e-08,2.2257154653576063e-08,0.669810617474252,,,,
0,case2_zero_count,11,160,6,node,7.527617402940904e-08,5.159923007193408e-35,0.9999999999999751,,,,
0,case2_zero_count,11,160,9,node,7.527617402940904e-08,1.582730997587632e-07,0.9705674271582149,,,,
0,case2_zero_count,11,160,mean,sample_mean,7.527617402940904e-08,7.527617402940904e-08,0.8922284605835651,,,,
0,case2_zero_count,12,164,2,node,1.7398381940811907e-07,6.424857428249467e-07,0.9162482921131676,,,,
0,case2_zero_count,12,164,3,node,1.7398381940811907e-07,2.225715465357608e-08,0.6698106174742504,,,,
0,case2_zero_count,12,164,6,node,1.7398381940811907e-07,8.396731937410895e-36,0.9999999999999745,,,,
0,case2_zero_count,12,164,9,node,1.7398381940811907e-07,3.1192380153953414e-08,0.7435841859456371,,,,
0,case2_zero_count,12,164,mean,sample_mean,1.7398381940811907e-07,1.7398381940811907e-07,0.8324107738832573,,,,
0,case2_zero_count,13,197,2,node,2.2948744940323977e-05,9.946779934818701e-07,0.3652202738694036,,,,
0,case2_zero_count,13,197,3,node,2.2948744940323977e-05,1.2542526209801035e-05,0.052773833475509575,,,,
0,case2_zero_count,13,197,6,node,2.2948744940323977e-05,7.825416068733875e-05,0.007969452989381547,,,,
0,case2_zero_count,13,197,9,node,2.2948744940323977e-05,3.614870674247146e-09,0.8823822372913761,,,,
0,case2_zero_count,13,197,mean,sample_mean,2.2948744940323977e-05,2.2948744940323977e-05,0.32708644940641773,,,,
0,case2_zero_count,14,221,2,node,4.390357812315112e-05,0.0001036548803173655,-0.03364933309524221,,,,
0,case2_zero_count,14,221,3,node,4.390357812315112e-05,2.591441853435619e-05,0.06338281347353972,,,,
0,case2_zero_count,14,221,6,node,4.390357812315112e-05,4.6041398770208527e-05,-0.006742595112168297,,,,
0,case2_zero_count,14,221,9,node,4.390357812315112e-05,3.6148706742471368e-09,0.8823822372913765,,,,
0,case2_zero_count,14,221,mean,sample_mean,4.390357812315112e-05,4.390357812315112e-05,0.22634328063937645,,,,
0,case2_zero_count,15,234,2,node,2.5748813053428564e-06,1.0246075686563895e-05,0.8342323443120535,,,,
0,case2_zero_count,15,234,3,node,2.5748813053428564e-06,2.225715465357608e-08,0.6698106174742507,,,,
0,case2_zero_count,15,234,6,node,2.5748813053428564e-06,1.3315474003788617e-34,0.9999999999999746,,,,
0,case2_zero_count,15,234,9,node,2.5748813053428564e-06,3.119238015395393e-08,0.7435841859456377,,,,
0,case2_zero_count,15,234,mean,sample_mean,2.5748813053428564e-06,2.5748813053428564e-06,0.8119067869329791,,,,
0,case2_zero_count,16,271,2,node,3.094993793837508e-08,9.37445020614359e-08,0.9320992203556454,,,,
0,case2_zero_count,16,271,3,node,3.094993793837508e-08,2.2257154653576133e-08,0.6698106174742536,,,,
0,case2_zero_count,16,271,6,node,3.094993793837508e-08,7.798095038488279e-09,0.8888505383474936,,,,
0,case2_zero_count,16,271,9,node,3.094993793837508e-08,1.0401329732298142e-35,0.9999999999999754,,,,
0,case2_zero_count,16,271,mean,sample_mean,3.094993793837508e-08,3.094993793837508e-08,0.8726900940443421,,,,
0,case2_zero_count,17,285,2,node,5.544062218625417e-09,1.551316355613427e-08,0.9463833022992855,,,,
0,case2_zero_count,17,285,3,node,5.544062218625417e-09,6.6630853183674e-09,0.874093909656586,,,,
0,case2_zero_count,17,285,6,node,5.544062218625417e-09,2.284858435294733e-35,0.9999999999999748,,,,
0,case2_zero_count,17,285,9,node,5.544062218625417e-09,6.506253223238579e-37,0.9999999999999749,,,,
0,case2_zero_count,17,285,mean,sample_mean,5.544062218625417e-09,5.544062218625417e-09,0.9551193029889553,,,,
0,case2_zero_count,18,297,2,node,2.5728264217925393e-05,2.7275215662977052e-05,-0.004380507192023721,,,,
0,case2_zero_count,18,297,3,node,2.5728264217925393e-05,2.7239426969866297e-05,0.059120107228376045,,,,
0,case2_zero_count,18,297,6,node,2.5728264217925393e-05,4.839479936818397e-05,-0.0019998876131685378,,,,
0,case2_zero_count,18,297,9,node,2.5728264217925393e-05,3.614870674247115e-09,0.8823822372913769,,,,
0,case2_zero_count,18,297,mean,sample_mean,2.5728264217925393e-05,2.5728264217925393e-05,0.23378048742864016,,,,
0,case2_zero_count,19,301,2,node,4.610452739322299e-06,1.566400956187177e-06,0.10618047543297443,,,,
0,case2_zero_count,19,301,3,node,4.610452739322299e-06,3.095661494217404e-08,-0.3306980803154972,,,,
0,case2_zero_count,19,301,6,node,4.610452739322299e-06,8.429941330494486e-06,0.05444637780481625,,,,
0,case2_zero_count,19,301,9,node,4.610452739322299e-06,8.414512055665359e-06,0.059803790165628166,,,,
0,case2_zero_count,19,301,mean,sample_mean,4.610452739322299e-06,4.610452739322299e-06,-0.02756685922801958,,,,
0,case2_zero_count,20,345,2,node,2.1578692696022092e-08,5.416554739558965e-08,0.9348884608093856,,,,
0,case2_zero_count,20,345,3,node,2.1578692696022092e-08,2.2257154653576027e-08,0.669810617474246,,,,
0,case2_zero_count,20,345,6,node,2.1578692696022092e-08,1.5424831969506244e-36,0.9999999999999747,,,,
0,case2_zero_count,20,345,9,node,2.1578692696022092e-08,9.892068734922694e-09,0.9923406934587385,,,,
0,case2_zero_count,20,345,mean,sample_mean,2.1578692696022092e-08,2.1578692696022092e-08,0.8992599429355862,,,,
0,case2_zero_count,21,349,2,node,7.22152083305132e-08,2.646541549088546e-07,0.928854768637976,,,,
0,case2_zero_count,21,349,3,node,7.22152083305132e-08,2.22571546535761e-08,0.6698106174742529,,,,
0,case2_zero_count,21,349,6,node,7.22152083305132e-08,5.1369044753478136e-36,0.9999999999999747,,,,
0,case2_zero_count,21,349,9,node,7.22152083305132e-08,1.949523759622039e-09,0.9590983576734256,,,,
0,case2_zero_count,21,349,mean,sample_mean,7.22152083305132e-08,7.22152083305132e-08,0.8894409359464073,,,,
0,case2_zero_count,22,353,2,node,1.1910287416315047e-08,1.7585899973195885e-08,0.9616551509974561,,,,
0,case2_zero_count,22,353,3,node,1.1910287416315047e-08,2.2257154653576103e-08,0.6698106174742546,,,,
0,case2_zero_count,22,353,6,node,1.1910287416315047e-08,7.798095038488196e-09,0.8888505383474956,,,,
0,case2_zero_count,22,353,9,node,1.1910287416315047e-08,3.2518977197279772e-37,0.9999999999999749,,,,
0,case2_zero_count,22,353,mean,sample_mean,1.1910287416315047e-08,1.1910287416315047e-08,0.8800790767047952,,,,
0,case2_zero_count,23,368,2,node,6.961332021727183e-09,1.376987325768289e-08,0.9760058203972456,,,,
0,case2_zero_count,23,368,3,node,6.961332021727183e-09,1.407545482922584e-08,0.8195228352346282,,,,
0,case2_zero_count,23,368,6,node,6.961332021727183e-09,7.490767566428457e-35,0.9999999999999749,,,,
0,case2_zero_count,23,368,9,node,6.961332021727183e-09,3.3298588917975355e-35,0.9999999999999751,,,,
0,case2_zero_count,23,368,mean,sample_mean,6.961332021727183e-09,6.961332021727183e-09,0.9488821639079559,,,,
0,case2_zero_count,24,371,2,node,9.287950064162101e-08,3.059535953068518e-07,0.8870747699262427,,,,
0,case2_zero_count,24,371,3,node,9.287950064162101e-08,2.225715465357622e-08,0.6698106174742531,,,,
0,case2_zero_count,24,371,6,node,9.287950064162101e-08,4.3307252606056e-08,0.9858821285093099,,,,
0,case2_zero_count,24,371,9,node,9.287950064162101e-08,1.4355762432084832e-34,0.9999999999999747,,,,
0,case2_zero_count,24,371,mean,sample_mean,9.287950064162101e-08,9.287950064162101e-08,0.8856918789774451,,,,
0,case2_zero_count,25,388,2,node,6.916705766872882e-07,1.2088027285295912e-07,0.7501049685971446,,,,
0,case2_zero_count,25,388,3,node,6.916705766872882e-07,1.0906005780252265e-06,0.9556174816265144,,,,
0,case2_zero_count,25,388,6,node,6.916705766872882e-07,5.385421572527318e-35,0.999999999999975,,,,
0,case2_zero_count,25,388,9,node,6.916705766872882e-07,1.5552014558709672e-06,0.9192079250658103,,,,
0,case2_zero_count,25,388,mean,sample_mean,6.916705766872882e-07,6.916705766872882e-07,0.9062325938223611,,,,
0,case2_zero_count,26,390,2,node,1.1899454316318402e-07,4.438289492642373e-07,0.896908392198268,,,,
0,case2_zero_count,26,390,3,node,1.1899454316318402e-07,2.22571546535761e-08,0.6698106174742525,,,,
0,case2_zero_count,26,390,6,node,1.1899454316318402e-07,2.5965764425099403e-35,0.9999999999999752,,,,
0,case2_zero_count,26,390,9,node,1.1899454316318402e-07,9.892068734922654e-09,0.9923406934587388,,,,
0,case2_zero_count,26,390,mean,sample_mean,1.1899454316318402e-07,1.1899454316318402e-07,0.8897649257828086,,,,
0,case2_zero_count,27,433,2,node,1.2010996962998884e-05,4.700480783074647e-06,0.1390371484009956,,,,
0,case2_zero_count,27,433,3,node,1.2010996962998884e-05,4.213989308944475e-05,-0.0283120136898913,,,,
0,case2_zero_count,27,433,6,node,1.2010996962998884e-05,7.942831071343803e-10,0.975927950902272,,,,
0,case2_zero_count,27,433,9,node,1.2010996962998884e-05,1.2028196963690112e-06,0.03782501529805986,,,,
0,case2_zero_count,27,433,mean,sample_mean,1.2010996962998884e-05,1.2010996962998884e-05,0.28111952522785905,,,,
0,case2_zero_count,28,471,2,node,9.228087106660075e-11,3.69123484266403e-10,0.9914005792227095,,,,
0,case2_zero_count,28,471,3,node,9.228087106660075e-11,4.427561962670511e-36,0.9999999999999736,,,,
0,case2_zero_count,28,471,6,node,9.228087106660075e-11,5.493585608300898e-36,0.9999999999999748,,,,
0,case2_zero_count,28,471,9,node,9.228087106660075e-11,1.007514028903609e-34,0.9999999999999749,,,,
0,case2_zero_count,28,471,mean,sample_mean,9.228087106660075e-11,9.228087106660075e-11,0.9978501448056583,,,,
0,case2_zero_count,29,550,2,node,3.982787252729007e-09,2.4669443439379398e-09,0.9923328720096005,,,,
0,case2_zero_count,29,550,3,node,3.982787252729007e-09,1.3464204666978088e-08,0.9909669076164032,,,,
0,case2_zero_count,29,550,6,node,3.982787252729007e-09,3.5151514713731426e-36,0.9999999999999748,,,,
0,case2_zero_count,29,550,9,node,3.982787252729007e-09,5.477657909998342e-35,0.9999999999999749,,,,
0,case2_zero_count,29,550,mean,sample_mean,3.982787252729007e-09,3.982787252729007e-09,0.9958249449064884,,,,
0,case2_zero_count,30,566,2,node,7.422942931129619e-09,2.302868640615105e-08,0.9375531758150453,,,,
0,case2_zero_count,30,566,3,node,7.422942931129619e-09,6.663085318367428e-09,0.8740939096565856,,,,
0,case2_zero_count,30,566,6,node,7.422942931129619e-09,1.091028207287149e-34,0.9999999999999748,,,,
0,case2_zero_count,30,566,9,node,7.422942931129619e-09,1.8045546304287216e-34,0.9999999999999749,,,,
0,case2_zero_count,30,566,mean,sample_mean,7.422942931129619e-09,7.422942931129619e-09,0.9529117713678952,,,,
0,case3_no_structure,1,149742,2,node,2.5122590733702184e-06,1.7174563557191064e-08,0.6058981244116803,,,,
0,case3_no_structure,1,149742,3,node,2.5122590733702184e-06,4.871389885942946e-06,0.9005382422359914,,,,
0,case3_no_structure,1,149742,6,node,2.5122590733702184e-06,5.072011995948824e-06,0.9072017477780928,,,,
0,case3_no_structure,1,149742,9,node,2.5122590733702184e-06,8.845984803191336e-08,0.9456039085173099,,,,
0,case3_no_structure,1,149742,mean,sample_mean,2.5122590733702184e-06,2.5122590733702184e-06,0.8398105057357687,,,,
0,case3_no_structure,2,211816,2,node,5.4696114702077575e-05,5.033239069746018e-08,0.945317910699126,,,,
0,case3_no_structure,2,211816,3,node,5.4696114702077575e-05,4.916912857122023e-10,0.9892350541097636,,,,
0,case3_no_structure,2,211816,6,node,5.4696114702077575e-05,0.0002186253267708687,0.010994225969769228,,,,
0,case3_no_structure,2,211816,9,node,5.4696114702077575e-05,1.0830795545841591e-07,0.8894405605875173,,,,
0,case3_no_structure,2,211816,mean,sample_mean,5.4696114702077575e-05,5.4696114702077575e-05,0.7087469378415441,,,,
0,case3_no_structure,3,341111,2,node,2.479982681605322e-06,9.617452848350869e-06,0.8974646216446815,,,,
0,case3_no_structure,3,341111,3,node,2.479982681605322e-06,1.2667909346303224e-07,0.658518330877331,,,,
0,case3_no_structure,3,341111,6,node,2.479982681605322e-06,3.75637090726277e-35,0.9999999999999749,,,,
0,case3_no_structure,3,341111,9,node,2.479982681605322e-06,1.7579878460738642e-07,0.9728697840901295,,,,
0,case3_no_structure,3,341111,mean,sample_mean,2.479982681605322e-06,2.479982681605322e-06,0.8822131841530293,,,,
0,case3_no_structure,4,342680,2,node,1.2453219599839347e-06,1.6572991944849567e-06,0.8687944978374159,,,,
0,case3_no_structure,4,342680,3,node,1.2453219599839347e-06,2.2257154653576133e-08,0.6698106174742582,,,,
0,case3_no_structure,4,342680,6,node,1.2453219599839347e-06,3.2390890704478077e-06,0.940751698679804,,,,
0,case3_no_structure,4,342680,9,node,1.2453219599839347e-06,6.264242034939847e-08,0.7167222958952654,,,,
0,case3_no_structure,4,342680,mean,sample_mean,1.2453219599839347e-06,1.2453219599839347e-06,0.7990197774716858,,,,
0,case3_no_structure,5,358904,2,node,9.510725768760876e-08,2.6781292409059397e-07,0.9164908936061681,,,,
0,case3_no_structure,5,358904,3,node,9.510725768760876e-08,6.695323102264853e-08,0.3862717179806612,,,,
0,case3_no_structure,5,358904,6,node,9.510725768760876e-08,1.447049548323934e-08,0.9553192624245089,,,,
0,case3_no_structure,5,358904,9,node,9.510725768760876e-08,3.1192380153953235e-08,0.7435841859456369,,,,
0,case3_no_structure,5,358904,mean,sample_mean,9.510725768760876e-08,9.510725768760876e-08,0.7504165149892438,,,,
0,case3_no_structure,6,439369,2,node,1.2266318742856752e-05,2.145404257812347e-05,0.933731289810669,,,,
0,case3_no_structure,6,439369,3,node,1.2266318742856752e-05,3.0758874982147197e-06,0.7866179051100592,,,,
0,case3_no_structure,6,439369,6,node,1.2266318742856752e-05,7.798095038488203e-09,0.7585213835173944,,,,
0,case3_no_structure,6,439369,9,node,1.2266318742856752e-05,2.452754680005033e-05,0.9217843907950837,,,,
0,case3_no_structure,6,439369,mean,sample_mean,1.2266318742856752e-05,1.2266318742856752e-05,0.8501637423083015,,,,
0,case3_no_structure,7,460567,2,node,2.1679861086765646e-05,1.2248397094610032e-05,0.9154658862625966,,,,
0,case3_no_structure,7,460567,3,node,2.1679861086765646e-05,5.702092454604842e-07,0.801992286705399,,,,
0,case3_no_structure,7,460567,6,node,2.1679861086765646e-05,1.4759557275551006e-05,0.8884167346493022,,,,
0,case3_no_structure,7,460567,9,node,2.1679861086765646e-05,5.914128073144105e-05,0.9396922982602233,,,,
0,case3_no_structure,7,460567,mean,sample_mean,2.1679861086765646e-05,2.1679861086765646e-05,0.8863918014693802,,,,
0,case3_no_structure,8,488198,2,node,5.4711470006687255e-05,0.00021863397539286292,0.04898368618424357,,,,
0,case3_no_structure,8,488198,3,node,5.4711470006687255e-05,6.447942799673151e-08,0.9049421170887557,,,,
0,case3_no_structure,8,488198,6,node,5.4711470006687255e-05,1.212628996553097e-07,0.9457650478949127,,,,
0,case3_no_structure,8,488198,9,node,5.4711470006687255e-05,2.6162306234046904e-08,0.4414045707682689,,,,
0,case3_no_structure,8,488198,mean,sample_mean,5.4711470006687255e-05,5.4711470006687255e-05,0.5852738554840452,,,,
0,case3_no_structure,9,513406,2,node,7.23990835321111e-08,8.792557607021007e-08,0.92186251558479,,,,
0,case3_no_structure,9,513406,3,node,7.23990835321111e-08,3.3995333256976553e-09,0.9798149805289104,,,,
0,case3_no_structure,9,513406,6,node,7.23990835321111e-08,1.5645298057332697e-07,0.9519355641851799,,,,
0,case3_no_structure,9,513406,9,node,7.23990835321111e-08,4.181824415920963e-08,-0.23351271146074065,,,,
0,case3_no_structure,9,513406,mean,sample_mean,7.23990835321111e-08,7.23990835321111e-08,0.6550250872095349,,,,
0,case3_no_structure,10,559894,2,node,1.9773933351292593e-06,7.900960731439047e-06,0.9219753457861776,,,,
0,case3_no_structure,10,559894,3,node,1.9773933351292593e-06,6.663085318367461e-09,0.8740939096565852,,,,
0,case3_no_structure,10,559894,6,node,1.9773933351292593e-06,4.261179976615296e-35,0.999999999999975,,,,
0,case3_no_structure,10,559894,9,node,1.9773933351292593e-06,1.9495237596220987e-09,0.9590983576734249,,,,
0,case3_no_structure,10,559894,mean,sample_mean,1.9773933351292593e-06,1.9773933351292593e-06,0.9387919032790406,,,,
0,case3_no_structure,11,566122,2,node,4.6672499395342054e-07,7.365111949026171e-08,0.9839500690710241,,,,
0,case3_no_structure,11,566122,3,node,4.6672499395342054e-07,2.719806139191559e-07,0.8816583634405191,,,,
0,case3_no_structure,11,566122,6,node,4.6672499395342054e-07,2.3708318008829907e-35,0.9999999999999748,,,,
0,case3_no_structure,11,566122,9,node,4.6672499395342054e-07,1.5212682424042646e-06,0.9287661869904512,,,,
0,case3_no_structure,11,566122,mean,sample_mean,4.6672499395342054e-07,4.6672499395342054e-07,0.9485936548754923,,,,
0,case3_no_structure,12,582953,2,node,3.562892564235367e-07,2.688533163544811e-08,0.9390355116013094,,,,
0,case3_no_structure,12,582953,3,node,3.562892564235367e-07,3.310167760236373e-07,0.9482209538145219,,,,
0,case3_no_structure,12,582953,6,node,3.562892564235367e-07,8.456282388443723e-07,0.9328465979083066,,,,
0,case3_no_structure,12,582953,9,node,3.562892564235367e-07,2.2162667919068922e-07,0.34376965295706857,,,,
0,case3_no_structure,12,582953,mean,sample_mean,3.562892564235367e-07,3.562892564235367e-07,0.7909681790703016,,,,
0,case3_no_structure,13,745057,2,node,4.776684292146146e-06,1.7423094932525114e-05,0.8892140959847212,,,,
0,case3_no_structure,13,745057,3,node,4.776684292146146e-06,5.290457027892298e-07,0.7633664235937158,,,,
0,case3_no_structure,13,745057,6,node,4.776684292146146e-06,1.8099077446370776e-34,0.9999999999999744,,,,
0,case3_no_structure,13,745057,9,node,4.776684292146146e-06,1.1545965332702392e-06,0.9651644833380875,,,,
0,case3_no_structure,13,745057,mean,sample_mean,4.776684292146146e-06,4.776684292146146e-06,0.9044362507291247,,,,
0,case3_no_structure,14,765109,2,node,5.167572720609327e-08,1.311069645297305e-08,0.7451765825226008,,,,
0,case3_no_structure,14,765109,3,node,5.167572720609327e-08,9.221697687105334e-08,0.5727294211927211,,,,
0,case3_no_structure,14,765109,6,node,5.167572720609327e-08,7.018285534639386e-08,0.6711147028498233,,,,
0,case3_no_structure,14,765109,9,node,5.167572720609327e-08,3.119238015395281e-08,0.7435841859456357,,,,
0,case3_no_structure,14,765109,mean,sample_mean,5.167572720609327e-08,5.167572720609327e-08,0.6831512231276952,,,,
0,case3_no_structure,15,776326,2,node,6.185768732994754e-08,1.4658801426851449e-07,0.9135756276123684,,,,
0,case3_no_structure,15,776326,3,node,6.185768732994754e-08,3.3502952661334205e-08,-0.29402282689482157,,,,
0,case3_no_structure,15,776326,6,node,6.185768732994754e-08,3.6147402235988423e-08,0.9648469847744019,,,,
0,case3_no_structure,15,776326,9,node,6.185768732994754e-08,3.119238015395304e-08,0.7435841859456367,,,,
0,case3_no_structure,15,776326,mean,sample_mean,6.185768732994754e-08,6.185768732994754e-08,0.5819959928593963,,,,
0,case3_no_structure,16,795776,2,node,2.0323237933650605e-07,6.193373049746233e-07,0.8415412822029988,,,,
0,case3_no_structure,16,795776,3,node,2.0323237933650605e-07,9.221697687105355e-08,0.5727294211927221,,,,
0,case3_no_structure,16,795776,6,node,2.0323237933650605e-07,7.018285534639411e-08,0.6711147028498232,,,,
0,case3_no_structure,16,795776,9,node,2.0323237933650605e-07,3.119238015395319e-08,0.7435841859456361,,,,
0,case3_no_structure,16,795776,mean,sample_mean,2.0323237933650605e-07,2.0323237933650605e-07,0.7072423980477951,,,,
0,case3_no_structure,17,797183,2,node,9.750802042041641e-07,1.1284056339014032e-06,0.7777925445935552,,,,
0,case3_no_structure,17,797183,3,node,9.750802042041641e-07,8.137255203475842e-07,0.9691150048001594,,,,
0,case3_no_structure,17,797183,6,node,9.750802042041641e-07,4.497945357858084e-08,0.09392274811134367,,,,
0,case3_no_structure,17,797183,9,node,9.750802042041641e-07,1.913210208989088e-06,0.9147751196151056,,,,
0,case3_no_structure,17,797183,mean,sample_mean,9.750802042041641e-07,9.750802042041641e-07,0.688901354280041,,,,
0,case3_no_structure,18,950871,2,node,4.779535417451707e-05,0.00018656099396736935,0.9031182963946525,,,,
0,case3_no_structure,18,950871,3,node,4.779535417451707e-05,1.6657713295918392e-07,0.39824386591112576,,,,
0,case3_no_structure,18,950871,6,node,4.779535417451707e-05,1.7072337126392297e-35,0.9999999999999748,,,,
0,case3_no_structure,18,950871,9,node,4.779535417451707e-05,4.453845597739759e-06,0.9578806213252475,,,,
0,case3_no_structure,18,950871,mean,sample_mean,4.779535417451707e-05,4.779535417451707e-05,0.8148106959077501,,,,
0,case3_no_structure,19,969430,2,node,6.695360034834171e-08,1.6189293029566433e-07,0.9535879229813711,,,,
0,case3_no_structure,19,969430,3,node,6.695360034834171e-08,8.701341640550319e-09,0.794975511830622,,,,
0,case3_no_structure,19,969430,6,node,6.695360034834171e-08,7.67291898191394e-08,0.9428431389271813,,,,
0,case3_no_structure,19,969430,9,node,6.695360034834171e-08,2.0490939638012826e-08,0.6166734579262576,,,,
0,case3_no_structure,19,969430,mean,sample_mean,6.695360034834171e-08,6.695360034834171e-08,0.8270200079163579,,,,
0,case3_no_structure,20,1120173,2,node,3.1811048294033403e-07,9.48418375656949e-07,0.606160796034169,,,,
0,case3_no_structure,20,1120173,3,node,3.1811048294033403e-07,2.2264832060404012e-07,0.38966803307677567,,,,
0,case3_no_structure,20,1120173,6,node,3.1811048294033403e-07,7.018285534639411e-08,0.671114702849823,,,,
0,case3_no_structure,20,1120173,9,node,3.1811048294033403e-07,3.119238015395304e-08,0.7435841859456362,,,,
0,case3_no_structure,20,1120173,mean,sample_mean,3.1811048294033403e-07,3.1811048294033403e-07,0.6026319294766009,,,,
0,case3_no_structure,21,1168009,2,node,8.95637376305653e-06,2.330481312374373e-05,-0.024152207515259493,,,,
0,case3_no_structure,21,1168009,3,node,8.95637376305653e-06,3.2860354751528043e-06,0.0786735230924283,,,,
0,case3_no_structure,21,1168009,6,node,8.95637376305653e-06,3.3988938180108814e-06,0.17837820483074102,,,,
0,case3_no_structure,21,1168009,9,node,8.95637376305653e-06,5.8357526353187016e-06,0.05199847037186041,,,,
0,case3_no_structure,21,1168009,mean,sample_mean,8.95637376305653e-06,8.95637376305653e-06,0.07122449769494256,,,,
0,case3_no_structure,22,1277441,2,node,1.1375310136893583e-06,4.344065106784266e-06,0.25606017581276136,,,,
0,case3_no_structure,22,1277441,3,node,1.1375310136893583e-06,1.2318342042741948e-07,0.4035378440803625,,,,
0,case3_no_structure,22,1277441,6,node,1.1375310136893583e-06,4.330725260605649e-08,0.9858821285093111,,,,
0,case3_no_structure,22,1277441,9,node,1.1375310136893583e-06,3.9568274939690975e-08,0.027071848073269608,,,,
0,case3_no_structure,22,1277441,mean,sample_mean,1.1375310136893583e-06,1.1375310136893583e-06,0.41813799911892613,,,,
0,case3_no_structure,23,1331646,2,node,3.3307643991523935e-08,1.6374618636898512e-08,0.6335971873536634,,,,
0,case3_no_structure,23,1331646,3,node,3.3307643991523935e-08,7.641232647491612e-09,0.9192568941643312,,,,
0,case3_no_structure,23,1331646,6,node,3.3307643991523935e-08,6.793480247295042e-08,0.9113153153893293,,,,
0,case3_no_structure,23,1331646,9,node,3.3307643991523935e-08,4.127992220875522e-08,0.9691608072064998,,,,
0,case3_no_structure,23,1331646,mean,sample_mean,3.3307643991523935e-08,3.3307643991523935e-08,0.858332551028456,,,,
0,case3_no_structure,24,1333127,2,node,3.740978648094116e-08,3.1513026275030044e-08,0.8540636896053998,,,,
0,case3_no_structure,24,1333127,3,node,3.740978648094116e-08,1.6750884148387416e-08,0.9450548644980916,,,,
0,case3_no_structure,24,1333127,6,node,3.740978648094116e-08,7.018285534639414e-08,0.6711147028498223,,,,
0,case3_no_structure,24,1333127,9,node,3.740978648094116e-08,3.1192380153953024e-08,0.7435841859456365,,,,
0,case3_no_structure,24,1333127,mean,sample_mean,3.740978648094116e-08,3.740978648094116e-08,0.8034543607247376,,,,
0,case3_no_structure,25,1342177,2,node,2.1072756204134705e-06,1.3943638584196954e-07,0.7794967744446717,,,,
0,case3_no_structure,25,1342177,3,node,2.1072756204134705e-06,5.891962509457173e-06,0.915314516820537,,,,
0,case3_no_structure,25,1342177,6,node,2.1072756204134705e-06,4.874899265603086e-07,0.9577908389352473,,,,
0,case3_no_structure,25,1342177,9,node,2.1072756204134705e-06,1.9102136597944305e-06,0.8791038101745232,,,,
0,case3_no_structure,25,1342177,mean,sample_mean,2.1072756204134705e-06,2.1072756204134705e-06,0.8829264850937448,,,,
0,case3_no_structure,26,1359029,2,node,5.169344429009205e-06,7.582928471943765e-07,0.8657330218538133,,,,
0,case3_no_structure,26,1359029,3,node,5.169344429009205e-06,1.1824918697732723e-05,0.9251401381115417,,,,
0,case3_no_structure,26,1359029,6,node,5.169344429009205e-06,6.656054394838958e-06,0.9201106470756032,,,,
0,case3_no_structure,26,1359029,9,node,5.169344429009205e-06,1.4381117762707615e-06,0.9367439133863172,,,,
0,case3_no_structure,26,1359029,mean,sample_mean,5.169344429009205e-06,5.169344429009205e-06,0.9119319301068188,,,,
0,case3_no_structure,27,1405460,2,node,4.054086721785006e-05,9.513689995283574e-06,0.9130584992855981,,,,
0,case3_no_structure,27,1405460,3,node,4.054086721785006e-05,1.2117784200280356e-07,0.7603928338507484,,,,
0,case3_no_structure,27,1405460,6,node,4.054086721785006e-05,4.580501737175875e-35,0.9999999999999749,,,,
0,case3_no_structure,27,1405460,9,node,4.054086721785006e-05,0.00015252860103411386,0.9259628390585701,,,,
0,case3_no_structure,27,1405460,mean,sample_mean,4.054086721785006e-05,4.054086721785006e-05,0.8998535430487229,,,,
0,case3_no_structure,28,1433504,2,node,5.1559491483192446e-08,4.841899297801709e-08,0.8761039681289556,,,,
0,case3_no_structure,28,1433504,3,node,5.1559491483192446e-08,7.017418143569429e-08,-0.12279756188960138,,,,
0,case3_no_structure,28,1433504,6,node,5.1559491483192446e-08,6.224325310965305e-08,0.8213869081398935,,,,
0,case3_no_structure,28,1433504,9,node,5.1559491483192446e-08,2.5401538409405368e-08,0.6597587833066821,,,,
0,case3_no_structure,28,1433504,mean,sample_mean,5.1559491483192446e-08,5.1559491483192446e-08,0.5586130244214825,,,,
0,case3_no_structure,29,1435741,2,node,1.1597386565002362e-06,6.533058028137607e-07,0.9161531866306548,,,,
0,case3_no_structure,29,1435741,3,node,1.1597386565002362e-06,2.6803551115018947e-06,0.9057187122178808,,,,
0,case3_no_structure,29,1435741,6,node,1.1597386565002362e-06,1.3830915476143995e-35,0.9999999999999749,,,,
0,case3_no_structure,29,1435741,9,node,1.1597386565002362e-06,1.3052937116852894e-06,0.9389540764833021,,,,
0,case3_no_structure,29,1435741,mean,sample_mean,1.1597386565002362e-06,1.1597386565002362e-06,0.9402064938329532,,,,
0,case3_no_structure,30,1443181,2,node,7.993901127751354e-08,1.1326292270867498e-07,0.7950218043396784,,,,
0,case3_no_structure,30,1443181,3,node,7.993901127751354e-08,2.417039344597295e-08,0.881886684866272,,,,
0,case3_no_structure,30,1443181,6,node,7.993901127751354e-08,8.806995072926441e-08,0.9592871737200569,,,,
0,case3_no_structure,30,1443181,9,node,7.993901127751354e-08,9.425277822614179e-08,0.7747699185386183,,,,
0,case3_no_structure,30,1443181,mean,sample_mean,7.993901127751354e-08,7.993901127751354e-08,0.8527413953661565,,,,
all,case1_exact_pattern,all,all,case_summary,case_summary,,,,1.2238440630028065e-07,2.293893794401728e-13,0.9331538847806595,0.028428596069613198
all,case2_zero_count,all,all,case_summary,case_summary,,,,1.3350231896645584e-05,1.4707448728339131e-09,0.6679124930263914,0.1527243801749833
all,case3_no_structure,all,all,case_summary,case_summary,,,,8.869384578728444e-06,1.2555165428273177e-09,0.754767575888969,0.0861313867309032
