sg_idx,case,sample_rank,recon_index,mat,node,row_type,matched_mse_mean,matched_mse_node,feat_bin_mse,case_recover_mse_mean,case_recover_mse_var,case_feat_bin_mse_mean,case_feat_bin_mse_var
0,case1_exact_pattern,1,1,[[0.0 0.0 3.0 0.0 0.0 0.0]; [0.0 6.0 7.0 0.0 0.0 6.0]; [4.0 0.0 0.0 6.0 0.0 0.0]; [3.0 1.0 0.0 0.0 3.0 1.0]],2,node,1.2633687481007968e-08,4.308826909252263e-08,0.0,,,,
0,case1_exact_pattern,1,1,[[0.0 0.0 3.0 0.0 0.0 0.0]; [0.0 6.0 7.0 0.0 0.0 6.0]; [4.0 0.0 0.0 6.0 0.0 0.0]; [3.0 1.0 0.0 0.0 3.0 1.0]],3,node,1.2633687481007968e-08,7.4464808315092405e-09,0.0,,,,
0,case1_exact_pattern,1,1,[[0.0 0.0 3.0 0.0 0.0 0.0]; [0.0 6.0 7.0 0.0 0.0 6.0]; [4.0 0.0 0.0 6.0 0.0 0.0]; [3.0 1.0 0.0 0.0 3.0 1.0]],6,node,1.2633687481007968e-08,6.574843002482676e-34,0.0,,,,
0,case1_exact_pattern,1,1,[[0.0 0.0 3.0 0.0 0.0 0.0]; [0.0 6.0 7.0 0.0 0.0 6.0]; [4.0 0.0 0.0 6.0 0.0 0.0]; [3.0 1.0 0.0 0.0 3.0 1.0]],9,node,1.2633687481007968e-08,2.370061148869707e-34,0.0,,,,
0,case1_exact_pattern,1,1,[[0.0 0.0 3.0 0.0 0.0 0.0]; [0.0 6.0 7.0 0.0 0.0 6.0]; [4.0 0.0 0.0 6.0 0.0 0.0]; [3.0 1.0 0.0 0.0 3.0 1.0]],mean,sample_mean,1.2633687481007968e-08,1.2633687481007968e-08,0.0,,,,
0,case1_exact_pattern,2,2,[[0.0 0.0 3.0 0.0 0.0 0.0]; [0.0 5.0 7.0 0.0 0.0 5.0]; [4.0 0.0 0.0 6.0 0.0 0.0]; [3.0 2.0 0.0 0.0 3.0 2.0]],2,node,1.0109617749604307e-08,3.77577378990739e-08,0.0,,,,
0,case1_exact_pattern,2,2,[[0.0 0.0 3.0 0.0 0.0 0.0]; [0.0 5.0 7.0 0.0 0.0 5.0]; [4.0 0.0 0.0 6.0 0.0 0.0]; [3.0 2.0 0.0 0.0 3.0 2.0]],3,node,1.0109617749604307e-08,2.680733099343326e-09,0.0,,,,
0,case1_exact_pattern,2,2,[[0.0 0.0 3.0 0.0 0.0 0.0]; [0.0 5.0 7.0 0.0 0.0 5.0]; [4.0 0.0 0.0 6.0 0.0 0.0]; [3.0 2.0 0.0 0.0 3.0 2.0]],6,node,1.0109617749604307e-08,2.931441954847051e-35,0.0,,,,
0,case1_exact_pattern,2,2,[[0.0 0.0 3.0 0.0 0.0 0.0]; [0.0 5.0 7.0 0.0 0.0 5.0]; [4.0 0.0 0.0 6.0 0.0 0.0]; [3.0 2.0 0.0 0.0 3.0 2.0]],9,node,1.0109617749604307e-08,8.104075594326953e-34,0.0,,,,
0,case1_exact_pattern,2,2,[[0.0 0.0 3.0 0.0 0.0 0.0]; [0.0 5.0 7.0 0.0 0.0 5.0]; [4.0 0.0 0.0 6.0 0.0 0.0]; [3.0 2.0 0.0 0.0 3.0 2.0]],mean,sample_mean,1.0109617749604307e-08,1.0109617749604307e-08,0.0,,,,
0,case1_exact_pattern,3,3,[[0.0 0.0 3.0 0.0 0.0 0.0]; [0.0 4.0 7.0 0.0 0.0 4.0]; [4.0 0.0 0.0 6.0 0.0 0.0]; [3.0 3.0 0.0 0.0 3.0 3.0]],2,node,1.3521777956291097e-08,5.408711182516439e-08,0.0,,,,
0,case1_exact_pattern,3,3,[[0.0 0.0 3.0 0.0 0.0 0.0]; [0.0 4.0 7.0 0.0 0.0 4.0]; [4.0 0.0 0.0 6.0 0.0 0.0]; [3.0 3.0 0.0 0.0 3.0 3.0]],3,node,1.3521777956291097e-08,3.149196225408508e-34,0.0,,,,
0,case1_exact_pattern,3,3,[[0.0 0.0 3.0 0.0 0.0 0.0]; [0.0 4.0 7.0 0.0 0.0 4.0]; [4.0 0.0 0.0 6.0 0.0 0.0]; [3.0 3.0 0.0 0.0 3.0 3.0]],6,node,1.3521777956291097e-08,4.598687485095153e-34,0.0,,,,
0,case1_exact_pattern,3,3,[[0.0 0.0 3.0 0.0 0.0 0.0]; [0.0 4.0 7.0 0.0 0.0 4.0]; [4.0 0.0 0.0 6.0 0.0 0.0]; [3.0 3.0 0.0 0.0 3.0 3.0]],9,node,1.3521777956291097e-08,1.1165719732215372e-33,0.0,,,,
0,case1_exact_pattern,3,3,[[0.0 0.0 3.0 0.0 0.0 0.0]; [0.0 4.0 7.0 0.0 0.0 4.0]; [4.0 0.0 0.0 6.0 0.0 0.0]; [3.0 3.0 0.0 0.0 3.0 3.0]],mean,sample_mean,1.3521777956291097e-08,1.3521777956291097e-08,0.0,,,,
0,case1_exact_pattern,4,4,[[0.0 0.0 3.0 0.0 0.0 0.0]; [0.0 3.0 7.0 0.0 0.0 3.0]; [4.0 0.0 0.0 6.0 0.0 0.0]; [3.0 4.0 0.0 0.0 3.0 4.0]],2,node,3.840408444421511e-08,1.461698569453512e-07,0.365,,,,
0,case1_exact_pattern,4,4,[[0.0 0.0 3.0 0.0 0.0 0.0]; [0.0 3.0 7.0 0.0 0.0 3.0]; [4.0 0.0 0.0 6.0 0.0 0.0]; [3.0 4.0 0.0 0.0 3.0 4.0]],3,node,3.840408444421511e-08,7.446480831509231e-09,0.0,,,,
0,case1_exact_pattern,4,4,[[0.0 0.0 3.0 0.0 0.0 0.0]; [0.0 3.0 7.0 0.0 0.0 3.0]; [4.0 0.0 0.0 6.0 0.0 0.0]; [3.0 4.0 0.0 0.0 3.0 4.0]],6,node,3.840408444421511e-08,1.0034871528998915e-34,0.0,,,,
0,case1_exact_pattern,4,4,[[0.0 0.0 3.0 0.0 0.0 0.0]; [0.0 3.0 7.0 0.0 0.0 3.0]; [4.0 0.0 0.0 6.0 0.0 0.0]; [3.0 4.0 0.0 0.0 3.0 4.0]],9,node,3.840408444421511e-08,5.94219286366781e-34,0.0,,,,
0,case1_exact_pattern,4,4,[[0.0 0.0 3.0 0.0 0.0 0.0]; [0.0 3.0 7.0 0.0 0.0 3.0]; [4.0 0.0 0.0 6.0 0.0 0.0]; [3.0 4.0 0.0 0.0 3.0 4.0]],mean,sample_mean,3.840408444421511e-08,3.840408444421511e-08,0.09125,,,,
0,case1_exact_pattern,5,5,[[0.0 0.0 3.0 0.0 0.0 0.0]; [0.0 1.0 7.0 0.0 0.0 1.0]; [4.0 0.0 0.0 6.0 0.0 0.0]; [3.0 6.0 0.0 0.0 3.0 6.0]],2,node,1.0205531772253397e-06,5.483870426050063e-08,0.3433333333333333,,,,
0,case1_exact_pattern,5,5,[[0.0 0.0 3.0 0.0 0.0 0.0]; [0.0 1.0 7.0 0.0 0.0 1.0]; [4.0 0.0 0.0 6.0 0.0 0.0]; [3.0 6.0 0.0 0.0 3.0 6.0]],3,node,1.0205531772253397e-06,6.031649473522479e-07,0.0,,,,
0,case1_exact_pattern,5,5,[[0.0 0.0 3.0 0.0 0.0 0.0]; [0.0 1.0 7.0 0.0 0.0 1.0]; [4.0 0.0 0.0 6.0 0.0 0.0]; [3.0 6.0 0.0 0.0 3.0 6.0]],6,node,1.0205531772253397e-06,2.2583926361889803e-35,0.0,,,,
0,case1_exact_pattern,5,5,[[0.0 0.0 3.0 0.0 0.0 0.0]; [0.0 1.0 7.0 0.0 0.0 1.0]; [4.0 0.0 0.0 6.0 0.0 0.0]; [3.0 6.0 0.0 0.0 3.0 6.0]],9,node,1.0205531772253397e-06,3.4242090572886107e-06,0.3883333333333333,,,,
0,case1_exact_pattern,5,5,[[0.0 0.0 3.0 0.0 0.0 0.0]; [0.0 1.0 7.0 0.0 0.0 1.0]; [4.0 0.0 0.0 6.0 0.0 0.0]; [3.0 6.0 0.0 0.0 3.0 6.0]],mean,sample_mean,1.0205531772253397e-06,1.0205531772253397e-06,0.18291666666666667,,,,
0,case1_exact_pattern,6,6,[[0.0 0.0 3.0 0.0 0.0 0.0]; [0.0 2.0 7.0 0.0 0.0 2.0]; [4.0 0.0 0.0 6.0 0.0 0.0]; [3.0 5.0 0.0 0.0 3.0 5.0]],2,node,1.5851511645272012e-07,5.483870426050059e-08,0.3433333333333333,,,,
0,case1_exact_pattern,6,6,[[0.0 0.0 3.0 0.0 0.0 0.0]; [0.0 2.0 7.0 0.0 0.0 2.0]; [4.0 0.0 0.0 6.0 0.0 0.0]; [3.0 5.0 0.0 0.0 3.0 5.0]],3,node,1.5851511645272012e-07,6.701832748358304e-08,0.0,,,,
0,case1_exact_pattern,6,6,[[0.0 0.0 3.0 0.0 0.0 0.0]; [0.0 2.0 7.0 0.0 0.0 2.0]; [4.0 0.0 0.0 6.0 0.0 0.0]; [3.0 5.0 0.0 0.0 3.0 5.0]],6,node,1.5851511645272012e-07,2.3440586050583855e-35,0.0,,,,
0,case1_exact_pattern,6,6,[[0.0 0.0 3.0 0.0 0.0 0.0]; [0.0 2.0 7.0 0.0 0.0 2.0]; [4.0 0.0 0.0 6.0 0.0 0.0]; [3.0 5.0 0.0 0.0 3.0 5.0]],9,node,1.5851511645272012e-07,5.122034340667968e-07,0.3883333333333333,,,,
0,case1_exact_pattern,6,6,[[0.0 0.0 3.0 0.0 0.0 0.0]; [0.0 2.0 7.0 0.0 0.0 2.0]; [4.0 0.0 0.0 6.0 0.0 0.0]; [3.0 5.0 0.0 0.0 3.0 5.0]],mean,sample_mean,1.5851511645272012e-07,1.5851511645272012e-07,0.18291666666666667,,,,
0,case1_exact_pattern,7,7,[[0.0 0.0 4.0 0.0 0.0 0.0]; [0.0 1.0 6.0 0.0 0.0 1.0]; [4.0 0.0 0.0 6.0 0.0 0.0]; [3.0 6.0 0.0 0.0 3.0 6.0]],2,node,4.871436309741392e-07,5.483870426050061e-08,0.3433333333333333,,,,
0,case1_exact_pattern,7,7,[[0.0 0.0 4.0 0.0 0.0 0.0]; [0.0 1.0 6.0 0.0 0.0 1.0]; [4.0 0.0 0.0 6.0 0.0 0.0]; [3.0 6.0 0.0 0.0 3.0 6.0]],3,node,4.871436309741392e-07,6.031649473522477e-07,0.0,,,,
0,case1_exact_pattern,7,7,[[0.0 0.0 4.0 0.0 0.0 0.0]; [0.0 1.0 6.0 0.0 0.0 1.0]; [4.0 0.0 0.0 6.0 0.0 0.0]; [3.0 6.0 0.0 0.0 3.0 6.0]],6,node,4.871436309741392e-07,1.7105184992414125e-34,0.0,,,,
0,case1_exact_pattern,7,7,[[0.0 0.0 4.0 0.0 0.0 0.0]; [0.0 1.0 6.0 0.0 0.0 1.0]; [4.0 0.0 0.0 6.0 0.0 0.0]; [3.0 6.0 0.0 0.0 3.0 6.0]],9,node,4.871436309741392e-07,1.2905708722838087e-06,0.3883333333333333,,,,
0,case1_exact_pattern,7,7,[[0.0 0.0 4.0 0.0 0.0 0.0]; [0.0 1.0 6.0 0.0 0.0 1.0]; [4.0 0.0 0.0 6.0 0.0 0.0]; [3.0 6.0 0.0 0.0 3.0 6.0]],mean,sample_mean,4.871436309741392e-07,4.871436309741392e-07,0.18291666666666667,,,,
0,case1_exact_pattern,8,8,[[0.0 0.0 7.0 0.0 0.0 0.0]; [0.0 1.0 3.0 0.0 0.0 1.0]; [4.0 0.0 0.0 6.0 0.0 0.0]; [3.0 6.0 0.0 0.0 3.0 6.0]],2,node,1.757206808307212e-07,9.971777597063635e-08,0.3433333333333333,,,,
0,case1_exact_pattern,8,8,[[0.0 0.0 7.0 0.0 0.0 0.0]; [0.0 1.0 3.0 0.0 0.0 1.0]; [4.0 0.0 0.0 6.0 0.0 0.0]; [3.0 6.0 0.0 0.0 3.0 6.0]],3,node,1.757206808307212e-07,6.031649473522485e-07,0.0,,,,
0,case1_exact_pattern,8,8,[[0.0 0.0 7.0 0.0 0.0 0.0]; [0.0 1.0 3.0 0.0 0.0 1.0]; [4.0 0.0 0.0 6.0 0.0 0.0]; [3.0 6.0 0.0 0.0 3.0 6.0]],6,node,1.757206808307212e-07,2.299426558315783e-35,0.0,,,,
0,case1_exact_pattern,8,8,[[0.0 0.0 7.0 0.0 0.0 0.0]; [0.0 1.0 3.0 0.0 0.0 1.0]; [4.0 0.0 0.0 6.0 0.0 0.0]; [3.0 6.0 0.0 0.0 3.0 6.0]],9,node,1.757206808307212e-07,1.369402859340041e-34,0.0,,,,
0,case1_exact_pattern,8,8,[[0.0 0.0 7.0 0.0 0.0 0.0]; [0.0 1.0 3.0 0.0 0.0 1.0]; [4.0 0.0 0.0 6.0 0.0 0.0]; [3.0 6.0 0.0 0.0 3.0 6.0]],mean,sample_mean,1.757206808307212e-07,1.757206808307212e-07,0.08583333333333333,,,,
0,case1_exact_pattern,9,9,[[0.0 0.0 5.0 0.0 0.0 0.0]; [0.0 1.0 5.0 0.0 0.0 1.0]; [4.0 0.0 0.0 6.0 0.0 0.0]; [3.0 6.0 0.0 0.0 3.0 6.0]],2,node,2.907506416727776e-07,5.4838704260500586e-08,0.3433333333333333,,,,
0,case1_exact_pattern,9,9,[[0.0 0.0 5.0 0.0 0.0 0.0]; [0.0 1.0 5.0 0.0 0.0 1.0]; [4.0 0.0 0.0 6.0 0.0 0.0]; [3.0 6.0 0.0 0.0 3.0 6.0]],3,node,2.907506416727776e-07,6.031649473522479e-07,0.0,,,,
0,case1_exact_pattern,9,9,[[0.0 0.0 5.0 0.0 0.0 0.0]; [0.0 1.0 5.0 0.0 0.0 1.0]; [4.0 0.0 0.0 6.0 0.0 0.0]; [3.0 6.0 0.0 0.0 3.0 6.0]],6,node,2.907506416727776e-07,6.854672338656657e-35,0.0,,,,
0,case1_exact_pattern,9,9,[[0.0 0.0 5.0 0.0 0.0 0.0]; [0.0 1.0 5.0 0.0 0.0 1.0]; [4.0 0.0 0.0 6.0 0.0 0.0]; [3.0 6.0 0.0 0.0 3.0 6.0]],9,node,2.907506416727776e-07,5.04998915078362e-07,0.3883333333333333,,,,
0,case1_exact_pattern,9,9,[[0.0 0.0 5.0 0.0 0.0 0.0]; [0.0 1.0 5.0 0.0 0.0 1.0]; [4.0 0.0 0.0 6.0 0.0 0.0]; [3.0 6.0 0.0 0.0 3.0 6.0]],mean,sample_mean,2.907506416727776e-07,2.907506416727776e-07,0.18291666666666667,,,,
0,case1_exact_pattern,10,10,[[0.0 0.0 6.0 0.0 0.0 0.0]; [0.0 1.0 4.0 0.0 0.0 1.0]; [4.0 0.0 0.0 6.0 0.0 0.0]; [3.0 6.0 0.0 0.0 3.0 6.0]],2,node,2.1134395649243562e-07,5.483870426050059e-08,0.3433333333333333,,,,
0,case1_exact_pattern,10,10,[[0.0 0.0 6.0 0.0 0.0 0.0]; [0.0 1.0 4.0 0.0 0.0 1.0]; [4.0 0.0 0.0 6.0 0.0 0.0]; [3.0 6.0 0.0 0.0 3.0 6.0]],3,node,2.1134395649243562e-07,6.031649473522474e-07,0.0,,,,
0,case1_exact_pattern,10,10,[[0.0 0.0 6.0 0.0 0.0 0.0]; [0.0 1.0 4.0 0.0 0.0 1.0]; [4.0 0.0 0.0 6.0 0.0 0.0]; [3.0 6.0 0.0 0.0 3.0 6.0]],6,node,2.1134395649243562e-07,2.0952540979617706e-35,0.0,,,,
0,case1_exact_pattern,10,10,[[0.0 0.0 6.0 0.0 0.0 0.0]; [0.0 1.0 4.0 0.0 0.0 1.0]; [4.0 0.0 0.0 6.0 0.0 0.0]; [3.0 6.0 0.0 0.0 3.0 6.0]],9,node,2.1134395649243562e-07,1.8737217435699433e-07,0.3883333333333333,,,,
0,case1_exact_pattern,10,10,[[0.0 0.0 6.0 0.0 0.0 0.0]; [0.0 1.0 4.0 0.0 0.0 1.0]; [4.0 0.0 0.0 6.0 0.0 0.0]; [3.0 6.0 0.0 0.0 3.0 6.0]],mean,sample_mean,2.1134395649243562e-07,2.1134395649243562e-07,0.18291666666666667,,,,
0,case1_exact_pattern,11,11,[[0.0 0.0 4.0 0.0 0.0 0.0]; [0.0 2.0 6.0 0.0 0.0 2.0]; [4.0 0.0 0.0 6.0 0.0 0.0]; [3.0 5.0 0.0 0.0 3.0 5.0]],2,node,7.025784839103043e-08,2.140130660805386e-07,0.16,,,,
0,case1_exact_pattern,11,11,[[0.0 0.0 4.0 0.0 0.0 0.0]; [0.0 2.0 6.0 0.0 0.0 2.0]; [4.0 0.0 0.0 6.0 0.0 0.0]; [3.0 5.0 0.0 0.0 3.0 5.0]],3,node,7.025784839103043e-08,6.701832748358313e-08,0.0,,,,
0,case1_exact_pattern,11,11,[[0.0 0.0 4.0 0.0 0.0 0.0]; [0.0 2.0 6.0 0.0 0.0 2.0]; [4.0 0.0 0.0 6.0 0.0 0.0]; [3.0 5.0 0.0 0.0 3.0 5.0]],6,node,7.025784839103043e-08,3.700429385437979e-34,0.0,,,,
0,case1_exact_pattern,11,11,[[0.0 0.0 4.0 0.0 0.0 0.0]; [0.0 2.0 6.0 0.0 0.0 2.0]; [4.0 0.0 0.0 6.0 0.0 0.0]; [3.0 5.0 0.0 0.0 3.0 5.0]],9,node,7.025784839103043e-08,6.675988277596279e-34,0.0,,,,
0,case1_exact_pattern,11,11,[[0.0 0.0 4.0 0.0 0.0 0.0]; [0.0 2.0 6.0 0.0 0.0 2.0]; [4.0 0.0 0.0 6.0 0.0 0.0]; [3.0 5.0 0.0 0.0 3.0 5.0]],mean,sample_mean,7.025784839103043e-08,7.025784839103043e-08,0.04,,,,
0,case1_exact_pattern,12,12,[[0.0 0.0 5.0 0.0 0.0 0.0]; [0.0 2.0 5.0 0.0 0.0 2.0]; [4.0 0.0 0.0 6.0 0.0 0.0]; [3.0 5.0 0.0 0.0 3.0 5.0]],2,node,3.736337161245556e-08,8.243515896623915e-08,0.16,,,,
0,case1_exact_pattern,12,12,[[0.0 0.0 5.0 0.0 0.0 0.0]; [0.0 2.0 5.0 0.0 0.0 2.0]; [4.0 0.0 0.0 6.0 0.0 0.0]; [3.0 5.0 0.0 0.0 3.0 5.0]],3,node,3.736337161245556e-08,6.701832748358308e-08,0.0,,,,
0,case1_exact_pattern,12,12,[[0.0 0.0 5.0 0.0 0.0 0.0]; [0.0 2.0 5.0 0.0 0.0 2.0]; [4.0 0.0 0.0 6.0 0.0 0.0]; [3.0 5.0 0.0 0.0 3.0 5.0]],6,node,3.736337161245556e-08,2.028986400563841e-34,0.0,,,,
0,case1_exact_pattern,12,12,[[0.0 0.0 5.0 0.0 0.0 0.0]; [0.0 2.0 5.0 0.0 0.0 2.0]; [4.0 0.0 0.0 6.0 0.0 0.0]; [3.0 5.0 0.0 0.0 3.0 5.0]],9,node,3.736337161245556e-08,2.7744583234634105e-34,0.0,,,,
0,case1_exact_pattern,12,12,[[0.0 0.0 5.0 0.0 0.0 0.0]; [0.0 2.0 5.0 0.0 0.0 2.0]; [4.0 0.0 0.0 6.0 0.0 0.0]; [3.0 5.0 0.0 0.0 3.0 5.0]],mean,sample_mean,3.736337161245556e-08,3.736337161245556e-08,0.04,,,,
0,case1_exact_pattern,13,13,[[0.0 0.0 7.0 0.0 0.0 0.0]; [0.0 2.0 3.0 0.0 0.0 2.0]; [4.0 0.0 0.0 6.0 0.0 0.0]; [3.0 5.0 0.0 0.0 3.0 5.0]],2,node,1.9093621942491036e-08,9.356160286381046e-09,0.0,,,,
0,case1_exact_pattern,13,13,[[0.0 0.0 7.0 0.0 0.0 0.0]; [0.0 2.0 3.0 0.0 0.0 2.0]; [4.0 0.0 0.0 6.0 0.0 0.0]; [3.0 5.0 0.0 0.0 3.0 5.0]],3,node,1.9093621942491036e-08,6.70183274835831e-08,0.0,,,,
0,case1_exact_pattern,13,13,[[0.0 0.0 7.0 0.0 0.0 0.0]; [0.0 2.0 3.0 0.0 0.0 2.0]; [4.0 0.0 0.0 6.0 0.0 0.0]; [3.0 5.0 0.0 0.0 3.0 5.0]],6,node,1.9093621942491036e-08,2.9718511839529986e-35,0.0,,,,
0,case1_exact_pattern,13,13,[[0.0 0.0 7.0 0.0 0.0 0.0]; [0.0 2.0 3.0 0.0 0.0 2.0]; [4.0 0.0 0.0 6.0 0.0 0.0]; [3.0 5.0 0.0 0.0 3.0 5.0]],9,node,1.9093621942491036e-08,8.261180532166971e-35,0.0,,,,
0,case1_exact_pattern,13,13,[[0.0 0.0 7.0 0.0 0.0 0.0]; [0.0 2.0 3.0 0.0 0.0 2.0]; [4.0 0.0 0.0 6.0 0.0 0.0]; [3.0 5.0 0.0 0.0 3.0 5.0]],mean,sample_mean,1.9093621942491036e-08,1.9093621942491036e-08,0.0,,,,
0,case1_exact_pattern,14,14,[[0.0 0.0 6.0 0.0 0.0 0.0]; [0.0 2.0 4.0 0.0 0.0 2.0]; [4.0 0.0 0.0 6.0 0.0 0.0]; [3.0 5.0 0.0 0.0 3.0 5.0]],2,node,2.4201062702404973e-08,2.978592332603689e-08,0.16,,,,
0,case1_exact_pattern,14,14,[[0.0 0.0 6.0 0.0 0.0 0.0]; [0.0 2.0 4.0 0.0 0.0 2.0]; [4.0 0.0 0.0 6.0 0.0 0.0]; [3.0 5.0 0.0 0.0 3.0 5.0]],3,node,2.4201062702404973e-08,6.7018327483583e-08,0.0,,,,
0,case1_exact_pattern,14,14,[[0.0 0.0 6.0 0.0 0.0 0.0]; [0.0 2.0 4.0 0.0 0.0 2.0]; [4.0 0.0 0.0 6.0 0.0 0.0]; [3.0 5.0 0.0 0.0 3.0 5.0]],6,node,2.4201062702404973e-08,9.63348089372202e-35,0.0,,,,
0,case1_exact_pattern,14,14,[[0.0 0.0 6.0 0.0 0.0 0.0]; [0.0 2.0 4.0 0.0 0.0 2.0]; [4.0 0.0 0.0 6.0 0.0 0.0]; [3.0 5.0 0.0 0.0 3.0 5.0]],9,node,2.4201062702404973e-08,1.415254947368372e-34,0.0,,,,
0,case1_exact_pattern,14,14,[[0.0 0.0 6.0 0.0 0.0 0.0]; [0.0 2.0 4.0 0.0 0.0 2.0]; [4.0 0.0 0.0 6.0 0.0 0.0]; [3.0 5.0 0.0 0.0 3.0 5.0]],mean,sample_mean,2.4201062702404973e-08,2.4201062702404973e-08,0.04,,,,
0,case1_exact_pattern,15,15,[[0.0 0.0 4.0 0.0 0.0 0.0]; [0.0 3.0 6.0 0.0 0.0 3.0]; [4.0 0.0 0.0 6.0 0.0 0.0]; [3.0 4.0 0.0 0.0 3.0 4.0]],2,node,1.3572381105189483e-08,4.684304358924857e-08,0.0,,,,
0,case1_exact_pattern,15,15,[[0.0 0.0 4.0 0.0 0.0 0.0]; [0.0 3.0 6.0 0.0 0.0 3.0]; [4.0 0.0 0.0 6.0 0.0 0.0]; [3.0 4.0 0.0 0.0 3.0 4.0]],3,node,1.3572381105189483e-08,7.446480831509361e-09,0.0,,,,
0,case1_exact_pattern,15,15,[[0.0 0.0 4.0 0.0 0.0 0.0]; [0.0 3.0 6.0 0.0 0.0 3.0]; [4.0 0.0 0.0 6.0 0.0 0.0]; [3.0 4.0 0.0 0.0 3.0 4.0]],6,node,1.3572381105189483e-08,2.646837282155944e-34,0.0,,,,
0,case1_exact_pattern,15,15,[[0.0 0.0 4.0 0.0 0.0 0.0]; [0.0 3.0 6.0 0.0 0.0 3.0]; [4.0 0.0 0.0 6.0 0.0 0.0]; [3.0 4.0 0.0 0.0 3.0 4.0]],9,node,1.3572381105189483e-08,1.2801723325223232e-32,0.0,,,,
0,case1_exact_pattern,15,15,[[0.0 0.0 4.0 0.0 0.0 0.0]; [0.0 3.0 6.0 0.0 0.0 3.0]; [4.0 0.0 0.0 6.0 0.0 0.0]; [3.0 4.0 0.0 0.0 3.0 4.0]],mean,sample_mean,1.3572381105189483e-08,1.3572381105189483e-08,0.0,,,,
0,case1_exact_pattern,16,16,[[0.0 0.0 5.0 0.0 0.0 0.0]; [0.0 3.0 5.0 0.0 0.0 3.0]; [4.0 0.0 0.0 6.0 0.0 0.0]; [3.0 4.0 0.0 0.0 3.0 4.0]],2,node,5.3685571181437016e-09,1.4027747641065589e-08,0.0,,,,
0,case1_exact_pattern,16,16,[[0.0 0.0 5.0 0.0 0.0 0.0]; [0.0 3.0 5.0 0.0 0.0 3.0]; [4.0 0.0 0.0 6.0 0.0 0.0]; [3.0 4.0 0.0 0.0 3.0 4.0]],3,node,5.3685571181437016e-09,7.446480831509219e-09,0.0,,,,
0,case1_exact_pattern,16,16,[[0.0 0.0 5.0 0.0 0.0 0.0]; [0.0 3.0 5.0 0.0 0.0 3.0]; [4.0 0.0 0.0 6.0 0.0 0.0]; [3.0 4.0 0.0 0.0 3.0 4.0]],6,node,5.3685571181437016e-09,3.1241757233604363e-34,0.0,,,,
0,case1_exact_pattern,16,16,[[0.0 0.0 5.0 0.0 0.0 0.0]; [0.0 3.0 5.0 0.0 0.0 3.0]; [4.0 0.0 0.0 6.0 0.0 0.0]; [3.0 4.0 0.0 0.0 3.0 4.0]],9,node,5.3685571181437016e-09,8.615126318063532e-35,0.0,,,,
0,case1_exact_pattern,16,16,[[0.0 0.0 5.0 0.0 0.0 0.0]; [0.0 3.0 5.0 0.0 0.0 3.0]; [4.0 0.0 0.0 6.0 0.0 0.0]; [3.0 4.0 0.0 0.0 3.0 4.0]],mean,sample_mean,5.3685571181437016e-09,5.3685571181437016e-09,0.0,,,,
0,case1_exact_pattern,17,17,[[0.0 0.0 6.0 0.0 0.0 0.0]; [0.0 3.0 4.0 0.0 0.0 3.0]; [4.0 0.0 0.0 6.0 0.0 0.0]; [3.0 4.0 0.0 0.0 3.0 4.0]],2,node,2.6890069669338875e-09,3.309547036226322e-09,0.0,,,,
0,case1_exact_pattern,17,17,[[0.0 0.0 6.0 0.0 0.0 0.0]; [0.0 3.0 4.0 0.0 0.0 3.0]; [4.0 0.0 0.0 6.0 0.0 0.0]; [3.0 4.0 0.0 0.0 3.0 4.0]],3,node,2.6890069669338875e-09,7.446480831509227e-09,0.0,,,,
0,case1_exact_pattern,17,17,[[0.0 0.0 6.0 0.0 0.0 0.0]; [0.0 3.0 4.0 0.0 0.0 3.0]; [4.0 0.0 0.0 6.0 0.0 0.0]; [3.0 4.0 0.0 0.0 3.0 4.0]],6,node,2.6890069669338875e-09,3.151474661967907e-36,0.0,,,,
0,case1_exact_pattern,17,17,[[0.0 0.0 6.0 0.0 0.0 0.0]; [0.0 3.0 4.0 0.0 0.0 3.0]; [4.0 0.0 0.0 6.0 0.0 0.0]; [3.0 4.0 0.0 0.0 3.0 4.0]],9,node,2.6890069669338875e-09,2.1835972168837092e-34,0.0,,,,
0,case1_exact_pattern,17,17,[[0.0 0.0 6.0 0.0 0.0 0.0]; [0.0 3.0 4.0 0.0 0.0 3.0]; [4.0 0.0 0.0 6.0 0.0 0.0]; [3.0 4.0 0.0 0.0 3.0 4.0]],mean,sample_mean,2.6890069669338875e-09,2.6890069669338875e-09,0.0,,,,
0,case1_exact_pattern,18,18,[[0.0 0.0 7.0 0.0 0.0 0.0]; [0.0 3.0 3.0 0.0 0.0 3.0]; [4.0 0.0 0.0 6.0 0.0 0.0]; [3.0 4.0 0.0 0.0 3.0 4.0]],2,node,2.1414095153288427e-09,1.119157229806135e-09,0.0,,,,
0,case1_exact_pattern,18,18,[[0.0 0.0 7.0 0.0 0.0 0.0]; [0.0 3.0 3.0 0.0 0.0 3.0]; [4.0 0.0 0.0 6.0 0.0 0.0]; [3.0 4.0 0.0 0.0 3.0 4.0]],3,node,2.1414095153288427e-09,7.446480831509236e-09,0.0,,,,
0,case1_exact_pattern,18,18,[[0.0 0.0 7.0 0.0 0.0 0.0]; [0.0 3.0 3.0 0.0 0.0 3.0]; [4.0 0.0 0.0 6.0 0.0 0.0]; [3.0 4.0 0.0 0.0 3.0 4.0]],6,node,2.1414095153288427e-09,1.2185224102738893e-35,0.0,,,,
0,case1_exact_pattern,18,18,[[0.0 0.0 7.0 0.0 0.0 0.0]; [0.0 3.0 3.0 0.0 0.0 3.0]; [4.0 0.0 0.0 6.0 0.0 0.0]; [3.0 4.0 0.0 0.0 3.0 4.0]],9,node,2.1414095153288427e-09,1.6296240712262634e-34,0.0,,,,
0,case1_exact_pattern,18,18,[[0.0 0.0 7.0 0.0 0.0 0.0]; [0.0 3.0 3.0 0.0 0.0 3.0]; [4.0 0.0 0.0 6.0 0.0 0.0]; [3.0 4.0 0.0 0.0 3.0 4.0]],mean,sample_mean,2.1414095153288427e-09,2.1414095153288427e-09,0.0,,,,
0,case1_exact_pattern,19,19,[[0.0 0.0 7.0 0.0 0.0 0.0]; [0.0 6.0 3.0 0.0 0.0 6.0]; [4.0 0.0 0.0 6.0 0.0 0.0]; [3.0 1.0 0.0 0.0 3.0 1.0]],2,node,2.8176006892905485e-09,3.823921925652956e-09,0.0,,,,
0,case1_exact_pattern,19,19,[[0.0 0.0 7.0 0.0 0.0 0.0]; [0.0 6.0 3.0 0.0 0.0 6.0]; [4.0 0.0 0.0 6.0 0.0 0.0]; [3.0 1.0 0.0 0.0 3.0 1.0]],3,node,2.8176006892905485e-09,7.446480831509238e-09,0.0,,,,
0,case1_exact_pattern,19,19,[[0.0 0.0 7.0 0.0 0.0 0.0]; [0.0 6.0 3.0 0.0 0.0 6.0]; [4.0 0.0 0.0 6.0 0.0 0.0]; [3.0 1.0 0.0 0.0 3.0 1.0]],6,node,2.8176006892905485e-09,1.0179660581889746e-34,0.0,,,,
0,case1_exact_pattern,19,19,[[0.0 0.0 7.0 0.0 0.0 0.0]; [0.0 6.0 3.0 0.0 0.0 6.0]; [4.0 0.0 0.0 6.0 0.0 0.0]; [3.0 1.0 0.0 0.0 3.0 1.0]],9,node,2.8176006892905485e-09,1.4503893422757222e-34,0.0,,,,
0,case1_exact_pattern,19,19,[[0.0 0.0 7.0 0.0 0.0 0.0]; [0.0 6.0 3.0 0.0 0.0 6.0]; [4.0 0.0 0.0 6.0 0.0 0.0]; [3.0 1.0 0.0 0.0 3.0 1.0]],mean,sample_mean,2.8176006892905485e-09,2.8176006892905485e-09,0.0,,,,
0,case1_exact_pattern,20,20,[[0.0 0.0 7.0 0.0 0.0 0.0]; [0.0 5.0 3.0 0.0 0.0 5.0]; [4.0 0.0 0.0 6.0 0.0 0.0]; [3.0 2.0 0.0 0.0 3.0 2.0]],2,node,1.2720901664082945e-09,2.407627566289851e-09,0.0,,,,
0,case1_exact_pattern,20,20,[[0.0 0.0 7.0 0.0 0.0 0.0]; [0.0 5.0 3.0 0.0 0.0 5.0]; [4.0 0.0 0.0 6.0 0.0 0.0]; [3.0 2.0 0.0 0.0 3.0 2.0]],3,node,1.2720901664082945e-09,2.6807330993433276e-09,0.0,,,,
0,case1_exact_pattern,20,20,[[0.0 0.0 7.0 0.0 0.0 0.0]; [0.0 5.0 3.0 0.0 0.0 5.0]; [4.0 0.0 0.0 6.0 0.0 0.0]; [3.0 2.0 0.0 0.0 3.0 2.0]],6,node,1.2720901664082945e-09,1.4836939543798825e-34,0.0,,,,
0,case1_exact_pattern,20,20,[[0.0 0.0 7.0 0.0 0.0 0.0]; [0.0 5.0 3.0 0.0 0.0 5.0]; [4.0 0.0 0.0 6.0 0.0 0.0]; [3.0 2.0 0.0 0.0 3.0 2.0]],9,node,1.2720901664082945e-09,2.3427468415161728e-35,0.0,,,,
0,case1_exact_pattern,20,20,[[0.0 0.0 7.0 0.0 0.0 0.0]; [0.0 5.0 3.0 0.0 0.0 5.0]; [4.0 0.0 0.0 6.0 0.0 0.0]; [3.0 2.0 0.0 0.0 3.0 2.0]],mean,sample_mean,1.2720901664082945e-09,1.2720901664082945e-09,0.0,,,,
0,case1_exact_pattern,21,21,[[0.0 0.0 7.0 0.0 0.0 0.0]; [0.0 4.0 3.0 0.0 0.0 4.0]; [4.0 0.0 0.0 6.0 0.0 0.0]; [3.0 3.0 0.0 0.0 3.0 3.0]],2,node,2.7595465216920655e-10,1.1038186086768262e-09,0.0,,,,
0,case1_exact_pattern,21,21,[[0.0 0.0 7.0 0.0 0.0 0.0]; [0.0 4.0 3.0 0.0 0.0 4.0]; [4.0 0.0 0.0 6.0 0.0 0.0]; [3.0 3.0 0.0 0.0 3.0 3.0]],3,node,2.7595465216920655e-10,7.0119293912214326e-34,0.0,,,,
0,case1_exact_pattern,21,21,[[0.0 0.0 7.0 0.0 0.0 0.0]; [0.0 4.0 3.0 0.0 0.0 4.0]; [4.0 0.0 0.0 6.0 0.0 0.0]; [3.0 3.0 0.0 0.0 3.0 3.0]],6,node,2.7595465216920655e-10,6.723802754521584e-35,0.0,,,,
0,case1_exact_pattern,21,21,[[0.0 0.0 7.0 0.0 0.0 0.0]; [0.0 4.0 3.0 0.0 0.0 4.0]; [4.0 0.0 0.0 6.0 0.0 0.0]; [3.0 3.0 0.0 0.0 3.0 3.0]],9,node,2.7595465216920655e-10,6.751884713600908e-35,0.0,,,,
0,case1_exact_pattern,21,21,[[0.0 0.0 7.0 0.0 0.0 0.0]; [0.0 4.0 3.0 0.0 0.0 4.0]; [4.0 0.0 0.0 6.0 0.0 0.0]; [3.0 3.0 0.0 0.0 3.0 3.0]],mean,sample_mean,2.7595465216920655e-10,2.7595465216920655e-10,0.0,,,,
0,case1_exact_pattern,22,22,[[0.0 0.0 4.0 0.0 0.0 0.0]; [0.0 4.0 6.0 0.0 0.0 4.0]; [4.0 0.0 0.0 6.0 0.0 0.0]; [3.0 3.0 0.0 0.0 3.0 3.0]],2,node,3.3804444890727768e-09,1.3521777956291107e-08,0.0,,,,
0,case1_exact_pattern,22,22,[[0.0 0.0 4.0 0.0 0.0 0.0]; [0.0 4.0 6.0 0.0 0.0 4.0]; [4.0 0.0 0.0 6.0 0.0 0.0]; [3.0 3.0 0.0 0.0 3.0 3.0]],3,node,3.3804444890727768e-09,3.4859278151293943e-35,0.0,,,,
0,case1_exact_pattern,22,22,[[0.0 0.0 4.0 0.0 0.0 0.0]; [0.0 4.0 6.0 0.0 0.0 4.0]; [4.0 0.0 0.0 6.0 0.0 0.0]; [3.0 3.0 0.0 0.0 3.0 3.0]],6,node,3.3804444890727768e-09,2.0825276295035476e-34,0.0,,,,
0,case1_exact_pattern,22,22,[[0.0 0.0 4.0 0.0 0.0 0.0]; [0.0 4.0 6.0 0.0 0.0 4.0]; [4.0 0.0 0.0 6.0 0.0 0.0]; [3.0 3.0 0.0 0.0 3.0 3.0]],9,node,3.3804444890727768e-09,6.977292815796583e-34,0.0,,,,
0,case1_exact_pattern,22,22,[[0.0 0.0 4.0 0.0 0.0 0.0]; [0.0 4.0 6.0 0.0 0.0 4.0]; [4.0 0.0 0.0 6.0 0.0 0.0]; [3.0 3.0 0.0 0.0 3.0 3.0]],mean,sample_mean,3.3804444890727768e-09,3.3804444890727768e-09,0.0,,,,
0,case1_exact_pattern,23,23,[[0.0 0.0 5.0 0.0 0.0 0.0]; [0.0 4.0 5.0 0.0 0.0 4.0]; [4.0 0.0 0.0 6.0 0.0 0.0]; [3.0 3.0 0.0 0.0 3.0 3.0]],2,node,5.40871118251644e-10,2.163484473006576e-09,0.0,,,,
0,case1_exact_pattern,23,23,[[0.0 0.0 5.0 0.0 0.0 0.0]; [0.0 4.0 5.0 0.0 0.0 4.0]; [4.0 0.0 0.0 6.0 0.0 0.0]; [3.0 3.0 0.0 0.0 3.0 3.0]],3,node,5.40871118251644e-10,1.4879740929315428e-35,0.0,,,,
0,case1_exact_pattern,23,23,[[0.0 0.0 5.0 0.0 0.0 0.0]; [0.0 4.0 5.0 0.0 0.0 4.0]; [4.0 0.0 0.0 6.0 0.0 0.0]; [3.0 3.0 0.0 0.0 3.0 3.0]],6,node,5.40871118251644e-10,1.6668005362171095e-35,0.0,,,,
0,case1_exact_pattern,23,23,[[0.0 0.0 5.0 0.0 0.0 0.0]; [0.0 4.0 5.0 0.0 0.0 4.0]; [4.0 0.0 0.0 6.0 0.0 0.0]; [3.0 3.0 0.0 0.0 3.0 3.0]],9,node,5.40871118251644e-10,3.069683832331501e-34,0.0,,,,
0,case1_exact_pattern,23,23,[[0.0 0.0 5.0 0.0 0.0 0.0]; [0.0 4.0 5.0 0.0 0.0 4.0]; [4.0 0.0 0.0 6.0 0.0 0.0]; [3.0 3.0 0.0 0.0 3.0 3.0]],mean,sample_mean,5.40871118251644e-10,5.40871118251644e-10,0.0,,,,
0,case1_exact_pattern,24,24,[[0.0 0.0 6.0 0.0 0.0 0.0]; [0.0 4.0 4.0 0.0 0.0 4.0]; [4.0 0.0 0.0 6.0 0.0 0.0]; [3.0 3.0 0.0 0.0 3.0 3.0]],2,node,6.716364369879912e-34,3.474133549645449e-35,0.0,,,,
0,case1_exact_pattern,24,24,[[0.0 0.0 6.0 0.0 0.0 0.0]; [0.0 4.0 4.0 0.0 0.0 4.0]; [4.0 0.0 0.0 6.0 0.0 0.0]; [3.0 3.0 0.0 0.0 3.0 3.0]],3,node,6.716364369879912e-34,2.088997017915158e-33,0.0,,,,
0,case1_exact_pattern,24,24,[[0.0 0.0 6.0 0.0 0.0 0.0]; [0.0 4.0 4.0 0.0 0.0 4.0]; [4.0 0.0 0.0 6.0 0.0 0.0]; [3.0 3.0 0.0 0.0 3.0 3.0]],6,node,6.716364369879912e-34,3.995587834109815e-34,0.0,,,,
0,case1_exact_pattern,24,24,[[0.0 0.0 6.0 0.0 0.0 0.0]; [0.0 4.0 4.0 0.0 0.0 4.0]; [4.0 0.0 0.0 6.0 0.0 0.0]; [3.0 3.0 0.0 0.0 3.0 3.0]],9,node,6.716364369879912e-34,1.6324861112937101e-34,0.0,,,,
0,case1_exact_pattern,24,24,[[0.0 0.0 6.0 0.0 0.0 0.0]; [0.0 4.0 4.0 0.0 0.0 4.0]; [4.0 0.0 0.0 6.0 0.0 0.0]; [3.0 3.0 0.0 0.0 3.0 3.0]],mean,sample_mean,6.716364369879912e-34,6.716364369879912e-34,0.0,,,,
0,case1_exact_pattern,25,25,[[0.0 0.0 4.0 0.0 0.0 0.0]; [0.0 5.0 6.0 0.0 0.0 5.0]; [4.0 0.0 0.0 6.0 0.0 0.0]; [3.0 2.0 0.0 0.0 3.0 2.0]],2,node,3.073537567979969e-09,9.613417172576548e-09,0.0,,,,
0,case1_exact_pattern,25,25,[[0.0 0.0 4.0 0.0 0.0 0.0]; [0.0 5.0 6.0 0.0 0.0 5.0]; [4.0 0.0 0.0 6.0 0.0 0.0]; [3.0 2.0 0.0 0.0 3.0 2.0]],3,node,3.073537567979969e-09,2.6807330993433276e-09,0.0,,,,
0,case1_exact_pattern,25,25,[[0.0 0.0 4.0 0.0 0.0 0.0]; [0.0 5.0 6.0 0.0 0.0 5.0]; [4.0 0.0 0.0 6.0 0.0 0.0]; [3.0 2.0 0.0 0.0 3.0 2.0]],6,node,3.073537567979969e-09,2.64633869061454e-34,0.0,,,,
0,case1_exact_pattern,25,25,[[0.0 0.0 4.0 0.0 0.0 0.0]; [0.0 5.0 6.0 0.0 0.0 5.0]; [4.0 0.0 0.0 6.0 0.0 0.0]; [3.0 2.0 0.0 0.0 3.0 2.0]],9,node,3.073537567979969e-09,1.111077049902462e-34,0.0,,,,
0,case1_exact_pattern,25,25,[[0.0 0.0 4.0 0.0 0.0 0.0]; [0.0 5.0 6.0 0.0 0.0 5.0]; [4.0 0.0 0.0 6.0 0.0 0.0]; [3.0 2.0 0.0 0.0 3.0 2.0]],mean,sample_mean,3.073537567979969e-09,3.073537567979969e-09,0.0,,,,
0,case1_exact_pattern,26,26,[[0.0 0.0 5.0 0.0 0.0 0.0]; [0.0 5.0 5.0 0.0 0.0 5.0]; [4.0 0.0 0.0 6.0 0.0 0.0]; [3.0 2.0 0.0 0.0 3.0 2.0]],2,node,1.21857031744084e-09,2.193548170420028e-09,0.0,,,,
0,case1_exact_pattern,26,26,[[0.0 0.0 5.0 0.0 0.0 0.0]; [0.0 5.0 5.0 0.0 0.0 5.0]; [4.0 0.0 0.0 6.0 0.0 0.0]; [3.0 2.0 0.0 0.0 3.0 2.0]],3,node,1.21857031744084e-09,2.6807330993433318e-09,0.0,,,,
0,case1_exact_pattern,26,26,[[0.0 0.0 5.0 0.0 0.0 0.0]; [0.0 5.0 5.0 0.0 0.0 5.0]; [4.0 0.0 0.0 6.0 0.0 0.0]; [3.0 2.0 0.0 0.0 3.0 2.0]],6,node,1.21857031744084e-09,1.4885079209316872e-34,0.0,,,,
0,case1_exact_pattern,26,26,[[0.0 0.0 5.0 0.0 0.0 0.0]; [0.0 5.0 5.0 0.0 0.0 5.0]; [4.0 0.0 0.0 6.0 0.0 0.0]; [3.0 2.0 0.0 0.0 3.0 2.0]],9,node,1.21857031744084e-09,2.93594977721352e-35,0.0,,,,
0,case1_exact_pattern,26,26,[[0.0 0.0 5.0 0.0 0.0 0.0]; [0.0 5.0 5.0 0.0 0.0 5.0]; [4.0 0.0 0.0 6.0 0.0 0.0]; [3.0 2.0 0.0 0.0 3.0 2.0]],mean,sample_mean,1.21857031744084e-09,1.21857031744084e-09,0.0,,,,
0,case1_exact_pattern,27,27,[[0.0 0.0 6.0 0.0 0.0 0.0]; [0.0 5.0 4.0 0.0 0.0 5.0]; [4.0 0.0 0.0 6.0 0.0 0.0]; [3.0 2.0 0.0 0.0 3.0 2.0]],2,node,9.680425080962022e-10,1.1914369330414773e-09,0.0,,,,
0,case1_exact_pattern,27,27,[[0.0 0.0 6.0 0.0 0.0 0.0]; [0.0 5.0 4.0 0.0 0.0 5.0]; [4.0 0.0 0.0 6.0 0.0 0.0]; [3.0 2.0 0.0 0.0 3.0 2.0]],3,node,9.680425080962022e-10,2.6807330993433318e-09,0.0,,,,
0,case1_exact_pattern,27,27,[[0.0 0.0 6.0 0.0 0.0 0.0]; [0.0 5.0 4.0 0.0 0.0 5.0]; [4.0 0.0 0.0 6.0 0.0 0.0]; [3.0 2.0 0.0 0.0 3.0 2.0]],6,node,9.680425080962022e-10,4.248727559555259e-34,0.0,,,,
0,case1_exact_pattern,27,27,[[0.0 0.0 6.0 0.0 0.0 0.0]; [0.0 5.0 4.0 0.0 0.0 5.0]; [4.0 0.0 0.0 6.0 0.0 0.0]; [3.0 2.0 0.0 0.0 3.0 2.0]],9,node,9.680425080962022e-10,6.007413757025491e-34,0.0,,,,
0,case1_exact_pattern,27,27,[[0.0 0.0 6.0 0.0 0.0 0.0]; [0.0 5.0 4.0 0.0 0.0 5.0]; [4.0 0.0 0.0 6.0 0.0 0.0]; [3.0 2.0 0.0 0.0 3.0 2.0]],mean,sample_mean,9.680425080962022e-10,9.680425080962022e-10,0.0,,,,
0,case1_exact_pattern,28,28,[[0.0 0.0 4.0 0.0 0.0 0.0]; [0.0 6.0 6.0 0.0 0.0 6.0]; [4.0 0.0 0.0 6.0 0.0 0.0]; [3.0 1.0 0.0 0.0 3.0 1.0]],2,node,5.289039224158604e-09,1.370967606512517e-08,0.0,,,,
0,case1_exact_pattern,28,28,[[0.0 0.0 4.0 0.0 0.0 0.0]; [0.0 6.0 6.0 0.0 0.0 6.0]; [4.0 0.0 0.0 6.0 0.0 0.0]; [3.0 1.0 0.0 0.0 3.0 1.0]],3,node,5.289039224158604e-09,7.446480831509246e-09,0.0,,,,
0,case1_exact_pattern,28,28,[[0.0 0.0 4.0 0.0 0.0 0.0]; [0.0 6.0 6.0 0.0 0.0 6.0]; [4.0 0.0 0.0 6.0 0.0 0.0]; [3.0 1.0 0.0 0.0 3.0 1.0]],6,node,5.289039224158604e-09,8.861771033921904e-36,0.0,,,,
0,case1_exact_pattern,28,28,[[0.0 0.0 4.0 0.0 0.0 0.0]; [0.0 6.0 6.0 0.0 0.0 6.0]; [4.0 0.0 0.0 6.0 0.0 0.0]; [3.0 1.0 0.0 0.0 3.0 1.0]],9,node,5.289039224158604e-09,2.671060132413936e-34,0.0,,,,
0,case1_exact_pattern,28,28,[[0.0 0.0 4.0 0.0 0.0 0.0]; [0.0 6.0 6.0 0.0 0.0 6.0]; [4.0 0.0 0.0 6.0 0.0 0.0]; [3.0 1.0 0.0 0.0 3.0 1.0]],mean,sample_mean,5.289039224158604e-09,5.289039224158604e-09,0.0,,,,
0,case1_exact_pattern,29,29,[[0.0 0.0 5.0 0.0 0.0 0.0]; [0.0 6.0 5.0 0.0 0.0 6.0]; [4.0 0.0 0.0 6.0 0.0 0.0]; [3.0 1.0 0.0 0.0 3.0 1.0]],2,node,3.159665949868814e-09,5.192182967966018e-09,0.0,,,,
0,case1_exact_pattern,29,29,[[0.0 0.0 5.0 0.0 0.0 0.0]; [0.0 6.0 5.0 0.0 0.0 6.0]; [4.0 0.0 0.0 6.0 0.0 0.0]; [3.0 1.0 0.0 0.0 3.0 1.0]],3,node,3.159665949868814e-09,7.446480831509239e-09,0.0,,,,
0,case1_exact_pattern,29,29,[[0.0 0.0 5.0 0.0 0.0 0.0]; [0.0 6.0 5.0 0.0 0.0 6.0]; [4.0 0.0 0.0 6.0 0.0 0.0]; [3.0 1.0 0.0 0.0 3.0 1.0]],6,node,3.159665949868814e-09,2.222103256528504e-34,0.0,,,,
0,case1_exact_pattern,29,29,[[0.0 0.0 5.0 0.0 0.0 0.0]; [0.0 6.0 5.0 0.0 0.0 6.0]; [4.0 0.0 0.0 6.0 0.0 0.0]; [3.0 1.0 0.0 0.0 3.0 1.0]],9,node,3.159665949868814e-09,1.548055383622418e-35,0.0,,,,
0,case1_exact_pattern,29,29,[[0.0 0.0 5.0 0.0 0.0 0.0]; [0.0 6.0 5.0 0.0 0.0 6.0]; [4.0 0.0 0.0 6.0 0.0 0.0]; [3.0 1.0 0.0 0.0 3.0 1.0]],mean,sample_mean,3.159665949868814e-09,3.159665949868814e-09,0.0,,,,
0,case1_exact_pattern,30,30,[[0.0 0.0 6.0 0.0 0.0 0.0]; [0.0 6.0 4.0 0.0 0.0 6.0]; [4.0 0.0 0.0 6.0 0.0 0.0]; [3.0 1.0 0.0 0.0 3.0 1.0]],2,node,2.6890069669338966e-09,3.309547036226335e-09,0.0,,,,
0,case1_exact_pattern,30,30,[[0.0 0.0 6.0 0.0 0.0 0.0]; [0.0 6.0 4.0 0.0 0.0 6.0]; [4.0 0.0 0.0 6.0 0.0 0.0]; [3.0 1.0 0.0 0.0 3.0 1.0]],3,node,2.6890069669338966e-09,7.4464808315092505e-09,0.0,,,,
0,case1_exact_pattern,30,30,[[0.0 0.0 6.0 0.0 0.0 0.0]; [0.0 6.0 4.0 0.0 0.0 6.0]; [4.0 0.0 0.0 6.0 0.0 0.0]; [3.0 1.0 0.0 0.0 3.0 1.0]],6,node,2.6890069669338966e-09,2.7343663426649113e-34,0.0,,,,
0,case1_exact_pattern,30,30,[[0.0 0.0 6.0 0.0 0.0 0.0]; [0.0 6.0 4.0 0.0 0.0 6.0]; [4.0 0.0 0.0 6.0 0.0 0.0]; [3.0 1.0 0.0 0.0 3.0 1.0]],9,node,2.6890069669338966e-09,4.160004375847997e-34,0.0,,,,
0,case1_exact_pattern,30,30,[[0.0 0.0 6.0 0.0 0.0 0.0]; [0.0 6.0 4.0 0.0 0.0 6.0]; [4.0 0.0 0.0 6.0 0.0 0.0]; [3.0 1.0 0.0 0.0 3.0 1.0]],mean,sample_mean,2.6890069669338966e-09,2.6890069669338966e-09,0.0,,,,
0,case2_zero_count,1,7,[[0.0 0.0 1.0 0.0 0.0 0.0]; [0.0 6.0 2.0 0.0 0.0 6.0]; [0.0 1.0 0.0 0.0 0.0 1.0]; [7.0 0.0 7.0 6.0 3.0 0.0]],2,node,0.00019862789723797998,7.863694204537507e-05,0.365,,,,
0,case2_zero_count,1,7,[[0.0 0.0 1.0 0.0 0.0 0.0]; [0.0 6.0 2.0 0.0 0.0 6.0]; [0.0 1.0 0.0 0.0 0.0 1.0]; [7.0 0.0 7.0 6.0 3.0 0.0]],3,node,0.00019862789723797998,1.9354421711192596e-05,0.42,,,,
0,case2_zero_count,1,7,[[0.0 0.0 1.0 0.0 0.0 0.0]; [0.0 6.0 2.0 0.0 0.0 6.0]; [0.0 1.0 0.0 0.0 0.0 1.0]; [7.0 0.0 7.0 6.0 3.0 0.0]],6,node,0.00019862789723797998,5.211655152535305e-09,0.0,,,,
0,case2_zero_count,1,7,[[0.0 0.0 1.0 0.0 0.0 0.0]; [0.0 6.0 2.0 0.0 0.0 6.0]; [0.0 1.0 0.0 0.0 0.0 1.0]; [7.0 0.0 7.0 6.0 3.0 0.0]],9,node,0.00019862789723797998,0.0006965150135401997,0.4816666666666667,,,,
0,case2_zero_count,1,7,[[0.0 0.0 1.0 0.0 0.0 0.0]; [0.0 6.0 2.0 0.0 0.0 6.0]; [0.0 1.0 0.0 0.0 0.0 1.0]; [7.0 0.0 7.0 6.0 3.0 0.0]],mean,sample_mean,0.00019862789723797998,0.00019862789723797998,0.31666666666666665,,,,
0,case2_zero_count,2,45,[[0.0 0.0 1.0 0.0 0.0 0.0]; [1.0 0.0 2.0 0.0 1.0 0.0]; [0.0 7.0 0.0 0.0 0.0 7.0]; [6.0 0.0 7.0 6.0 2.0 0.0]],2,node,6.555196610907207e-07,2.4051016670733995e-06,0.21333333333333335,,,,
0,case2_zero_count,2,45,[[0.0 0.0 1.0 0.0 0.0 0.0]; [1.0 0.0 2.0 0.0 1.0 0.0]; [0.0 7.0 0.0 0.0 0.0 7.0]; [6.0 0.0 7.0 6.0 2.0 0.0]],3,node,6.555196610907207e-07,1.2309488721474474e-08,0.0,,,,
0,case2_zero_count,2,45,[[0.0 0.0 1.0 0.0 0.0 0.0]; [1.0 0.0 2.0 0.0 1.0 0.0]; [0.0 7.0 0.0 0.0 0.0 7.0]; [6.0 0.0 7.0 6.0 2.0 0.0]],6,node,6.555196610907207e-07,5.885649588752356e-35,0.0,,,,
0,case2_zero_count,2,45,[[0.0 0.0 1.0 0.0 0.0 0.0]; [1.0 0.0 2.0 0.0 1.0 0.0]; [0.0 7.0 0.0 0.0 0.0 7.0]; [6.0 0.0 7.0 6.0 2.0 0.0]],9,node,6.555196610907207e-07,2.0466748856800895e-07,0.0,,,,
0,case2_zero_count,2,45,[[0.0 0.0 1.0 0.0 0.0 0.0]; [1.0 0.0 2.0 0.0 1.0 0.0]; [0.0 7.0 0.0 0.0 0.0 7.0]; [6.0 0.0 7.0 6.0 2.0 0.0]],mean,sample_mean,6.555196610907207e-07,6.555196610907207e-07,0.05333333333333334,,,,
0,case2_zero_count,3,47,[[0.0 0.0 3.0 0.0 0.0 0.0]; [0.0 7.0 5.0 0.0 0.0 7.0]; [1.0 0.0 0.0 0.0 1.0 0.0]; [6.0 0.0 2.0 6.0 2.0 0.0]],2,node,6.6808725291792e-08,5.025792387768502e-08,0.0,,,,
0,case2_zero_count,3,47,[[0.0 0.0 3.0 0.0 0.0 0.0]; [0.0 7.0 5.0 0.0 0.0 7.0]; [1.0 0.0 0.0 0.0 1.0 0.0]; [6.0 0.0 2.0 6.0 2.0 0.0]],3,node,6.6808725291792e-08,1.2309488721474479e-08,0.0,,,,
0,case2_zero_count,3,47,[[0.0 0.0 3.0 0.0 0.0 0.0]; [0.0 7.0 5.0 0.0 0.0 7.0]; [1.0 0.0 0.0 0.0 1.0 0.0]; [6.0 0.0 2.0 6.0 2.0 0.0]],6,node,6.6808725291792e-08,7.604863909201645e-35,0.0,,,,
0,case2_zero_count,3,47,[[0.0 0.0 3.0 0.0 0.0 0.0]; [0.0 7.0 5.0 0.0 0.0 7.0]; [1.0 0.0 0.0 0.0 1.0 0.0]; [6.0 0.0 2.0 6.0 2.0 0.0]],9,node,6.6808725291792e-08,2.0466748856800855e-07,0.0,,,,
0,case2_zero_count,3,47,[[0.0 0.0 3.0 0.0 0.0 0.0]; [0.0 7.0 5.0 0.0 0.0 7.0]; [1.0 0.0 0.0 0.0 1.0 0.0]; [6.0 0.0 2.0 6.0 2.0 0.0]],mean,sample_mean,6.6808725291792e-08,6.6808725291792e-08,0.0,,,,
0,case2_zero_count,4,72,[[0.0 0.0 2.0 0.0 0.0 0.0]; [0.0 7.0 7.0 0.0 0.0 7.0]; [2.0 0.0 0.0 3.0 0.0 0.0]; [5.0 0.0 1.0 3.0 3.0 0.0]],2,node,7.070779447636974e-08,2.1935481704200237e-07,0.0,,,,
0,case2_zero_count,4,72,[[0.0 0.0 2.0 0.0 0.0 0.0]; [0.0 7.0 7.0 0.0 0.0 7.0]; [2.0 0.0 0.0 3.0 0.0 0.0]; [5.0 0.0 1.0 3.0 3.0 0.0]],3,node,7.070779447636974e-08,1.2309488721474474e-08,0.0,,,,
0,case2_zero_count,4,72,[[0.0 0.0 2.0 0.0 0.0 0.0]; [0.0 7.0 7.0 0.0 0.0 7.0]; [2.0 0.0 0.0 3.0 0.0 0.0]; [5.0 0.0 1.0 3.0 3.0 0.0]],6,node,7.070779447636974e-08,5.11668721420021e-08,0.0,,,,
0,case2_zero_count,4,72,[[0.0 0.0 2.0 0.0 0.0 0.0]; [0.0 7.0 7.0 0.0 0.0 7.0]; [2.0 0.0 0.0 3.0 0.0 0.0]; [5.0 0.0 1.0 3.0 3.0 0.0]],9,node,7.070779447636974e-08,6.802568167708622e-34,0.0,,,,
0,case2_zero_count,4,72,[[0.0 0.0 2.0 0.0 0.0 0.0]; [0.0 7.0 7.0 0.0 0.0 7.0]; [2.0 0.0 0.0 3.0 0.0 0.0]; [5.0 0.0 1.0 3.0 3.0 0.0]],mean,sample_mean,7.070779447636974e-08,7.070779447636974e-08,0.0,,,,
0,case2_zero_count,5,81,[[0.0 0.0 2.0 0.0 0.0 0.0]; [0.0 5.0 3.0 0.0 0.0 5.0]; [0.0 2.0 0.0 0.0 0.0 2.0]; [7.0 0.0 5.0 6.0 3.0 0.0]],2,node,0.00015723747335311822,0.00014907309367798762,0.37,,,,
0,case2_zero_count,5,81,[[0.0 0.0 2.0 0.0 0.0 0.0]; [0.0 5.0 3.0 0.0 0.0 5.0]; [0.0 2.0 0.0 0.0 0.0 2.0]; [7.0 0.0 5.0 6.0 3.0 0.0]],3,node,0.00015723747335311822,6.619359869160716e-05,0.42833333333333334,,,,
0,case2_zero_count,5,81,[[0.0 0.0 2.0 0.0 0.0 0.0]; [0.0 5.0 3.0 0.0 0.0 5.0]; [0.0 2.0 0.0 0.0 0.0 2.0]; [7.0 0.0 5.0 6.0 3.0 0.0]],6,node,0.00015723747335311822,5.211655152535306e-09,0.0,,,,
0,case2_zero_count,5,81,[[0.0 0.0 2.0 0.0 0.0 0.0]; [0.0 5.0 3.0 0.0 0.0 5.0]; [0.0 2.0 0.0 0.0 0.0 2.0]; [7.0 0.0 5.0 6.0 3.0 0.0]],9,node,0.00015723747335311822,0.00041367798938772555,0.48,,,,
0,case2_zero_count,5,81,[[0.0 0.0 2.0 0.0 0.0 0.0]; [0.0 5.0 3.0 0.0 0.0 5.0]; [0.0 2.0 0.0 0.0 0.0 2.0]; [7.0 0.0 5.0 6.0 3.0 0.0]],mean,sample_mean,0.00015723747335311822,0.00015723747335311822,0.31958333333333333,,,,
0,case2_zero_count,6,82,[[0.0 0.0 2.0 0.0 0.0 0.0]; [0.0 5.0 7.0 0.0 0.0 5.0]; [0.0 2.0 0.0 0.0 0.0 2.0]; [7.0 0.0 1.0 6.0 3.0 0.0]],2,node,0.0002127427320589969,0.000534552388917531,0.38,,,,
0,case2_zero_count,6,82,[[0.0 0.0 2.0 0.0 0.0 0.0]; [0.0 5.0 7.0 0.0 0.0 5.0]; [0.0 2.0 0.0 0.0 0.0 2.0]; [7.0 0.0 1.0 6.0 3.0 0.0]],3,node,0.0002127427320589969,4.36486006012576e-05,0.43,,,,
0,case2_zero_count,6,82,[[0.0 0.0 2.0 0.0 0.0 0.0]; [0.0 5.0 7.0 0.0 0.0 5.0]; [0.0 2.0 0.0 0.0 0.0 2.0]; [7.0 0.0 1.0 6.0 3.0 0.0]],6,node,0.0002127427320589969,5.211655152535301e-09,0.0,,,,
0,case2_zero_count,6,82,[[0.0 0.0 2.0 0.0 0.0 0.0]; [0.0 5.0 7.0 0.0 0.0 5.0]; [0.0 2.0 0.0 0.0 0.0 2.0]; [7.0 0.0 1.0 6.0 3.0 0.0]],9,node,0.0002127427320589969,0.00027276472706204647,0.48,,,,
0,case2_zero_count,6,82,[[0.0 0.0 2.0 0.0 0.0 0.0]; [0.0 5.0 7.0 0.0 0.0 5.0]; [0.0 2.0 0.0 0.0 0.0 2.0]; [7.0 0.0 1.0 6.0 3.0 0.0]],mean,sample_mean,0.0002127427320589969,0.0002127427320589969,0.3225,,,,
0,case2_zero_count,7,95,[[0.0 0.0 4.0 0.0 0.0 0.0]; [0.0 7.0 4.0 0.0 0.0 7.0]; [1.0 0.0 0.0 0.0 1.0 0.0]; [6.0 0.0 2.0 6.0 2.0 0.0]],2,node,5.960247454266422e-08,2.1432920881173548e-08,0.0,,,,
0,case2_zero_count,7,95,[[0.0 0.0 4.0 0.0 0.0 0.0]; [0.0 7.0 4.0 0.0 0.0 7.0]; [1.0 0.0 0.0 0.0 1.0 0.0]; [6.0 0.0 2.0 6.0 2.0 0.0]],3,node,5.960247454266422e-08,1.2309488721474487e-08,0.0,,,,
0,case2_zero_count,7,95,[[0.0 0.0 4.0 0.0 0.0 0.0]; [0.0 7.0 4.0 0.0 0.0 7.0]; [1.0 0.0 0.0 0.0 1.0 0.0]; [6.0 0.0 2.0 6.0 2.0 0.0]],6,node,5.960247454266422e-08,2.769612005422026e-34,0.0,,,,
0,case2_zero_count,7,95,[[0.0 0.0 4.0 0.0 0.0 0.0]; [0.0 7.0 4.0 0.0 0.0 7.0]; [1.0 0.0 0.0 0.0 1.0 0.0]; [6.0 0.0 2.0 6.0 2.0 0.0]],9,node,5.960247454266422e-08,2.0466748856800887e-07,0.0,,,,
0,case2_zero_count,7,95,[[0.0 0.0 4.0 0.0 0.0 0.0]; [0.0 7.0 4.0 0.0 0.0 7.0]; [1.0 0.0 0.0 0.0 1.0 0.0]; [6.0 0.0 2.0 6.0 2.0 0.0]],mean,sample_mean,5.960247454266422e-08,5.960247454266422e-08,0.0,,,,
0,case2_zero_count,8,100,[[0.0 0.0 2.0 0.0 0.0 0.0]; [1.0 0.0 2.0 0.0 1.0 0.0]; [0.0 7.0 0.0 0.0 0.0 7.0]; [6.0 0.0 6.0 6.0 2.0 0.0]],2,node,1.8786725279207807e-07,5.344920338788291e-07,0.16,,,,
0,case2_zero_count,8,100,[[0.0 0.0 2.0 0.0 0.0 0.0]; [1.0 0.0 2.0 0.0 1.0 0.0]; [0.0 7.0 0.0 0.0 0.0 7.0]; [6.0 0.0 6.0 6.0 2.0 0.0]],3,node,1.8786725279207807e-07,1.2309488721474444e-08,0.0,,,,
0,case2_zero_count,8,100,[[0.0 0.0 2.0 0.0 0.0 0.0]; [1.0 0.0 2.0 0.0 1.0 0.0]; [0.0 7.0 0.0 0.0 0.0 7.0]; [6.0 0.0 6.0 6.0 2.0 0.0]],6,node,1.8786725279207807e-07,5.515246770529333e-35,0.0,,,,
0,case2_zero_count,8,100,[[0.0 0.0 2.0 0.0 0.0 0.0]; [1.0 0.0 2.0 0.0 1.0 0.0]; [0.0 7.0 0.0 0.0 0.0 7.0]; [6.0 0.0 6.0 6.0 2.0 0.0]],9,node,1.8786725279207807e-07,2.046674885680087e-07,0.0,,,,
0,case2_zero_count,8,100,[[0.0 0.0 2.0 0.0 0.0 0.0]; [1.0 0.0 2.0 0.0 1.0 0.0]; [0.0 7.0 0.0 0.0 0.0 7.0]; [6.0 0.0 6.0 6.0 2.0 0.0]],mean,sample_mean,1.8786725279207807e-07,1.8786725279207807e-07,0.04,,,,
0,case2_zero_count,9,105,[[0.0 0.0 4.0 0.0 0.0 0.0]; [0.0 6.0 5.0 0.0 0.0 6.0]; [0.0 1.0 0.0 0.0 0.0 1.0]; [7.0 0.0 1.0 6.0 3.0 0.0]],2,node,0.00016808739755616725,2.726367240079507e-05,0.36,,,,
0,case2_zero_count,9,105,[[0.0 0.0 4.0 0.0 0.0 0.0]; [0.0 6.0 5.0 0.0 0.0 6.0]; [0.0 1.0 0.0 0.0 0.0 1.0]; [7.0 0.0 1.0 6.0 3.0 0.0]],3,node,0.00016808739755616725,0.0006276260595702607,0.4216666666666667,,,,
0,case2_zero_count,9,105,[[0.0 0.0 4.0 0.0 0.0 0.0]; [0.0 6.0 5.0 0.0 0.0 6.0]; [0.0 1.0 0.0 0.0 0.0 1.0]; [7.0 0.0 1.0 6.0 3.0 0.0]],6,node,0.00016808739755616725,5.2116551525353e-09,0.0,,,,
0,case2_zero_count,9,105,[[0.0 0.0 4.0 0.0 0.0 0.0]; [0.0 6.0 5.0 0.0 0.0 6.0]; [0.0 1.0 0.0 0.0 0.0 1.0]; [7.0 0.0 1.0 6.0 3.0 0.0]],9,node,0.00016808739755616725,1.7454646598460676e-05,0.4766666666666667,,,,
0,case2_zero_count,9,105,[[0.0 0.0 4.0 0.0 0.0 0.0]; [0.0 6.0 5.0 0.0 0.0 6.0]; [0.0 1.0 0.0 0.0 0.0 1.0]; [7.0 0.0 1.0 6.0 3.0 0.0]],mean,sample_mean,0.00016808739755616725,0.00016808739755616725,0.3145833333333333,,,,
0,case2_zero_count,10,128,[[0.0 0.0 3.0 0.0 0.0 0.0]; [2.0 0.0 7.0 3.0 0.0 0.0]; [2.0 0.0 0.0 3.0 0.0 0.0]; [3.0 7.0 0.0 0.0 3.0 7.0]],2,node,0.00012136382326665825,6.520971427131319e-05,0.39166666666666666,,,,
0,case2_zero_count,10,128,[[0.0 0.0 3.0 0.0 0.0 0.0]; [2.0 0.0 7.0 3.0 0.0 0.0]; [2.0 0.0 0.0 3.0 0.0 0.0]; [3.0 7.0 0.0 0.0 3.0 7.0]],3,node,0.00012136382326665825,0.00035500860486282885,0.4216666666666667,,,,
0,case2_zero_count,10,128,[[0.0 0.0 3.0 0.0 0.0 0.0]; [2.0 0.0 7.0 3.0 0.0 0.0]; [2.0 0.0 0.0 3.0 0.0 0.0]; [3.0 7.0 0.0 0.0 3.0 7.0]],6,node,0.00012136382326665825,6.522058160114964e-05,0.38,,,,
0,case2_zero_count,10,128,[[0.0 0.0 3.0 0.0 0.0 0.0]; [2.0 0.0 7.0 3.0 0.0 0.0]; [2.0 0.0 0.0 3.0 0.0 0.0]; [3.0 7.0 0.0 0.0 3.0 7.0]],9,node,0.00012136382326665825,1.639233134131475e-08,0.3883333333333333,,,,
0,case2_zero_count,10,128,[[0.0 0.0 3.0 0.0 0.0 0.0]; [2.0 0.0 7.0 3.0 0.0 0.0]; [2.0 0.0 0.0 3.0 0.0 0.0]; [3.0 7.0 0.0 0.0 3.0 7.0]],mean,sample_mean,0.00012136382326665825,0.00012136382326665825,0.39541666666666664,,,,
0,case2_zero_count,11,160,[[0.0 0.0 5.0 0.0 0.0 0.0]; [4.0 0.0 5.0 6.0 0.0 0.0]; [1.0 0.0 0.0 0.0 1.0 0.0]; [2.0 7.0 0.0 0.0 2.0 7.0]],2,node,3.436465533301534e-08,3.761499059121307e-08,0.185,,,,
0,case2_zero_count,11,160,[[0.0 0.0 5.0 0.0 0.0 0.0]; [4.0 0.0 5.0 6.0 0.0 0.0]; [1.0 0.0 0.0 0.0 1.0 0.0]; [2.0 7.0 0.0 0.0 2.0 7.0]],3,node,3.436465533301534e-08,1.2309488721474464e-08,0.0,,,,
0,case2_zero_count,11,160,[[0.0 0.0 5.0 0.0 0.0 0.0]; [4.0 0.0 5.0 6.0 0.0 0.0]; [1.0 0.0 0.0 0.0 1.0 0.0]; [2.0 7.0 0.0 0.0 2.0 7.0]],6,node,3.436465533301534e-08,1.5891988086014468e-34,0.0,,,,
0,case2_zero_count,11,160,[[0.0 0.0 5.0 0.0 0.0 0.0]; [4.0 0.0 5.0 6.0 0.0 0.0]; [1.0 0.0 0.0 0.0 1.0 0.0]; [2.0 7.0 0.0 0.0 2.0 7.0]],9,node,3.436465533301534e-08,8.753414201937385e-08,0.0,,,,
0,case2_zero_count,11,160,[[0.0 0.0 5.0 0.0 0.0 0.0]; [4.0 0.0 5.0 6.0 0.0 0.0]; [1.0 0.0 0.0 0.0 1.0 0.0]; [2.0 7.0 0.0 0.0 2.0 7.0]],mean,sample_mean,3.436465533301534e-08,3.436465533301534e-08,0.04625,,,,
0,case2_zero_count,12,164,[[0.0 0.0 3.0 0.0 0.0 0.0]; [1.0 0.0 2.0 0.0 1.0 0.0]; [0.0 7.0 0.0 0.0 0.0 7.0]; [6.0 0.0 5.0 6.0 2.0 0.0]],2,node,1.0834248650388215e-07,2.163929687260453e-07,0.16,,,,
0,case2_zero_count,12,164,[[0.0 0.0 3.0 0.0 0.0 0.0]; [1.0 0.0 2.0 0.0 1.0 0.0]; [0.0 7.0 0.0 0.0 0.0 7.0]; [6.0 0.0 5.0 6.0 2.0 0.0]],3,node,1.0834248650388215e-07,1.2309488721474459e-08,0.0,,,,
0,case2_zero_count,12,164,[[0.0 0.0 3.0 0.0 0.0 0.0]; [1.0 0.0 2.0 0.0 1.0 0.0]; [0.0 7.0 0.0 0.0 0.0 7.0]; [6.0 0.0 5.0 6.0 2.0 0.0]],6,node,1.0834248650388215e-07,2.6504643714193825e-35,0.0,,,,
0,case2_zero_count,12,164,[[0.0 0.0 3.0 0.0 0.0 0.0]; [1.0 0.0 2.0 0.0 1.0 0.0]; [0.0 7.0 0.0 0.0 0.0 7.0]; [6.0 0.0 5.0 6.0 2.0 0.0]],9,node,1.0834248650388215e-07,2.0466748856800882e-07,0.0,,,,
0,case2_zero_count,12,164,[[0.0 0.0 3.0 0.0 0.0 0.0]; [1.0 0.0 2.0 0.0 1.0 0.0]; [0.0 7.0 0.0 0.0 0.0 7.0]; [6.0 0.0 5.0 6.0 2.0 0.0]],mean,sample_mean,1.0834248650388215e-07,1.0834248650388215e-07,0.04,,,,
0,case2_zero_count,13,197,[[0.0 0.0 4.0 0.0 0.0 0.0]; [0.0 5.0 1.0 0.0 0.0 5.0]; [0.0 2.0 0.0 0.0 0.0 2.0]; [7.0 0.0 5.0 6.0 3.0 0.0]],2,node,6.951007242015561e-05,2.425667944432552e-06,0.33,,,,
0,case2_zero_count,13,197,[[0.0 0.0 4.0 0.0 0.0 0.0]; [0.0 5.0 1.0 0.0 0.0 5.0]; [0.0 2.0 0.0 0.0 0.0 2.0]; [7.0 0.0 5.0 6.0 3.0 0.0]],3,node,6.951007242015561e-05,0.00023757802249533923,0.4216666666666667,,,,
0,case2_zero_count,13,197,[[0.0 0.0 4.0 0.0 0.0 0.0]; [0.0 5.0 1.0 0.0 0.0 5.0]; [0.0 2.0 0.0 0.0 0.0 2.0]; [7.0 0.0 5.0 6.0 3.0 0.0]],6,node,6.951007242015561e-05,5.2116551525353035e-09,0.0,,,,
0,case2_zero_count,13,197,[[0.0 0.0 4.0 0.0 0.0 0.0]; [0.0 5.0 1.0 0.0 0.0 5.0]; [0.0 2.0 0.0 0.0 0.0 2.0]; [7.0 0.0 5.0 6.0 3.0 0.0]],9,node,6.951007242015561e-05,3.803138758569815e-05,0.48,,,,
0,case2_zero_count,13,197,[[0.0 0.0 4.0 0.0 0.0 0.0]; [0.0 5.0 1.0 0.0 0.0 5.0]; [0.0 2.0 0.0 0.0 0.0 2.0]; [7.0 0.0 5.0 6.0 3.0 0.0]],mean,sample_mean,6.951007242015561e-05,6.951007242015561e-05,0.30791666666666667,,,,
0,case2_zero_count,14,221,[[0.0 0.0 3.0 0.0 0.0 0.0]; [0.0 4.0 6.0 0.0 0.0 4.0]; [0.0 3.0 0.0 0.0 0.0 3.0]; [7.0 0.0 1.0 6.0 3.0 0.0]],2,node,0.0001332952694840679,0.00031464252844407237,0.38,,,,
0,case2_zero_count,14,221,[[0.0 0.0 3.0 0.0 0.0 0.0]; [0.0 4.0 6.0 0.0 0.0 4.0]; [0.0 3.0 0.0 0.0 0.0 3.0]; [7.0 0.0 1.0 6.0 3.0 0.0]],3,node,0.0001332952694840679,7.867200162133686e-05,0.43333333333333335,,,,
0,case2_zero_count,14,221,[[0.0 0.0 3.0 0.0 0.0 0.0]; [0.0 4.0 6.0 0.0 0.0 4.0]; [0.0 3.0 0.0 0.0 0.0 3.0]; [7.0 0.0 1.0 6.0 3.0 0.0]],6,node,0.0001332952694840679,5.211655152535306e-09,0.0,,,,
0,case2_zero_count,14,221,[[0.0 0.0 3.0 0.0 0.0 0.0]; [0.0 4.0 6.0 0.0 0.0 4.0]; [0.0 3.0 0.0 0.0 0.0 3.0]; [7.0 0.0 1.0 6.0 3.0 0.0]],9,node,0.0001332952694840679,0.00013986133621570973,0.48,,,,
0,case2_zero_count,14,221,[[0.0 0.0 3.0 0.0 0.0 0.0]; [0.0 4.0 6.0 0.0 0.0 4.0]; [0.0 3.0 0.0 0.0 0.0 3.0]; [7.0 0.0 1.0 6.0 3.0 0.0]],mean,sample_mean,0.0001332952694840679,0.0001332952694840679,0.32333333333333336,,,,
0,case2_zero_count,15,234,[[0.0 0.0 1.0 0.0 0.0 0.0]; [1.0 0.0 5.0 0.0 1.0 0.0]; [0.0 7.0 0.0 0.0 0.0 7.0]; [6.0 0.0 4.0 6.0 2.0 0.0]],2,node,2.391440618173877e-06,9.348785495406025e-06,0.3433333333333333,,,,
0,case2_zero_count,15,234,[[0.0 0.0 1.0 0.0 0.0 0.0]; [1.0 0.0 5.0 0.0 1.0 0.0]; [0.0 7.0 0.0 0.0 0.0 7.0]; [6.0 0.0 4.0 6.0 2.0 0.0]],3,node,2.391440618173877e-06,1.2309488721474449e-08,0.0,,,,
0,case2_zero_count,15,234,[[0.0 0.0 1.0 0.0 0.0 0.0]; [1.0 0.0 5.0 0.0 1.0 0.0]; [0.0 7.0 0.0 0.0 0.0 7.0]; [6.0 0.0 4.0 6.0 2.0 0.0]],6,node,2.391440618173877e-06,4.073857741736965e-34,0.0,,,,
0,case2_zero_count,15,234,[[0.0 0.0 1.0 0.0 0.0 0.0]; [1.0 0.0 5.0 0.0 1.0 0.0]; [0.0 7.0 0.0 0.0 0.0 7.0]; [6.0 0.0 4.0 6.0 2.0 0.0]],9,node,2.391440618173877e-06,2.046674885680092e-07,0.0,,,,
0,case2_zero_count,15,234,[[0.0 0.0 1.0 0.0 0.0 0.0]; [1.0 0.0 5.0 0.0 1.0 0.0]; [0.0 7.0 0.0 0.0 0.0 7.0]; [6.0 0.0 4.0 6.0 2.0 0.0]],mean,sample_mean,2.391440618173877e-06,2.391440618173877e-06,0.08583333333333333,,,,
0,case2_zero_count,16,271,[[0.0 0.0 5.0 0.0 0.0 0.0]; [0.0 7.0 1.0 0.0 0.0 7.0]; [2.0 0.0 0.0 3.0 0.0 0.0]; [5.0 0.0 4.0 3.0 3.0 0.0]],2,node,2.661909015172363e-08,4.2999999743417926e-08,0.16,,,,
0,case2_zero_count,16,271,[[0.0 0.0 5.0 0.0 0.0 0.0]; [0.0 7.0 1.0 0.0 0.0 7.0]; [2.0 0.0 0.0 3.0 0.0 0.0]; [5.0 0.0 4.0 3.0 3.0 0.0]],3,node,2.661909015172363e-08,1.2309488721474479e-08,0.0,,,,
0,case2_zero_count,16,271,[[0.0 0.0 5.0 0.0 0.0 0.0]; [0.0 7.0 1.0 0.0 0.0 7.0]; [2.0 0.0 0.0 3.0 0.0 0.0]; [5.0 0.0 4.0 3.0 3.0 0.0]],6,node,2.661909015172363e-08,5.116687214200211e-08,0.0,,,,
0,case2_zero_count,16,271,[[0.0 0.0 5.0 0.0 0.0 0.0]; [0.0 7.0 1.0 0.0 0.0 7.0]; [2.0 0.0 0.0 3.0 0.0 0.0]; [5.0 0.0 4.0 3.0 3.0 0.0]],9,node,2.661909015172363e-08,2.9932025282103454e-35,0.0,,,,
0,case2_zero_count,16,271,[[0.0 0.0 5.0 0.0 0.0 0.0]; [0.0 7.0 1.0 0.0 0.0 7.0]; [2.0 0.0 0.0 3.0 0.0 0.0]; [5.0 0.0 4.0 3.0 3.0 0.0]],mean,sample_mean,2.661909015172363e-08,2.661909015172363e-08,0.04,,,,
0,case2_zero_count,17,285,[[0.0 0.0 4.0 0.0 0.0 0.0]; [0.0 5.0 6.0 0.0 0.0 5.0]; [3.0 0.0 0.0 0.0 3.0 0.0]; [4.0 2.0 0.0 6.0 0.0 2.0]],2,node,1.409995184654656e-08,3.993743047662781e-08,0.0,,,,
0,case2_zero_count,17,285,[[0.0 0.0 4.0 0.0 0.0 0.0]; [0.0 5.0 6.0 0.0 0.0 5.0]; [3.0 0.0 0.0 0.0 3.0 0.0]; [4.0 2.0 0.0 6.0 0.0 2.0]],3,node,1.409995184654656e-08,1.646237690955843e-08,0.165,,,,
0,case2_zero_count,17,285,[[0.0 0.0 4.0 0.0 0.0 0.0]; [0.0 5.0 6.0 0.0 0.0 5.0]; [3.0 0.0 0.0 0.0 3.0 0.0]; [4.0 2.0 0.0 6.0 0.0 2.0]],6,node,1.409995184654656e-08,7.044660260820132e-35,0.0,,,,
0,case2_zero_count,17,285,[[0.0 0.0 4.0 0.0 0.0 0.0]; [0.0 5.0 6.0 0.0 0.0 5.0]; [3.0 0.0 0.0 0.0 3.0 0.0]; [4.0 2.0 0.0 6.0 0.0 2.0]],9,node,1.409995184654656e-08,1.4511778150410023e-36,0.0,,,,
0,case2_zero_count,17,285,[[0.0 0.0 4.0 0.0 0.0 0.0]; [0.0 5.0 6.0 0.0 0.0 5.0]; [3.0 0.0 0.0 0.0 3.0 0.0]; [4.0 2.0 0.0 6.0 0.0 2.0]],mean,sample_mean,1.409995184654656e-08,1.409995184654656e-08,0.04125,,,,
0,case2_zero_count,18,297,[[0.0 0.0 4.0 0.0 0.0 0.0]; [0.0 4.0 4.0 0.0 0.0 4.0]; [0.0 3.0 0.0 0.0 0.0 3.0]; [7.0 0.0 2.0 6.0 3.0 0.0]],2,node,7.809379805624068e-05,8.269030998230118e-05,0.38,,,,
0,case2_zero_count,18,297,[[0.0 0.0 4.0 0.0 0.0 0.0]; [0.0 4.0 4.0 0.0 0.0 4.0]; [0.0 3.0 0.0 0.0 0.0 3.0]; [7.0 0.0 2.0 6.0 3.0 0.0]],3,node,7.809379805624068e-05,8.268468141150342e-05,0.43166666666666664,,,,
0,case2_zero_count,18,297,[[0.0 0.0 4.0 0.0 0.0 0.0]; [0.0 4.0 4.0 0.0 0.0 4.0]; [0.0 3.0 0.0 0.0 0.0 3.0]; [7.0 0.0 2.0 6.0 3.0 0.0]],6,node,7.809379805624068e-05,5.211655152535302e-09,0.0,,,,
0,case2_zero_count,18,297,[[0.0 0.0 4.0 0.0 0.0 0.0]; [0.0 4.0 4.0 0.0 0.0 4.0]; [0.0 3.0 0.0 0.0 0.0 3.0]; [7.0 0.0 2.0 6.0 3.0 0.0]],9,node,7.809379805624068e-05,0.00014699498917600563,0.48,,,,
0,case2_zero_count,18,297,[[0.0 0.0 4.0 0.0 0.0 0.0]; [0.0 4.0 4.0 0.0 0.0 4.0]; [0.0 3.0 0.0 0.0 0.0 3.0]; [7.0 0.0 2.0 6.0 3.0 0.0]],mean,sample_mean,7.809379805624068e-05,7.809379805624068e-05,0.32291666666666663,,,,
0,case2_zero_count,19,301,[[0.0 0.0 7.0 0.0 0.0 0.0]; [2.0 0.0 3.0 3.0 0.0 0.0]; [2.0 0.0 0.0 3.0 0.0 0.0]; [3.0 7.0 0.0 0.0 3.0 7.0]],2,node,1.3974586011801598e-05,2.559842566635622e-05,0.39,,,,
0,case2_zero_count,19,301,[[0.0 0.0 7.0 0.0 0.0 0.0]; [2.0 0.0 3.0 3.0 0.0 0.0]; [2.0 0.0 0.0 3.0 0.0 0.0]; [3.0 7.0 0.0 0.0 3.0 7.0]],3,node,1.3974586011801598e-05,4.71789573061365e-06,0.405,,,,
0,case2_zero_count,19,301,[[0.0 0.0 7.0 0.0 0.0 0.0]; [2.0 0.0 3.0 3.0 0.0 0.0]; [2.0 0.0 0.0 3.0 0.0 0.0]; [3.0 7.0 0.0 0.0 3.0 7.0]],6,node,1.3974586011801598e-05,2.556563031889521e-05,0.38,,,,
0,case2_zero_count,19,301,[[0.0 0.0 7.0 0.0 0.0 0.0]; [2.0 0.0 3.0 3.0 0.0 0.0]; [2.0 0.0 0.0 3.0 0.0 0.0]; [3.0 7.0 0.0 0.0 3.0 7.0]],9,node,1.3974586011801598e-05,1.639233134131475e-08,0.3883333333333333,,,,
0,case2_zero_count,19,301,[[0.0 0.0 7.0 0.0 0.0 0.0]; [2.0 0.0 3.0 3.0 0.0 0.0]; [2.0 0.0 0.0 3.0 0.0 0.0]; [3.0 7.0 0.0 0.0 3.0 7.0]],mean,sample_mean,1.3974586011801598e-05,1.3974586011801598e-05,0.39083333333333337,,,,
0,case2_zero_count,20,345,[[0.0 0.0 6.0 0.0 0.0 0.0]; [4.0 0.0 4.0 6.0 0.0 0.0]; [2.0 0.0 0.0 0.0 2.0 0.0]; [1.0 7.0 0.0 0.0 1.0 7.0]],2,node,9.806026069632518e-09,2.1443731680844795e-08,0.185,,,,
0,case2_zero_count,20,345,[[0.0 0.0 6.0 0.0 0.0 0.0]; [4.0 0.0 4.0 6.0 0.0 0.0]; [2.0 0.0 0.0 0.0 2.0 0.0]; [1.0 7.0 0.0 0.0 1.0 7.0]],3,node,9.806026069632518e-09,1.2309488721474421e-08,0.0,,,,
0,case2_zero_count,20,345,[[0.0 0.0 6.0 0.0 0.0 0.0]; [4.0 0.0 4.0 6.0 0.0 0.0]; [2.0 0.0 0.0 0.0 2.0 0.0]; [1.0 7.0 0.0 0.0 1.0 7.0]],6,node,9.806026069632518e-09,5.3704742484301866e-36,0.0,,,,
0,case2_zero_count,20,345,[[0.0 0.0 6.0 0.0 0.0 0.0]; [4.0 0.0 4.0 6.0 0.0 0.0]; [2.0 0.0 0.0 0.0 2.0 0.0]; [1.0 7.0 0.0 0.0 1.0 7.0]],9,node,9.806026069632518e-09,5.470883876210857e-09,0.0,,,,
0,case2_zero_count,20,345,[[0.0 0.0 6.0 0.0 0.0 0.0]; [4.0 0.0 4.0 6.0 0.0 0.0]; [2.0 0.0 0.0 0.0 2.0 0.0]; [1.0 7.0 0.0 0.0 1.0 7.0]],mean,sample_mean,9.806026069632518e-09,9.806026069632518e-09,0.04625,,,,
0,case2_zero_count,21,349,[[0.0 0.0 4.0 0.0 0.0 0.0]; [2.0 0.0 2.0 0.0 2.0 0.0]; [0.0 7.0 0.0 0.0 0.0 7.0]; [5.0 0.0 4.0 6.0 1.0 0.0]],2,node,2.2668122167385007e-08,6.557128191256504e-08,0.09166666666666666,,,,
0,case2_zero_count,21,349,[[0.0 0.0 4.0 0.0 0.0 0.0]; [2.0 0.0 2.0 0.0 2.0 0.0]; [0.0 7.0 0.0 0.0 0.0 7.0]; [5.0 0.0 4.0 6.0 1.0 0.0]],3,node,2.2668122167385007e-08,1.2309488721474464e-08,0.0,,,,
0,case2_zero_count,21,349,[[0.0 0.0 4.0 0.0 0.0 0.0]; [2.0 0.0 2.0 0.0 2.0 0.0]; [0.0 7.0 0.0 0.0 0.0 7.0]; [5.0 0.0 4.0 6.0 1.0 0.0]],6,node,2.2668122167385007e-08,1.5747843659544216e-35,0.0,,,,
0,case2_zero_count,21,349,[[0.0 0.0 4.0 0.0 0.0 0.0]; [2.0 0.0 2.0 0.0 2.0 0.0]; [0.0 7.0 0.0 0.0 0.0 7.0]; [5.0 0.0 4.0 6.0 1.0 0.0]],9,node,2.2668122167385007e-08,1.2791718035500528e-08,0.0,,,,
0,case2_zero_count,21,349,[[0.0 0.0 4.0 0.0 0.0 0.0]; [2.0 0.0 2.0 0.0 2.0 0.0]; [0.0 7.0 0.0 0.0 0.0 7.0]; [5.0 0.0 4.0 6.0 1.0 0.0]],mean,sample_mean,2.2668122167385007e-08,2.2668122167385007e-08,0.022916666666666665,,,,
0,case2_zero_count,22,353,[[0.0 0.0 6.0 0.0 0.0 0.0]; [0.0 7.0 3.0 0.0 0.0 7.0]; [2.0 0.0 0.0 3.0 0.0 0.0]; [5.0 0.0 1.0 3.0 3.0 0.0]],2,node,1.8300594160851784e-08,9.726015779930442e-09,0.0,,,,
0,case2_zero_count,22,353,[[0.0 0.0 6.0 0.0 0.0 0.0]; [0.0 7.0 3.0 0.0 0.0 7.0]; [2.0 0.0 0.0 3.0 0.0 0.0]; [5.0 0.0 1.0 3.0 3.0 0.0]],3,node,1.8300594160851784e-08,1.230948872147448e-08,0.0,,,,
0,case2_zero_count,22,353,[[0.0 0.0 6.0 0.0 0.0 0.0]; [0.0 7.0 3.0 0.0 0.0 7.0]; [2.0 0.0 0.0 3.0 0.0 0.0]; [5.0 0.0 1.0 3.0 3.0 0.0]],6,node,1.8300594160851784e-08,5.116687214200222e-08,0.0,,,,
0,case2_zero_count,22,353,[[0.0 0.0 6.0 0.0 0.0 0.0]; [0.0 7.0 3.0 0.0 0.0 7.0]; [2.0 0.0 0.0 3.0 0.0 0.0]; [5.0 0.0 1.0 3.0 3.0 0.0]],9,node,1.8300594160851784e-08,8.030069584993338e-37,0.0,,,,
0,case2_zero_count,22,353,[[0.0 0.0 6.0 0.0 0.0 0.0]; [0.0 7.0 3.0 0.0 0.0 7.0]; [2.0 0.0 0.0 3.0 0.0 0.0]; [5.0 0.0 1.0 3.0 3.0 0.0]],mean,sample_mean,1.8300594160851784e-08,1.8300594160851784e-08,0.0,,,,
0,case2_zero_count,23,368,[[0.0 0.0 5.0 0.0 0.0 0.0]; [0.0 6.0 5.0 0.0 0.0 6.0]; [3.0 0.0 0.0 0.0 3.0 0.0]; [4.0 1.0 0.0 6.0 0.0 1.0]],2,node,5.79398689836195e-09,1.0422786794456025e-08,0.0,,,,
0,case2_zero_count,23,368,[[0.0 0.0 5.0 0.0 0.0 0.0]; [0.0 6.0 5.0 0.0 0.0 6.0]; [3.0 0.0 0.0 0.0 3.0 0.0]; [4.0 1.0 0.0 6.0 0.0 1.0]],3,node,5.79398689836195e-09,1.2753160798991774e-08,0.0,,,,
0,case2_zero_count,23,368,[[0.0 0.0 5.0 0.0 0.0 0.0]; [0.0 6.0 5.0 0.0 0.0 6.0]; [3.0 0.0 0.0 0.0 3.0 0.0]; [4.0 1.0 0.0 6.0 0.0 1.0]],6,node,5.79398689836195e-09,2.228786428280569e-34,0.0,,,,
0,case2_zero_count,23,368,[[0.0 0.0 5.0 0.0 0.0 0.0]; [0.0 6.0 5.0 0.0 0.0 6.0]; [3.0 0.0 0.0 0.0 3.0 0.0]; [4.0 1.0 0.0 6.0 0.0 1.0]],9,node,5.79398689836195e-09,9.739567677568054e-35,0.0,,,,
0,case2_zero_count,23,368,[[0.0 0.0 5.0 0.0 0.0 0.0]; [0.0 6.0 5.0 0.0 0.0 6.0]; [3.0 0.0 0.0 0.0 3.0 0.0]; [4.0 1.0 0.0 6.0 0.0 1.0]],mean,sample_mean,5.79398689836195e-09,5.79398689836195e-09,0.0,,,,
0,case2_zero_count,24,371,[[0.0 0.0 5.0 0.0 0.0 0.0]; [2.0 0.0 5.0 3.0 0.0 0.0]; [3.0 0.0 0.0 0.0 3.0 0.0]; [2.0 7.0 0.0 3.0 0.0 7.0]],2,node,4.450151565908686e-08,1.3261005389299004e-07,0.26166666666666666,,,,
0,case2_zero_count,24,371,[[0.0 0.0 5.0 0.0 0.0 0.0]; [2.0 0.0 5.0 3.0 0.0 0.0]; [3.0 0.0 0.0 0.0 3.0 0.0]; [2.0 7.0 0.0 3.0 0.0 7.0]],3,node,4.450151565908686e-08,1.2309488721474507e-08,0.0,,,,
0,case2_zero_count,24,371,[[0.0 0.0 5.0 0.0 0.0 0.0]; [2.0 0.0 5.0 3.0 0.0 0.0]; [3.0 0.0 0.0 0.0 3.0 0.0]; [2.0 7.0 0.0 3.0 0.0 7.0]],6,node,4.450151565908686e-08,3.3086520021882894e-08,0.0,,,,
0,case2_zero_count,24,371,[[0.0 0.0 5.0 0.0 0.0 0.0]; [2.0 0.0 5.0 3.0 0.0 0.0]; [3.0 0.0 0.0 0.0 3.0 0.0]; [2.0 7.0 0.0 3.0 0.0 7.0]],9,node,4.450151565908686e-08,4.356669874170437e-34,0.0,,,,
0,case2_zero_count,24,371,[[0.0 0.0 5.0 0.0 0.0 0.0]; [2.0 0.0 5.0 3.0 0.0 0.0]; [3.0 0.0 0.0 0.0 3.0 0.0]; [2.0 7.0 0.0 3.0 0.0 7.0]],mean,sample_mean,4.450151565908686e-08,4.450151565908686e-08,0.06541666666666666,,,,
0,case2_zero_count,25,388,[[0.0 0.0 4.0 0.0 0.0 0.0]; [0.0 1.0 6.0 0.0 0.0 1.0]; [4.0 0.0 0.0 6.0 0.0 0.0]; [3.0 6.0 0.0 0.0 3.0 6.0]],2,node,4.871436309741392e-07,5.483870426050061e-08,0.3433333333333333,,,,
0,case2_zero_count,25,388,[[0.0 0.0 4.0 0.0 0.0 0.0]; [0.0 1.0 6.0 0.0 0.0 1.0]; [4.0 0.0 0.0 6.0 0.0 0.0]; [3.0 6.0 0.0 0.0 3.0 6.0]],3,node,4.871436309741392e-07,6.031649473522477e-07,0.0,,,,
0,case2_zero_count,25,388,[[0.0 0.0 4.0 0.0 0.0 0.0]; [0.0 1.0 6.0 0.0 0.0 1.0]; [4.0 0.0 0.0 6.0 0.0 0.0]; [3.0 6.0 0.0 0.0 3.0 6.0]],6,node,4.871436309741392e-07,1.7105184992414125e-34,0.0,,,,
0,case2_zero_count,25,388,[[0.0 0.0 4.0 0.0 0.0 0.0]; [0.0 1.0 6.0 0.0 0.0 1.0]; [4.0 0.0 0.0 6.0 0.0 0.0]; [3.0 6.0 0.0 0.0 3.0 6.0]],9,node,4.871436309741392e-07,1.2905708722838087e-06,0.3883333333333333,,,,
0,case2_zero_count,25,388,[[0.0 0.0 4.0 0.0 0.0 0.0]; [0.0 1.0 6.0 0.0 0.0 1.0]; [4.0 0.0 0.0 6.0 0.0 0.0]; [3.0 6.0 0.0 0.0 3.0 6.0]],mean,sample_mean,4.871436309741392e-07,4.871436309741392e-07,0.18291666666666667,,,,
0,case2_zero_count,26,390,[[0.0 0.0 4.0 0.0 0.0 0.0]; [2.0 0.0 6.0 0.0 2.0 0.0]; [4.0 0.0 0.0 6.0 0.0 0.0]; [1.0 7.0 0.0 0.0 1.0 7.0]],2,node,5.4167307806113295e-08,1.9888885862676787e-07,0.16,,,,
0,case2_zero_count,26,390,[[0.0 0.0 4.0 0.0 0.0 0.0]; [2.0 0.0 6.0 0.0 2.0 0.0]; [4.0 0.0 0.0 6.0 0.0 0.0]; [1.0 7.0 0.0 0.0 1.0 7.0]],3,node,5.4167307806113295e-08,1.2309488721474464e-08,0.0,,,,
0,case2_zero_count,26,390,[[0.0 0.0 4.0 0.0 0.0 0.0]; [2.0 0.0 6.0 0.0 2.0 0.0]; [4.0 0.0 0.0 6.0 0.0 0.0]; [1.0 7.0 0.0 0.0 1.0 7.0]],6,node,5.4167307806113295e-08,8.159837890542933e-35,0.0,,,,
0,case2_zero_count,26,390,[[0.0 0.0 4.0 0.0 0.0 0.0]; [2.0 0.0 6.0 0.0 2.0 0.0]; [4.0 0.0 0.0 6.0 0.0 0.0]; [1.0 7.0 0.0 0.0 1.0 7.0]],9,node,5.4167307806113295e-08,5.470883876210858e-09,0.0,,,,
0,case2_zero_count,26,390,[[0.0 0.0 4.0 0.0 0.0 0.0]; [2.0 0.0 6.0 0.0 2.0 0.0]; [4.0 0.0 0.0 6.0 0.0 0.0]; [1.0 7.0 0.0 0.0 1.0 7.0]],mean,sample_mean,5.4167307806113295e-08,5.4167307806113295e-08,0.04,,,,
0,case2_zero_count,27,433,[[0.0 0.0 6.0 0.0 0.0 0.0]; [0.0 1.0 2.0 0.0 0.0 1.0]; [0.0 6.0 0.0 0.0 0.0 6.0]; [7.0 0.0 2.0 6.0 3.0 0.0]],2,node,3.6433649795684445e-05,1.4222686249813893e-05,0.38,,,,
0,case2_zero_count,27,433,[[0.0 0.0 6.0 0.0 0.0 0.0]; [0.0 1.0 2.0 0.0 0.0 1.0]; [0.0 6.0 0.0 0.0 0.0 6.0]; [7.0 0.0 2.0 6.0 3.0 0.0]],3,node,3.6433649795684445e-05,0.0001279332199535357,0.4216666666666667,,,,
0,case2_zero_count,27,433,[[0.0 0.0 6.0 0.0 0.0 0.0]; [0.0 1.0 2.0 0.0 0.0 1.0]; [0.0 6.0 0.0 0.0 0.0 6.0]; [7.0 0.0 2.0 6.0 3.0 0.0]],6,node,3.6433649795684445e-05,5.211655152535302e-09,0.0,,,,
0,case2_zero_count,27,433,[[0.0 0.0 6.0 0.0 0.0 0.0]; [0.0 1.0 2.0 0.0 0.0 1.0]; [0.0 6.0 0.0 0.0 0.0 6.0]; [7.0 0.0 2.0 6.0 3.0 0.0]],9,node,3.6433649795684445e-05,3.57348132423566e-06,0.46,,,,
0,case2_zero_count,27,433,[[0.0 0.0 6.0 0.0 0.0 0.0]; [0.0 1.0 2.0 0.0 0.0 1.0]; [0.0 6.0 0.0 0.0 0.0 6.0]; [7.0 0.0 2.0 6.0 3.0 0.0]],mean,sample_mean,3.6433649795684445e-05,3.6433649795684445e-05,0.3154166666666667,,,,
0,case2_zero_count,28,471,[[0.0 0.0 5.0 0.0 0.0 0.0]; [0.0 4.0 5.0 0.0 0.0 4.0]; [4.0 0.0 0.0 6.0 0.0 0.0]; [3.0 3.0 0.0 0.0 3.0 3.0]],2,node,5.40871118251644e-10,2.163484473006576e-09,0.0,,,,
0,case2_zero_count,28,471,[[0.0 0.0 5.0 0.0 0.0 0.0]; [0.0 4.0 5.0 0.0 0.0 4.0]; [4.0 0.0 0.0 6.0 0.0 0.0]; [3.0 3.0 0.0 0.0 3.0 3.0]],3,node,5.40871118251644e-10,1.4879740929315428e-35,0.0,,,,
0,case2_zero_count,28,471,[[0.0 0.0 5.0 0.0 0.0 0.0]; [0.0 4.0 5.0 0.0 0.0 4.0]; [4.0 0.0 0.0 6.0 0.0 0.0]; [3.0 3.0 0.0 0.0 3.0 3.0]],6,node,5.40871118251644e-10,1.6668005362171095e-35,0.0,,,,
0,case2_zero_count,28,471,[[0.0 0.0 5.0 0.0 0.0 0.0]; [0.0 4.0 5.0 0.0 0.0 4.0]; [4.0 0.0 0.0 6.0 0.0 0.0]; [3.0 3.0 0.0 0.0 3.0 3.0]],9,node,5.40871118251644e-10,3.069683832331501e-34,0.0,,,,
0,case2_zero_count,28,471,[[0.0 0.0 5.0 0.0 0.0 0.0]; [0.0 4.0 5.0 0.0 0.0 4.0]; [4.0 0.0 0.0 6.0 0.0 0.0]; [3.0 3.0 0.0 0.0 3.0 3.0]],mean,sample_mean,5.40871118251644e-10,5.40871118251644e-10,0.0,,,,
0,case2_zero_count,29,550,[[0.0 0.0 7.0 0.0 0.0 0.0]; [0.0 3.0 3.0 0.0 0.0 3.0]; [4.0 0.0 0.0 6.0 0.0 0.0]; [3.0 4.0 0.0 0.0 3.0 4.0]],2,node,2.1414095153288427e-09,1.119157229806135e-09,0.0,,,,
0,case2_zero_count,29,550,[[0.0 0.0 7.0 0.0 0.0 0.0]; [0.0 3.0 3.0 0.0 0.0 3.0]; [4.0 0.0 0.0 6.0 0.0 0.0]; [3.0 4.0 0.0 0.0 3.0 4.0]],3,node,2.1414095153288427e-09,7.446480831509236e-09,0.0,,,,
0,case2_zero_count,29,550,[[0.0 0.0 7.0 0.0 0.0 0.0]; [0.0 3.0 3.0 0.0 0.0 3.0]; [4.0 0.0 0.0 6.0 0.0 0.0]; [3.0 4.0 0.0 0.0 3.0 4.0]],6,node,2.1414095153288427e-09,1.2185224102738893e-35,0.0,,,,
0,case2_zero_count,29,550,[[0.0 0.0 7.0 0.0 0.0 0.0]; [0.0 3.0 3.0 0.0 0.0 3.0]; [4.0 0.0 0.0 6.0 0.0 0.0]; [3.0 4.0 0.0 0.0 3.0 4.0]],9,node,2.1414095153288427e-09,1.6296240712262634e-34,0.0,,,,
0,case2_zero_count,29,550,[[0.0 0.0 7.0 0.0 0.0 0.0]; [0.0 3.0 3.0 0.0 0.0 3.0]; [4.0 0.0 0.0 6.0 0.0 0.0]; [3.0 4.0 0.0 0.0 3.0 4.0]],mean,sample_mean,2.1414095153288427e-09,2.1414095153288427e-09,0.0,,,,
0,case2_zero_count,30,566,[[0.0 0.0 7.0 0.0 0.0 0.0]; [3.0 0.0 3.0 0.0 3.0 0.0]; [0.0 5.0 0.0 0.0 0.0 5.0]; [4.0 2.0 0.0 6.0 0.0 2.0]],2,node,8.48320782086999e-09,1.7470454373921523e-08,0.16,,,,
0,case2_zero_count,30,566,[[0.0 0.0 7.0 0.0 0.0 0.0]; [3.0 0.0 3.0 0.0 3.0 0.0]; [0.0 5.0 0.0 0.0 0.0 5.0]; [4.0 2.0 0.0 6.0 0.0 2.0]],3,node,8.48320782086999e-09,1.646237690955843e-08,0.165,,,,
0,case2_zero_count,30,566,[[0.0 0.0 7.0 0.0 0.0 0.0]; [3.0 0.0 3.0 0.0 3.0 0.0]; [0.0 5.0 0.0 0.0 0.0 5.0]; [4.0 2.0 0.0 6.0 0.0 2.0]],6,node,8.48320782086999e-09,3.2640883038444665e-34,0.0,,,,
0,case2_zero_count,30,566,[[0.0 0.0 7.0 0.0 0.0 0.0]; [3.0 0.0 3.0 0.0 3.0 0.0]; [0.0 5.0 0.0 0.0 0.0 5.0]; [4.0 2.0 0.0 6.0 0.0 2.0]],9,node,8.48320782086999e-09,5.481429453901142e-34,0.0,,,,
0,case2_zero_count,30,566,[[0.0 0.0 7.0 0.0 0.0 0.0]; [3.0 0.0 3.0 0.0 3.0 0.0]; [0.0 5.0 0.0 0.0 0.0 5.0]; [4.0 2.0 0.0 6.0 0.0 2.0]],mean,sample_mean,8.48320782086999e-09,8.48320782086999e-09,0.08125,,,,
0,case3_no_structure,1,149742,[[1.0 0.0 2.0 0.0 1.0 0.0]; [1.0 1.0 3.0 0.0 1.0 1.0]; [2.0 1.0 3.0 3.0 0.0 1.0]; [3.0 5.0 2.0 3.0 1.0 5.0]],2,node,5.775666551116677e-07,9.173430055758422e-08,0.315,,,,
0,case3_no_structure,1,149742,[[1.0 0.0 2.0 0.0 1.0 0.0]; [1.0 1.0 3.0 0.0 1.0 1.0]; [2.0 1.0 3.0 3.0 0.0 1.0]; [3.0 5.0 2.0 3.0 1.0 5.0]],3,node,5.775666551116677e-07,9.913665463818415e-07,0.23333333333333334,,,,
0,case3_no_structure,1,149742,[[1.0 0.0 2.0 0.0 1.0 0.0]; [1.0 1.0 3.0 0.0 1.0 1.0]; [2.0 1.0 3.0 3.0 0.0 1.0]; [3.0 5.0 2.0 3.0 1.0 5.0]],6,node,5.775666551116677e-07,7.454033768788579e-08,0.36833333333333335,,,,
0,case3_no_structure,1,149742,[[1.0 0.0 2.0 0.0 1.0 0.0]; [1.0 1.0 3.0 0.0 1.0 1.0]; [2.0 1.0 3.0 3.0 0.0 1.0]; [3.0 5.0 2.0 3.0 1.0 5.0]],9,node,5.775666551116677e-07,1.1526254358193596e-06,0.22333333333333333,,,,
0,case3_no_structure,1,149742,[[1.0 0.0 2.0 0.0 1.0 0.0]; [1.0 1.0 3.0 0.0 1.0 1.0]; [2.0 1.0 3.0 3.0 0.0 1.0]; [3.0 5.0 2.0 3.0 1.0 5.0]],mean,sample_mean,5.775666551116677e-07,5.775666551116677e-07,0.28500000000000003,,,,
0,case3_no_structure,2,211816,[[0.0 0.0 0.0 0.0 0.0 0.0]; [2.0 4.0 2.0 3.0 0.0 4.0]; [1.0 1.0 6.0 0.0 1.0 1.0]; [4.0 2.0 2.0 3.0 2.0 2.0]],2,node,0.00016594517886185553,1.6152372362295143e-08,0.09166666666666666,,,,
0,case3_no_structure,2,211816,[[0.0 0.0 0.0 0.0 0.0 0.0]; [2.0 4.0 2.0 3.0 0.0 4.0]; [1.0 1.0 6.0 0.0 1.0 1.0]; [4.0 2.0 2.0 3.0 2.0 2.0]],3,node,0.00016594517886185553,2.768931506546388e-09,0.0,,,,
0,case3_no_structure,2,211816,[[0.0 0.0 0.0 0.0 0.0 0.0]; [2.0 4.0 2.0 3.0 0.0 4.0]; [1.0 1.0 6.0 0.0 1.0 1.0]; [4.0 2.0 2.0 3.0 2.0 2.0]],6,node,0.00016594517886185553,3.2629564920026754e-08,0.07666666666666666,,,,
0,case3_no_structure,2,211816,[[0.0 0.0 0.0 0.0 0.0 0.0]; [2.0 4.0 2.0 3.0 0.0 4.0]; [1.0 1.0 6.0 0.0 1.0 1.0]; [4.0 2.0 2.0 3.0 2.0 2.0]],9,node,0.00016594517886185553,0.0006637291645786333,0.48,,,,
0,case3_no_structure,2,211816,[[0.0 0.0 0.0 0.0 0.0 0.0]; [2.0 4.0 2.0 3.0 0.0 4.0]; [1.0 1.0 6.0 0.0 1.0 1.0]; [4.0 2.0 2.0 3.0 2.0 2.0]],mean,sample_mean,0.00016594517886185553,0.00016594517886185553,0.16208333333333333,,,,
0,case3_no_structure,3,341111,[[0.0 1.0 1.0 0.0 0.0 1.0]; [2.0 0.0 6.0 0.0 2.0 0.0]; [0.0 5.0 0.0 0.0 0.0 5.0]; [5.0 1.0 3.0 6.0 1.0 1.0]],2,node,9.989815086829772e-07,1.0145768185295543e-07,0.3433333333333333,,,,
0,case3_no_structure,3,341111,[[0.0 1.0 1.0 0.0 0.0 1.0]; [2.0 0.0 6.0 0.0 2.0 0.0]; [0.0 5.0 0.0 0.0 0.0 5.0]; [5.0 1.0 3.0 6.0 1.0 1.0]],3,node,9.989815086829772e-07,3.7972168592708143e-06,0.3883333333333333,,,,
0,case3_no_structure,3,341111,[[0.0 1.0 1.0 0.0 0.0 1.0]; [2.0 0.0 6.0 0.0 2.0 0.0]; [0.0 5.0 0.0 0.0 0.0 5.0]; [5.0 1.0 3.0 6.0 1.0 1.0]],6,node,9.989815086829772e-07,1.2267591331784172e-34,0.0,,,,
0,case3_no_structure,3,341111,[[0.0 1.0 1.0 0.0 0.0 1.0]; [2.0 0.0 6.0 0.0 2.0 0.0]; [0.0 5.0 0.0 0.0 0.0 5.0]; [5.0 1.0 3.0 6.0 1.0 1.0]],9,node,9.989815086829772e-07,9.725149360813885e-08,0.0,,,,
0,case3_no_structure,3,341111,[[0.0 1.0 1.0 0.0 0.0 1.0]; [2.0 0.0 6.0 0.0 2.0 0.0]; [0.0 5.0 0.0 0.0 0.0 5.0]; [5.0 1.0 3.0 6.0 1.0 1.0]],mean,sample_mean,9.989815086829772e-07,9.989815086829772e-07,0.18291666666666667,,,,
0,case3_no_structure,4,342680,[[1.0 0.0 0.0 0.0 1.0 0.0]; [2.0 0.0 7.0 3.0 0.0 0.0]; [1.0 0.0 3.0 0.0 1.0 0.0]; [3.0 7.0 0.0 3.0 1.0 7.0]],2,node,3.548627470512564e-07,1.0487858338070669e-07,0.315,,,,
0,case3_no_structure,4,342680,[[1.0 0.0 0.0 0.0 1.0 0.0]; [2.0 0.0 7.0 3.0 0.0 0.0]; [1.0 0.0 3.0 0.0 1.0 0.0]; [3.0 7.0 0.0 3.0 1.0 7.0]],3,node,3.548627470512564e-07,5.703222486934833e-07,0.25666666666666665,,,,
0,case3_no_structure,4,342680,[[1.0 0.0 0.0 0.0 1.0 0.0]; [2.0 0.0 7.0 3.0 0.0 0.0]; [1.0 0.0 3.0 0.0 1.0 0.0]; [3.0 7.0 0.0 3.0 1.0 7.0]],6,node,3.548627470512564e-07,7.223666206259922e-07,0.07666666666666666,,,,
0,case3_no_structure,4,342680,[[1.0 0.0 0.0 0.0 1.0 0.0]; [2.0 0.0 7.0 3.0 0.0 0.0]; [1.0 0.0 3.0 0.0 1.0 0.0]; [3.0 7.0 0.0 3.0 1.0 7.0]],9,node,3.548627470512564e-07,2.1883535504843472e-08,0.3883333333333333,,,,
0,case3_no_structure,4,342680,[[1.0 0.0 0.0 0.0 1.0 0.0]; [2.0 0.0 7.0 3.0 0.0 0.0]; [1.0 0.0 3.0 0.0 1.0 0.0]; [3.0 7.0 0.0 3.0 1.0 7.0]],mean,sample_mean,3.548627470512564e-07,3.548627470512564e-07,0.25916666666666666,,,,
0,case3_no_structure,5,358904,[[0.0 1.0 4.0 0.0 0.0 1.0]; [3.0 0.0 2.0 3.0 1.0 0.0]; [1.0 0.0 2.0 0.0 1.0 0.0]; [3.0 6.0 2.0 3.0 1.0 6.0]],2,node,9.818913852479203e-08,1.1461296350816807e-07,0.16,,,,
0,case3_no_structure,5,358904,[[0.0 1.0 4.0 0.0 0.0 1.0]; [3.0 0.0 2.0 3.0 1.0 0.0]; [1.0 0.0 2.0 0.0 1.0 0.0]; [3.0 6.0 2.0 3.0 1.0 6.0]],3,node,9.818913852479203e-08,2.8653240877041997e-08,0.3883333333333333,,,,
0,case3_no_structure,5,358904,[[0.0 1.0 4.0 0.0 0.0 1.0]; [3.0 0.0 2.0 3.0 1.0 0.0]; [1.0 0.0 2.0 0.0 1.0 0.0]; [3.0 6.0 2.0 3.0 1.0 6.0]],6,node,9.818913852479203e-08,4.482286114594922e-08,0.0,,,,
0,case3_no_structure,5,358904,[[0.0 1.0 4.0 0.0 0.0 1.0]; [3.0 0.0 2.0 3.0 1.0 0.0]; [1.0 0.0 2.0 0.0 1.0 0.0]; [3.0 6.0 2.0 3.0 1.0 6.0]],9,node,9.818913852479203e-08,2.0466748856800882e-07,0.0,,,,
0,case3_no_structure,5,358904,[[0.0 1.0 4.0 0.0 0.0 1.0]; [3.0 0.0 2.0 3.0 1.0 0.0]; [1.0 0.0 2.0 0.0 1.0 0.0]; [3.0 6.0 2.0 3.0 1.0 6.0]],mean,sample_mean,9.818913852479203e-08,9.818913852479203e-08,0.13708333333333333,,,,
0,case3_no_structure,6,439369,[[2.0 1.0 1.0 3.0 0.0 1.0]; [2.0 2.0 2.0 3.0 0.0 2.0]; [0.0 3.0 4.0 0.0 0.0 3.0]; [3.0 1.0 3.0 0.0 3.0 1.0]],2,node,8.584901646610243e-06,1.6612512617054337e-05,0.0,,,,
0,case3_no_structure,6,439369,[[2.0 1.0 1.0 3.0 0.0 1.0]; [2.0 2.0 2.0 3.0 0.0 2.0]; [0.0 3.0 4.0 0.0 0.0 3.0]; [3.0 1.0 3.0 0.0 3.0 1.0]],3,node,8.584901646610243e-06,1.6345921613480884e-06,0.365,,,,
0,case3_no_structure,6,439369,[[2.0 1.0 1.0 3.0 0.0 1.0]; [2.0 2.0 2.0 3.0 0.0 2.0]; [0.0 3.0 4.0 0.0 0.0 3.0]; [3.0 1.0 3.0 0.0 3.0 1.0]],6,node,8.584901646610243e-06,5.116687214200197e-08,0.36833333333333335,,,,
0,case3_no_structure,6,439369,[[2.0 1.0 1.0 3.0 0.0 1.0]; [2.0 2.0 2.0 3.0 0.0 2.0]; [0.0 3.0 4.0 0.0 0.0 3.0]; [3.0 1.0 3.0 0.0 3.0 1.0]],9,node,8.584901646610243e-06,1.6041334935896544e-05,0.3433333333333333,,,,
0,case3_no_structure,6,439369,[[2.0 1.0 1.0 3.0 0.0 1.0]; [2.0 2.0 2.0 3.0 0.0 2.0]; [0.0 3.0 4.0 0.0 0.0 3.0]; [3.0 1.0 3.0 0.0 3.0 1.0]],mean,sample_mean,8.584901646610243e-06,8.584901646610243e-06,0.26916666666666667,,,,
0,case3_no_structure,7,460567,[[2.0 0.0 1.0 3.0 0.0 0.0]; [0.0 6.0 1.0 0.0 0.0 6.0]; [1.0 0.0 2.0 0.0 1.0 0.0]; [4.0 1.0 6.0 3.0 2.0 1.0]],2,node,6.197096817897093e-06,3.47761567252377e-06,0.21333333333333335,,,,
0,case3_no_structure,7,460567,[[2.0 0.0 1.0 3.0 0.0 0.0]; [0.0 6.0 1.0 0.0 0.0 6.0]; [1.0 0.0 2.0 0.0 1.0 0.0]; [4.0 1.0 6.0 3.0 2.0 1.0]],3,node,6.197096817897093e-06,1.7504777455197656e-07,0.3883333333333333,,,,
0,case3_no_structure,7,460567,[[2.0 0.0 1.0 3.0 0.0 0.0]; [0.0 6.0 1.0 0.0 0.0 6.0]; [1.0 0.0 2.0 0.0 1.0 0.0]; [4.0 1.0 6.0 3.0 2.0 1.0]],6,node,6.197096817897093e-06,3.851071250845501e-06,0.23833333333333334,,,,
0,case3_no_structure,7,460567,[[2.0 0.0 1.0 3.0 0.0 0.0]; [0.0 6.0 1.0 0.0 0.0 6.0]; [1.0 0.0 2.0 0.0 1.0 0.0]; [4.0 1.0 6.0 3.0 2.0 1.0]],9,node,6.197096817897093e-06,1.7284652573667124e-05,0.13,,,,
0,case3_no_structure,7,460567,[[2.0 0.0 1.0 3.0 0.0 0.0]; [0.0 6.0 1.0 0.0 0.0 6.0]; [1.0 0.0 2.0 0.0 1.0 0.0]; [4.0 1.0 6.0 3.0 2.0 1.0]],mean,sample_mean,6.197096817897093e-06,6.197096817897093e-06,0.24250000000000002,,,,
0,case3_no_structure,8,488198,[[0.0 0.0 0.0 0.0 0.0 0.0]; [2.0 2.0 7.0 3.0 0.0 2.0]; [1.0 4.0 0.0 0.0 1.0 4.0]; [4.0 1.0 3.0 3.0 2.0 1.0]],2,node,0.00016594570941276486,2.7077068154452216e-08,0.09166666666666666,,,,
0,case3_no_structure,8,488198,[[0.0 0.0 0.0 0.0 0.0 0.0]; [2.0 2.0 7.0 3.0 0.0 2.0]; [1.0 4.0 0.0 0.0 1.0 4.0]; [4.0 1.0 3.0 3.0 2.0 1.0]],3,node,0.00016594570941276486,0.0006636975492617999,0.4216666666666667,,,,
0,case3_no_structure,8,488198,[[0.0 0.0 0.0 0.0 0.0 0.0]; [2.0 2.0 7.0 3.0 0.0 2.0]; [1.0 4.0 0.0 0.0 1.0 4.0]; [4.0 1.0 3.0 3.0 2.0 1.0]],6,node,0.00016594570941276486,3.43131225865164e-08,0.07666666666666666,,,,
0,case3_no_structure,8,488198,[[0.0 0.0 0.0 0.0 0.0 0.0]; [2.0 2.0 7.0 3.0 0.0 2.0]; [1.0 4.0 0.0 0.0 1.0 4.0]; [4.0 1.0 3.0 3.0 2.0 1.0]],9,node,0.00016594570941276486,2.3898198518545438e-08,0.22333333333333333,,,,
0,case3_no_structure,8,488198,[[0.0 0.0 0.0 0.0 0.0 0.0]; [2.0 2.0 7.0 3.0 0.0 2.0]; [1.0 4.0 0.0 0.0 1.0 4.0]; [4.0 1.0 3.0 3.0 2.0 1.0]],mean,sample_mean,0.00016594570941276486,0.00016594570941276486,0.2033333333333333,,,,
0,case3_no_structure,9,513406,[[2.0 3.0 0.0 3.0 0.0 3.0]; [0.0 0.0 6.0 0.0 0.0 0.0]; [3.0 1.0 2.0 3.0 1.0 1.0]; [2.0 3.0 2.0 0.0 2.0 3.0]],2,node,3.1613954316044496e-08,3.6287461996995694e-08,0.16,,,,
0,case3_no_structure,9,513406,[[2.0 3.0 0.0 3.0 0.0 3.0]; [0.0 0.0 6.0 0.0 0.0 0.0]; [3.0 1.0 2.0 3.0 1.0 1.0]; [2.0 3.0 2.0 0.0 2.0 3.0]],3,node,3.1613954316044496e-08,8.399171892631852e-09,0.0,,,,
0,case3_no_structure,9,513406,[[2.0 3.0 0.0 3.0 0.0 3.0]; [0.0 0.0 6.0 0.0 0.0 0.0]; [3.0 1.0 2.0 3.0 1.0 1.0]; [2.0 3.0 2.0 0.0 2.0 3.0]],6,node,3.1613954316044496e-08,5.6548420994938644e-08,0.0,,,,
0,case3_no_structure,9,513406,[[2.0 3.0 0.0 3.0 0.0 3.0]; [0.0 0.0 6.0 0.0 0.0 0.0]; [3.0 1.0 2.0 3.0 1.0 1.0]; [2.0 3.0 2.0 0.0 2.0 3.0]],9,node,3.1613954316044496e-08,2.52207623796118e-08,0.22333333333333333,,,,
0,case3_no_structure,9,513406,[[2.0 3.0 0.0 3.0 0.0 3.0]; [0.0 0.0 6.0 0.0 0.0 0.0]; [3.0 1.0 2.0 3.0 1.0 1.0]; [2.0 3.0 2.0 0.0 2.0 3.0]],mean,sample_mean,3.1613954316044496e-08,3.1613954316044496e-08,0.09583333333333333,,,,
0,case3_no_structure,10,559894,[[2.0 0.0 3.0 0.0 2.0 0.0]; [0.0 5.0 1.0 0.0 0.0 5.0]; [0.0 0.0 1.0 0.0 0.0 0.0]; [5.0 2.0 5.0 6.0 1.0 2.0]],2,node,4.800258998604696e-07,1.8908495044968197e-06,0.145,,,,
0,case3_no_structure,10,559894,[[2.0 0.0 3.0 0.0 2.0 0.0]; [0.0 5.0 1.0 0.0 0.0 5.0]; [0.0 0.0 1.0 0.0 0.0 0.0]; [5.0 2.0 5.0 6.0 1.0 2.0]],3,node,4.800258998604696e-07,1.6462376909558464e-08,0.165,,,,
0,case3_no_structure,10,559894,[[2.0 0.0 3.0 0.0 2.0 0.0]; [0.0 5.0 1.0 0.0 0.0 5.0]; [0.0 0.0 1.0 0.0 0.0 0.0]; [5.0 2.0 5.0 6.0 1.0 2.0]],6,node,4.800258998604696e-07,1.2906882348222277e-34,0.0,,,,
0,case3_no_structure,10,559894,[[2.0 0.0 3.0 0.0 2.0 0.0]; [0.0 5.0 1.0 0.0 0.0 5.0]; [0.0 0.0 1.0 0.0 0.0 0.0]; [5.0 2.0 5.0 6.0 1.0 2.0]],9,node,4.800258998604696e-07,1.2791718035500533e-08,0.0,,,,
0,case3_no_structure,10,559894,[[2.0 0.0 3.0 0.0 2.0 0.0]; [0.0 5.0 1.0 0.0 0.0 5.0]; [0.0 0.0 1.0 0.0 0.0 0.0]; [5.0 2.0 5.0 6.0 1.0 2.0]],mean,sample_mean,4.800258998604696e-07,4.800258998604696e-07,0.0775,,,,
0,case3_no_structure,11,566122,[[4.0 0.0 0.0 6.0 0.0 0.0]; [0.0 3.0 4.0 0.0 0.0 3.0]; [1.0 2.0 2.0 0.0 1.0 2.0]; [2.0 2.0 4.0 0.0 2.0 2.0]],2,node,2.6400209775957787e-07,6.00838573286041e-08,0.0,,,,
0,case3_no_structure,11,566122,[[4.0 0.0 0.0 6.0 0.0 0.0]; [0.0 3.0 4.0 0.0 0.0 3.0]; [1.0 2.0 2.0 0.0 1.0 2.0]; [2.0 2.0 4.0 0.0 2.0 2.0]],3,node,2.6400209775957787e-07,1.2338708458612515e-07,0.205,,,,
0,case3_no_structure,11,566122,[[4.0 0.0 0.0 6.0 0.0 0.0]; [0.0 3.0 4.0 0.0 0.0 3.0]; [1.0 2.0 2.0 0.0 1.0 2.0]; [2.0 2.0 4.0 0.0 2.0 2.0]],6,node,2.6400209775957787e-07,7.091379333889301e-35,0.0,,,,
0,case3_no_structure,11,566122,[[4.0 0.0 0.0 6.0 0.0 0.0]; [0.0 3.0 4.0 0.0 0.0 3.0]; [1.0 2.0 2.0 0.0 1.0 2.0]; [2.0 2.0 4.0 0.0 2.0 2.0]],9,node,2.6400209775957787e-07,8.725374491235822e-07,0.3433333333333333,,,,
0,case3_no_structure,11,566122,[[4.0 0.0 0.0 6.0 0.0 0.0]; [0.0 3.0 4.0 0.0 0.0 3.0]; [1.0 2.0 2.0 0.0 1.0 2.0]; [2.0 2.0 4.0 0.0 2.0 2.0]],mean,sample_mean,2.6400209775957787e-07,2.6400209775957787e-07,0.13708333333333333,,,,
0,case3_no_structure,12,582953,[[2.0 2.0 0.0 3.0 0.0 2.0]; [2.0 2.0 3.0 0.0 2.0 2.0]; [3.0 2.0 1.0 3.0 1.0 2.0]; [0.0 1.0 6.0 0.0 0.0 1.0]],2,node,3.1552968553300055e-07,2.980569014793493e-08,0.16,,,,
0,case3_no_structure,12,582953,[[2.0 2.0 0.0 3.0 0.0 2.0]; [2.0 2.0 3.0 0.0 2.0 2.0]; [3.0 2.0 1.0 3.0 1.0 2.0]; [0.0 1.0 6.0 0.0 0.0 1.0]],3,node,3.1552968553300055e-07,3.6066050004807e-07,0.0,,,,
0,case3_no_structure,12,582953,[[2.0 2.0 0.0 3.0 0.0 2.0]; [2.0 2.0 3.0 0.0 2.0 2.0]; [3.0 2.0 1.0 3.0 1.0 2.0]; [0.0 1.0 6.0 0.0 0.0 1.0]],6,node,3.1552968553300055e-07,6.543481101362578e-07,0.0,,,,
0,case3_no_structure,12,582953,[[2.0 2.0 0.0 3.0 0.0 2.0]; [2.0 2.0 3.0 0.0 2.0 2.0]; [3.0 2.0 1.0 3.0 1.0 2.0]; [0.0 1.0 6.0 0.0 0.0 1.0]],9,node,3.1552968553300055e-07,2.173044417997394e-07,0.22333333333333333,,,,
0,case3_no_structure,12,582953,[[2.0 2.0 0.0 3.0 0.0 2.0]; [2.0 2.0 3.0 0.0 2.0 2.0]; [3.0 2.0 1.0 3.0 1.0 2.0]; [0.0 1.0 6.0 0.0 0.0 1.0]],mean,sample_mean,3.1552968553300055e-07,3.1552968553300055e-07,0.09583333333333333,,,,
0,case3_no_structure,13,745057,[[0.0 1.0 1.0 0.0 0.0 1.0]; [5.0 3.0 2.0 6.0 1.0 3.0]; [1.0 0.0 3.0 0.0 1.0 0.0]; [1.0 3.0 4.0 0.0 1.0 3.0]],2,node,2.825366648679536e-06,4.0583072741182326e-07,0.0,,,,
0,case3_no_structure,13,745057,[[0.0 1.0 1.0 0.0 0.0 1.0]; [5.0 3.0 2.0 6.0 1.0 3.0]; [1.0 0.0 3.0 0.0 1.0 0.0]; [1.0 3.0 4.0 0.0 1.0 3.0]],3,node,2.825366648679536e-06,9.791492925710352e-06,0.3883333333333333,,,,
0,case3_no_structure,13,745057,[[0.0 1.0 1.0 0.0 0.0 1.0]; [5.0 3.0 2.0 6.0 1.0 3.0]; [1.0 0.0 3.0 0.0 1.0 0.0]; [1.0 3.0 4.0 0.0 1.0 3.0]],6,node,2.825366648679536e-06,5.610179088393026e-34,0.0,,,,
0,case3_no_structure,13,745057,[[0.0 1.0 1.0 0.0 0.0 1.0]; [5.0 3.0 2.0 6.0 1.0 3.0]; [1.0 0.0 3.0 0.0 1.0 0.0]; [1.0 3.0 4.0 0.0 1.0 3.0]],9,node,2.825366648679536e-06,1.1041429415959683e-06,0.0,,,,
0,case3_no_structure,13,745057,[[0.0 1.0 1.0 0.0 0.0 1.0]; [5.0 3.0 2.0 6.0 1.0 3.0]; [1.0 0.0 3.0 0.0 1.0 0.0]; [1.0 3.0 4.0 0.0 1.0 3.0]],mean,sample_mean,2.825366648679536e-06,2.825366648679536e-06,0.09708333333333333,,,,
0,case3_no_structure,14,765109,[[4.0 1.0 1.0 3.0 2.0 1.0]; [3.0 3.0 0.0 3.0 1.0 3.0]; [0.0 3.0 2.0 0.0 0.0 3.0]; [0.0 0.0 7.0 0.0 0.0 0.0]],2,node,3.1202380898985605e-07,8.466617497484476e-08,0.145,,,,
0,case3_no_structure,14,765109,[[4.0 1.0 1.0 3.0 2.0 1.0]; [3.0 3.0 0.0 3.0 1.0 3.0]; [0.0 3.0 2.0 0.0 0.0 3.0]; [0.0 0.0 7.0 0.0 0.0 0.0]],3,node,3.1202380898985605e-07,4.982597231385506e-07,0.31,,,,
0,case3_no_structure,14,765109,[[4.0 1.0 1.0 3.0 2.0 1.0]; [3.0 3.0 0.0 3.0 1.0 3.0]; [0.0 3.0 2.0 0.0 0.0 3.0]; [0.0 0.0 7.0 0.0 0.0 0.0]],6,node,3.1202380898985605e-07,4.605018492780194e-07,0.0,,,,
0,case3_no_structure,14,765109,[[4.0 1.0 1.0 3.0 2.0 1.0]; [3.0 3.0 0.0 3.0 1.0 3.0]; [0.0 3.0 2.0 0.0 0.0 3.0]; [0.0 0.0 7.0 0.0 0.0 0.0]],9,node,3.1202380898985605e-07,2.046674885680092e-07,0.0,,,,
0,case3_no_structure,14,765109,[[4.0 1.0 1.0 3.0 2.0 1.0]; [3.0 3.0 0.0 3.0 1.0 3.0]; [0.0 3.0 2.0 0.0 0.0 3.0]; [0.0 0.0 7.0 0.0 0.0 0.0]],mean,sample_mean,3.1202380898985605e-07,3.1202380898985605e-07,0.11374999999999999,,,,
0,case3_no_structure,15,776326,[[0.0 1.0 5.0 0.0 0.0 1.0]; [3.0 1.0 3.0 3.0 1.0 1.0]; [1.0 0.0 0.0 0.0 1.0 0.0]; [3.0 5.0 2.0 3.0 1.0 5.0]],2,node,8.552814083732139e-08,5.512854844740487e-08,0.185,,,,
0,case3_no_structure,15,776326,[[0.0 1.0 5.0 0.0 0.0 1.0]; [3.0 1.0 3.0 3.0 1.0 1.0]; [1.0 0.0 0.0 0.0 1.0 0.0]; [3.0 5.0 2.0 3.0 1.0 5.0]],3,node,8.552814083732139e-08,2.159606262565693e-08,0.165,,,,
0,case3_no_structure,15,776326,[[0.0 1.0 5.0 0.0 0.0 1.0]; [3.0 1.0 3.0 3.0 1.0 1.0]; [1.0 0.0 0.0 0.0 1.0 0.0]; [3.0 5.0 2.0 3.0 1.0 5.0]],6,node,8.552814083732139e-08,6.072046370821514e-08,0.0,,,,
0,case3_no_structure,15,776326,[[0.0 1.0 5.0 0.0 0.0 1.0]; [3.0 1.0 3.0 3.0 1.0 1.0]; [1.0 0.0 0.0 0.0 1.0 0.0]; [3.0 5.0 2.0 3.0 1.0 5.0]],9,node,8.552814083732139e-08,2.0466748856800863e-07,0.0,,,,
0,case3_no_structure,15,776326,[[0.0 1.0 5.0 0.0 0.0 1.0]; [3.0 1.0 3.0 3.0 1.0 1.0]; [1.0 0.0 0.0 0.0 1.0 0.0]; [3.0 5.0 2.0 3.0 1.0 5.0]],mean,sample_mean,8.552814083732139e-08,8.552814083732139e-08,0.0875,,,,
0,case3_no_structure,16,795776,[[0.0 0.0 2.0 0.0 0.0 0.0]; [3.0 3.0 5.0 3.0 1.0 3.0]; [4.0 1.0 0.0 3.0 2.0 1.0]; [0.0 3.0 3.0 0.0 0.0 3.0]],2,node,4.96352622609387e-07,8.219814294529687e-07,0.145,,,,
0,case3_no_structure,16,795776,[[0.0 0.0 2.0 0.0 0.0 0.0]; [3.0 3.0 5.0 3.0 1.0 3.0]; [4.0 1.0 0.0 3.0 2.0 1.0]; [0.0 3.0 3.0 0.0 0.0 3.0]],3,node,4.96352622609387e-07,4.982597231385505e-07,0.31,,,,
0,case3_no_structure,16,795776,[[0.0 0.0 2.0 0.0 0.0 0.0]; [3.0 3.0 5.0 3.0 1.0 3.0]; [4.0 1.0 0.0 3.0 2.0 1.0]; [0.0 3.0 3.0 0.0 0.0 3.0]],6,node,4.96352622609387e-07,4.6050184927801984e-07,0.0,,,,
0,case3_no_structure,16,795776,[[0.0 0.0 2.0 0.0 0.0 0.0]; [3.0 3.0 5.0 3.0 1.0 3.0]; [4.0 1.0 0.0 3.0 2.0 1.0]; [0.0 3.0 3.0 0.0 0.0 3.0]],9,node,4.96352622609387e-07,2.0466748856800874e-07,0.0,,,,
0,case3_no_structure,16,795776,[[0.0 0.0 2.0 0.0 0.0 0.0]; [3.0 3.0 5.0 3.0 1.0 3.0]; [4.0 1.0 0.0 3.0 2.0 1.0]; [0.0 3.0 3.0 0.0 0.0 3.0]],mean,sample_mean,4.96352622609387e-07,4.96352622609387e-07,0.11374999999999999,,,,
0,case3_no_structure,17,797183,[[2.0 1.0 1.0 3.0 0.0 1.0]; [1.0 2.0 6.0 0.0 1.0 2.0]; [1.0 2.0 2.0 0.0 1.0 2.0]; [3.0 2.0 1.0 3.0 1.0 2.0]],2,node,5.664873396824029e-07,4.157998973138401e-08,0.0,,,,
0,case3_no_structure,17,797183,[[2.0 1.0 1.0 3.0 0.0 1.0]; [1.0 2.0 6.0 0.0 1.0 2.0]; [1.0 2.0 2.0 0.0 1.0 2.0]; [3.0 2.0 1.0 3.0 1.0 2.0]],3,node,5.664873396824029e-07,6.631901689377676e-07,0.0,,,,
0,case3_no_structure,17,797183,[[2.0 1.0 1.0 3.0 0.0 1.0]; [1.0 2.0 6.0 0.0 1.0 2.0]; [1.0 2.0 2.0 0.0 1.0 2.0]; [3.0 2.0 1.0 3.0 1.0 2.0]],6,node,5.664873396824029e-07,8.437128985045964e-07,0.31,,,,
0,case3_no_structure,17,797183,[[2.0 1.0 1.0 3.0 0.0 1.0]; [1.0 2.0 6.0 0.0 1.0 2.0]; [1.0 2.0 2.0 0.0 1.0 2.0]; [3.0 2.0 1.0 3.0 1.0 2.0]],9,node,5.664873396824029e-07,7.174663015558635e-07,0.3883333333333333,,,,
0,case3_no_structure,17,797183,[[2.0 1.0 1.0 3.0 0.0 1.0]; [1.0 2.0 6.0 0.0 1.0 2.0]; [1.0 2.0 2.0 0.0 1.0 2.0]; [3.0 2.0 1.0 3.0 1.0 2.0]],mean,sample_mean,5.664873396824029e-07,5.664873396824029e-07,0.1745833333333333,,,,
0,case3_no_structure,18,950871,[[1.0 0.0 2.0 0.0 1.0 0.0]; [0.0 6.0 5.0 0.0 0.0 6.0]; [0.0 1.0 1.0 0.0 0.0 1.0]; [6.0 0.0 2.0 6.0 2.0 0.0]],2,node,3.0069915854584327e-05,0.00011687738892428544,0.3433333333333333,,,,
0,case3_no_structure,18,950871,[[1.0 0.0 2.0 0.0 1.0 0.0]; [0.0 6.0 5.0 0.0 0.0 6.0]; [0.0 1.0 1.0 0.0 0.0 1.0]; [6.0 0.0 2.0 6.0 2.0 0.0]],3,node,3.0069915854584327e-05,4.11559422738959e-07,0.3883333333333333,,,,
0,case3_no_structure,18,950871,[[1.0 0.0 2.0 0.0 1.0 0.0]; [0.0 6.0 5.0 0.0 0.0 6.0]; [0.0 1.0 1.0 0.0 0.0 1.0]; [6.0 0.0 2.0 6.0 2.0 0.0]],6,node,3.0069915854584327e-05,5.147394287704899e-35,0.0,,,,
0,case3_no_structure,18,950871,[[1.0 0.0 2.0 0.0 1.0 0.0]; [0.0 6.0 5.0 0.0 0.0 6.0]; [0.0 1.0 1.0 0.0 0.0 1.0]; [6.0 0.0 2.0 6.0 2.0 0.0]],9,node,3.0069915854584327e-05,2.9907150713129166e-06,0.0,,,,
0,case3_no_structure,18,950871,[[1.0 0.0 2.0 0.0 1.0 0.0]; [0.0 6.0 5.0 0.0 0.0 6.0]; [0.0 1.0 1.0 0.0 0.0 1.0]; [6.0 0.0 2.0 6.0 2.0 0.0]],mean,sample_mean,3.0069915854584327e-05,3.0069915854584327e-05,0.18291666666666667,,,,
0,case3_no_structure,19,969430,[[3.0 0.0 1.0 3.0 1.0 0.0]; [2.0 3.0 5.0 3.0 0.0 3.0]; [0.0 0.0 3.0 0.0 0.0 0.0]; [2.0 4.0 1.0 0.0 2.0 4.0]],2,node,3.4418586039385714e-08,6.7330011916114e-08,0.0,,,,
0,case3_no_structure,19,969430,[[3.0 0.0 1.0 3.0 1.0 0.0]; [2.0 3.0 5.0 3.0 0.0 3.0]; [0.0 0.0 3.0 0.0 0.0 0.0]; [2.0 4.0 1.0 0.0 2.0 4.0]],3,node,3.4418586039385714e-08,2.4237642735235193e-08,0.165,,,,
0,case3_no_structure,19,969430,[[3.0 0.0 1.0 3.0 1.0 0.0]; [2.0 3.0 5.0 3.0 0.0 3.0]; [0.0 0.0 3.0 0.0 0.0 0.0]; [2.0 4.0 1.0 0.0 2.0 4.0]],6,node,3.4418586039385714e-08,3.374851594018386e-08,0.145,,,,
0,case3_no_structure,19,969430,[[3.0 0.0 1.0 3.0 1.0 0.0]; [2.0 3.0 5.0 3.0 0.0 3.0]; [0.0 0.0 3.0 0.0 0.0 0.0]; [2.0 4.0 1.0 0.0 2.0 4.0]],9,node,3.4418586039385714e-08,1.2358173566009802e-08,0.0,,,,
0,case3_no_structure,19,969430,[[3.0 0.0 1.0 3.0 1.0 0.0]; [2.0 3.0 5.0 3.0 0.0 3.0]; [0.0 0.0 3.0 0.0 0.0 0.0]; [2.0 4.0 1.0 0.0 2.0 4.0]],mean,sample_mean,3.4418586039385714e-08,3.4418586039385714e-08,0.0775,,,,
0,case3_no_structure,20,1120173,[[0.0 3.0 3.0 0.0 0.0 3.0]; [3.0 4.0 2.0 3.0 1.0 4.0]; [0.0 0.0 2.0 0.0 0.0 0.0]; [4.0 0.0 3.0 3.0 2.0 0.0]],2,node,1.4057461644055694e-06,3.673694819594842e-06,0.145,,,,
0,case3_no_structure,20,1120173,[[0.0 3.0 3.0 0.0 0.0 3.0]; [3.0 4.0 2.0 3.0 1.0 4.0]; [0.0 0.0 2.0 0.0 0.0 0.0]; [4.0 0.0 3.0 3.0 2.0 0.0]],3,node,1.4057461644055694e-06,4.1155942273896185e-07,0.3883333333333333,,,,
0,case3_no_structure,20,1120173,[[0.0 3.0 3.0 0.0 0.0 3.0]; [3.0 4.0 2.0 3.0 1.0 4.0]; [0.0 0.0 2.0 0.0 0.0 0.0]; [4.0 0.0 3.0 3.0 2.0 0.0]],6,node,1.4057461644055694e-06,4.605018492780203e-07,0.0,,,,
0,case3_no_structure,20,1120173,[[0.0 3.0 3.0 0.0 0.0 3.0]; [3.0 4.0 2.0 3.0 1.0 4.0]; [0.0 0.0 2.0 0.0 0.0 0.0]; [4.0 0.0 3.0 3.0 2.0 0.0]],9,node,1.4057461644055694e-06,1.0772285660104538e-06,0.36833333333333335,,,,
0,case3_no_structure,20,1120173,[[0.0 3.0 3.0 0.0 0.0 3.0]; [3.0 4.0 2.0 3.0 1.0 4.0]; [0.0 0.0 2.0 0.0 0.0 0.0]; [4.0 0.0 3.0 3.0 2.0 0.0]],mean,sample_mean,1.4057461644055694e-06,1.4057461644055694e-06,0.22541666666666665,,,,
0,case3_no_structure,21,1168009,[[2.0 1.0 3.0 0.0 2.0 1.0]; [2.0 4.0 4.0 3.0 0.0 4.0]; [2.0 0.0 0.0 3.0 0.0 0.0]; [1.0 2.0 3.0 0.0 1.0 2.0]],2,node,2.710910115079717e-05,7.07904250071519e-05,0.36666666666666664,,,,
0,case3_no_structure,21,1168009,[[2.0 1.0 3.0 0.0 2.0 1.0]; [2.0 4.0 4.0 3.0 0.0 4.0]; [2.0 0.0 0.0 3.0 0.0 0.0]; [1.0 2.0 3.0 0.0 1.0 2.0]],3,node,2.710910115079717e-05,9.954488846582514e-06,0.4166666666666667,,,,
0,case3_no_structure,21,1168009,[[2.0 1.0 3.0 0.0 2.0 1.0]; [2.0 4.0 4.0 3.0 0.0 4.0]; [2.0 0.0 0.0 3.0 0.0 0.0]; [1.0 2.0 3.0 0.0 1.0 2.0]],6,node,2.710910115079717e-05,9.980602211756073e-06,0.335,,,,
0,case3_no_structure,21,1168009,[[2.0 1.0 3.0 0.0 2.0 1.0]; [2.0 4.0 4.0 3.0 0.0 4.0]; [2.0 0.0 0.0 3.0 0.0 0.0]; [1.0 2.0 3.0 0.0 1.0 2.0]],9,node,2.710910115079717e-05,1.7710888537698203e-05,0.47833333333333333,,,,
0,case3_no_structure,21,1168009,[[2.0 1.0 3.0 0.0 2.0 1.0]; [2.0 4.0 4.0 3.0 0.0 4.0]; [2.0 0.0 0.0 3.0 0.0 0.0]; [1.0 2.0 3.0 0.0 1.0 2.0]],mean,sample_mean,2.710910115079717e-05,2.710910115079717e-05,0.39916666666666667,,,,
0,case3_no_structure,22,1277441,[[1.0 0.0 6.0 0.0 1.0 0.0]; [2.0 7.0 2.0 3.0 0.0 7.0]; [0.0 0.0 1.0 0.0 0.0 0.0]; [4.0 0.0 1.0 3.0 2.0 0.0]],2,node,7.031291953568261e-06,1.048785833807064e-07,0.315,,,,
0,case3_no_structure,22,1277441,[[1.0 0.0 6.0 0.0 1.0 0.0]; [2.0 7.0 2.0 3.0 0.0 7.0]; [0.0 0.0 1.0 0.0 0.0 0.0]; [4.0 0.0 1.0 3.0 2.0 0.0]],3,node,7.031291953568261e-06,1.2309488721474416e-08,0.0,,,,
0,case3_no_structure,22,1277441,[[1.0 0.0 6.0 0.0 1.0 0.0]; [2.0 7.0 2.0 3.0 0.0 7.0]; [0.0 0.0 1.0 0.0 0.0 0.0]; [4.0 0.0 1.0 3.0 2.0 0.0]],6,node,7.031291953568261e-06,2.742148674687915e-05,0.0,,,,
0,case3_no_structure,22,1277441,[[1.0 0.0 6.0 0.0 1.0 0.0]; [2.0 7.0 2.0 3.0 0.0 7.0]; [0.0 0.0 1.0 0.0 0.0 0.0]; [4.0 0.0 1.0 3.0 2.0 0.0]],9,node,7.031291953568261e-06,5.864929952917087e-07,0.36833333333333335,,,,
0,case3_no_structure,22,1277441,[[1.0 0.0 6.0 0.0 1.0 0.0]; [2.0 7.0 2.0 3.0 0.0 7.0]; [0.0 0.0 1.0 0.0 0.0 0.0]; [4.0 0.0 1.0 3.0 2.0 0.0]],mean,sample_mean,7.031291953568261e-06,7.031291953568261e-06,0.17083333333333334,,,,
0,case3_no_structure,23,1331646,[[2.0 0.0 0.0 0.0 2.0 0.0]; [2.0 2.0 0.0 3.0 0.0 2.0]; [2.0 1.0 4.0 3.0 0.0 1.0]; [1.0 4.0 6.0 0.0 1.0 4.0]],2,node,3.278347735924299e-08,4.693363241025221e-08,0.22166666666666668,,,,
0,case3_no_structure,23,1331646,[[2.0 0.0 0.0 0.0 2.0 0.0]; [2.0 2.0 0.0 3.0 0.0 2.0]; [2.0 1.0 4.0 3.0 0.0 1.0]; [1.0 4.0 6.0 0.0 1.0 4.0]],3,node,3.278347735924299e-08,2.122084868739779e-08,0.165,,,,
0,case3_no_structure,23,1331646,[[2.0 0.0 0.0 0.0 2.0 0.0]; [2.0 2.0 0.0 3.0 0.0 2.0]; [2.0 1.0 4.0 3.0 0.0 1.0]; [1.0 4.0 6.0 0.0 1.0 4.0]],6,node,3.278347735924299e-08,5.206102797748319e-08,0.17,,,,
0,case3_no_structure,23,1331646,[[2.0 0.0 0.0 0.0 2.0 0.0]; [2.0 2.0 0.0 3.0 0.0 2.0]; [2.0 1.0 4.0 3.0 0.0 1.0]; [1.0 4.0 6.0 0.0 1.0 4.0]],9,node,3.278347735924299e-08,1.0918400361838773e-08,0.0,,,,
0,case3_no_structure,23,1331646,[[2.0 0.0 0.0 0.0 2.0 0.0]; [2.0 2.0 0.0 3.0 0.0 2.0]; [2.0 1.0 4.0 3.0 0.0 1.0]; [1.0 4.0 6.0 0.0 1.0 4.0]],mean,sample_mean,3.278347735924299e-08,3.278347735924299e-08,0.1391666666666667,,,,
0,case3_no_structure,24,1333127,[[0.0 2.0 0.0 0.0 0.0 2.0]; [3.0 1.0 0.0 3.0 1.0 1.0]; [0.0 1.0 7.0 0.0 0.0 1.0]; [4.0 3.0 3.0 3.0 2.0 3.0]],2,node,1.9960164744838621e-07,8.103297606120828e-08,0.145,,,,
0,case3_no_structure,24,1333127,[[0.0 2.0 0.0 0.0 0.0 2.0]; [3.0 1.0 0.0 3.0 1.0 1.0]; [0.0 1.0 7.0 0.0 0.0 1.0]; [4.0 3.0 3.0 3.0 2.0 3.0]],3,node,1.9960164744838621e-07,5.2204275886308456e-08,0.0,,,,
0,case3_no_structure,24,1333127,[[0.0 2.0 0.0 0.0 0.0 2.0]; [3.0 1.0 0.0 3.0 1.0 1.0]; [0.0 1.0 7.0 0.0 0.0 1.0]; [4.0 3.0 3.0 3.0 2.0 3.0]],6,node,1.9960164744838621e-07,4.605018492780194e-07,0.0,,,,
0,case3_no_structure,24,1333127,[[0.0 2.0 0.0 0.0 0.0 2.0]; [3.0 1.0 0.0 3.0 1.0 1.0]; [0.0 1.0 7.0 0.0 0.0 1.0]; [4.0 3.0 3.0 3.0 2.0 3.0]],9,node,1.9960164744838621e-07,2.046674885680087e-07,0.0,,,,
0,case3_no_structure,24,1333127,[[0.0 2.0 0.0 0.0 0.0 2.0]; [3.0 1.0 0.0 3.0 1.0 1.0]; [0.0 1.0 7.0 0.0 0.0 1.0]; [4.0 3.0 3.0 3.0 2.0 3.0]],mean,sample_mean,1.9960164744838621e-07,1.9960164744838621e-07,0.03625,,,,
0,case3_no_structure,25,1342177,[[2.0 2.0 0.0 0.0 2.0 2.0]; [2.0 3.0 0.0 3.0 0.0 3.0]; [1.0 1.0 3.0 0.0 1.0 1.0]; [2.0 1.0 7.0 3.0 0.0 1.0]],2,node,6.402578602025019e-07,1.663199589255371e-07,0.365,,,,
0,case3_no_structure,25,1342177,[[2.0 2.0 0.0 0.0 2.0 2.0]; [2.0 3.0 0.0 3.0 0.0 3.0]; [1.0 1.0 3.0 0.0 1.0 1.0]; [2.0 1.0 7.0 3.0 0.0 1.0]],3,node,6.402578602025019e-07,1.6847375536552004e-06,0.31,,,,
0,case3_no_structure,25,1342177,[[2.0 2.0 0.0 0.0 2.0 2.0]; [2.0 3.0 0.0 3.0 0.0 3.0]; [1.0 1.0 3.0 0.0 1.0 1.0]; [2.0 1.0 7.0 3.0 0.0 1.0]],6,node,6.402578602025019e-07,1.9299358512760355e-07,0.0,,,,
0,case3_no_structure,25,1342177,[[2.0 2.0 0.0 0.0 2.0 2.0]; [2.0 3.0 0.0 3.0 0.0 3.0]; [1.0 1.0 3.0 0.0 1.0 1.0]; [2.0 1.0 7.0 3.0 0.0 1.0]],9,node,6.402578602025019e-07,5.169803431016667e-07,0.2916666666666667,,,,
0,case3_no_structure,25,1342177,[[2.0 2.0 0.0 0.0 2.0 2.0]; [2.0 3.0 0.0 3.0 0.0 3.0]; [1.0 1.0 3.0 0.0 1.0 1.0]; [2.0 1.0 7.0 3.0 0.0 1.0]],mean,sample_mean,6.402578602025019e-07,6.402578602025019e-07,0.2416666666666667,,,,
0,case3_no_structure,26,1359029,[[1.0 0.0 5.0 0.0 1.0 0.0]; [1.0 1.0 4.0 0.0 1.0 1.0]; [2.0 2.0 1.0 3.0 0.0 2.0]; [3.0 4.0 0.0 3.0 1.0 4.0]],2,node,1.3735860971352088e-06,4.4919505707603946e-07,0.3433333333333333,,,,
0,case3_no_structure,26,1359029,[[1.0 0.0 5.0 0.0 1.0 0.0]; [1.0 1.0 4.0 0.0 1.0 1.0]; [2.0 2.0 1.0 3.0 0.0 2.0]; [3.0 4.0 0.0 3.0 1.0 4.0]],3,node,1.3735860971352088e-06,2.860143173062857e-06,0.23333333333333334,,,,
0,case3_no_structure,26,1359029,[[1.0 0.0 5.0 0.0 1.0 0.0]; [1.0 1.0 4.0 0.0 1.0 1.0]; [2.0 2.0 1.0 3.0 0.0 2.0]; [3.0 4.0 0.0 3.0 1.0 4.0]],6,node,1.3735860971352088e-06,1.8371436198425669e-06,0.145,,,,
0,case3_no_structure,26,1359029,[[1.0 0.0 5.0 0.0 1.0 0.0]; [1.0 1.0 4.0 0.0 1.0 1.0]; [2.0 2.0 1.0 3.0 0.0 2.0]; [3.0 4.0 0.0 3.0 1.0 4.0]],9,node,1.3735860971352088e-06,3.47862538559373e-07,0.13,,,,
0,case3_no_structure,26,1359029,[[1.0 0.0 5.0 0.0 1.0 0.0]; [1.0 1.0 4.0 0.0 1.0 1.0]; [2.0 2.0 1.0 3.0 0.0 2.0]; [3.0 4.0 0.0 3.0 1.0 4.0]],mean,sample_mean,1.3735860971352088e-06,1.3735860971352088e-06,0.21291666666666667,,,,
0,case3_no_structure,27,1405460,[[4.0 0.0 3.0 6.0 0.0 0.0]; [3.0 2.0 6.0 0.0 3.0 2.0]; [0.0 1.0 0.0 0.0 0.0 1.0]; [0.0 4.0 1.0 0.0 0.0 4.0]],2,node,1.0258360747287737e-05,5.4838704260500725e-08,0.3433333333333333,,,,
0,case3_no_structure,27,1405460,[[4.0 0.0 3.0 6.0 0.0 0.0]; [3.0 2.0 6.0 0.0 3.0 2.0]; [0.0 1.0 0.0 0.0 0.0 1.0]; [0.0 4.0 1.0 0.0 0.0 4.0]],3,node,1.0258360747287737e-05,2.4105061344053206e-06,0.25833333333333336,,,,
0,case3_no_structure,27,1405460,[[4.0 0.0 3.0 6.0 0.0 0.0]; [3.0 2.0 6.0 0.0 3.0 2.0]; [0.0 1.0 0.0 0.0 0.0 1.0]; [0.0 4.0 1.0 0.0 0.0 4.0]],6,node,1.0258360747287737e-05,1.3625625033340048e-34,0.0,,,,
0,case3_no_structure,27,1405460,[[4.0 0.0 3.0 6.0 0.0 0.0]; [3.0 2.0 6.0 0.0 3.0 2.0]; [0.0 1.0 0.0 0.0 0.0 1.0]; [0.0 4.0 1.0 0.0 0.0 4.0]],9,node,1.0258360747287737e-05,3.856809815048513e-05,0.13,,,,
0,case3_no_structure,27,1405460,[[4.0 0.0 3.0 6.0 0.0 0.0]; [3.0 2.0 6.0 0.0 3.0 2.0]; [0.0 1.0 0.0 0.0 0.0 1.0]; [0.0 4.0 1.0 0.0 0.0 4.0]],mean,sample_mean,1.0258360747287737e-05,1.0258360747287737e-05,0.18291666666666667,,,,
0,case3_no_structure,28,1433504,[[2.0 1.0 4.0 0.0 2.0 1.0]; [0.0 2.0 6.0 0.0 0.0 2.0]; [3.0 1.0 0.0 3.0 1.0 1.0]; [2.0 3.0 0.0 3.0 0.0 3.0]],2,node,1.8420153568050117e-07,1.1555026217866213e-07,0.145,,,,
0,case3_no_structure,28,1433504,[[2.0 1.0 4.0 0.0 2.0 1.0]; [0.0 2.0 6.0 0.0 0.0 2.0]; [3.0 1.0 0.0 3.0 1.0 1.0]; [2.0 3.0 0.0 3.0 0.0 3.0]],3,node,1.8420153568050117e-07,1.8186054811882437e-07,0.165,,,,
0,case3_no_structure,28,1433504,[[2.0 1.0 4.0 0.0 2.0 1.0]; [0.0 2.0 6.0 0.0 0.0 2.0]; [3.0 1.0 0.0 3.0 1.0 1.0]; [2.0 3.0 0.0 3.0 0.0 3.0]],6,node,1.8420153568050117e-07,3.003518190936126e-07,0.0,,,,
0,case3_no_structure,28,1433504,[[2.0 1.0 4.0 0.0 2.0 1.0]; [0.0 2.0 6.0 0.0 0.0 2.0]; [3.0 1.0 0.0 3.0 1.0 1.0]; [2.0 3.0 0.0 3.0 0.0 3.0]],9,node,1.8420153568050117e-07,1.390435133309056e-07,0.06833333333333333,,,,
0,case3_no_structure,28,1433504,[[2.0 1.0 4.0 0.0 2.0 1.0]; [0.0 2.0 6.0 0.0 0.0 2.0]; [3.0 1.0 0.0 3.0 1.0 1.0]; [2.0 3.0 0.0 3.0 0.0 3.0]],mean,sample_mean,1.8420153568050117e-07,1.8420153568050117e-07,0.09458333333333332,,,,
0,case3_no_structure,29,1435741,[[1.0 0.0 3.0 0.0 1.0 0.0]; [5.0 0.0 7.0 6.0 1.0 0.0]; [0.0 3.0 0.0 0.0 0.0 3.0]; [1.0 4.0 0.0 0.0 1.0 4.0]],2,node,2.803961805651986e-07,1.674757730057468e-07,0.185,,,,
0,case3_no_structure,29,1435741,[[1.0 0.0 3.0 0.0 1.0 0.0]; [5.0 0.0 7.0 6.0 1.0 0.0]; [0.0 3.0 0.0 0.0 0.0 3.0]; [1.0 4.0 0.0 0.0 1.0 4.0]],3,node,2.803961805651986e-07,6.486714700096378e-07,0.25833333333333336,,,,
0,case3_no_structure,29,1435741,[[1.0 0.0 3.0 0.0 1.0 0.0]; [5.0 0.0 7.0 6.0 1.0 0.0]; [0.0 3.0 0.0 0.0 0.0 3.0]; [1.0 4.0 0.0 0.0 1.0 4.0]],6,node,2.803961805651986e-07,4.259579231134107e-35,0.0,,,,
0,case3_no_structure,29,1435741,[[1.0 0.0 3.0 0.0 1.0 0.0]; [5.0 0.0 7.0 6.0 1.0 0.0]; [0.0 3.0 0.0 0.0 0.0 3.0]; [1.0 4.0 0.0 0.0 1.0 4.0]],9,node,2.803961805651986e-07,3.054374792454098e-07,0.13,,,,
0,case3_no_structure,29,1435741,[[1.0 0.0 3.0 0.0 1.0 0.0]; [5.0 0.0 7.0 6.0 1.0 0.0]; [0.0 3.0 0.0 0.0 0.0 3.0]; [1.0 4.0 0.0 0.0 1.0 4.0]],mean,sample_mean,2.803961805651986e-07,2.803961805651986e-07,0.14333333333333334,,,,
0,case3_no_structure,30,1443181,[[0.0 3.0 3.0 0.0 0.0 3.0]; [2.0 2.0 7.0 3.0 0.0 2.0]; [1.0 0.0 0.0 0.0 1.0 0.0]; [4.0 2.0 0.0 3.0 2.0 2.0]],2,node,8.798599289318584e-08,1.230388943014084e-08,0.145,,,,
0,case3_no_structure,30,1443181,[[0.0 3.0 3.0 0.0 0.0 3.0]; [2.0 2.0 7.0 3.0 0.0 2.0]; [1.0 0.0 0.0 0.0 1.0 0.0]; [4.0 2.0 0.0 3.0 2.0 2.0]],3,node,8.798599289318584e-08,6.732678537565331e-08,0.165,,,,
0,case3_no_structure,30,1443181,[[0.0 3.0 3.0 0.0 0.0 3.0]; [2.0 2.0 7.0 3.0 0.0 2.0]; [1.0 0.0 0.0 0.0 1.0 0.0]; [4.0 2.0 0.0 3.0 2.0 2.0]],6,node,8.798599289318584e-08,2.483497670623835e-08,0.0,,,,
0,case3_no_structure,30,1443181,[[0.0 3.0 3.0 0.0 0.0 3.0]; [2.0 2.0 7.0 3.0 0.0 2.0]; [1.0 0.0 0.0 0.0 1.0 0.0]; [4.0 2.0 0.0 3.0 2.0 2.0]],9,node,8.798599289318584e-08,2.474783200607109e-07,0.19833333333333333,,,,
0,case3_no_structure,30,1443181,[[0.0 3.0 3.0 0.0 0.0 3.0]; [2.0 2.0 7.0 3.0 0.0 2.0]; [1.0 0.0 0.0 0.0 1.0 0.0]; [4.0 2.0 0.0 3.0 2.0 2.0]],mean,sample_mean,8.798599289318584e-08,8.798599289318584e-08,0.12708333333333333,,,,
all,case1_exact_pattern,all,all,,case_summary,case_summary,,,,8.72689484760967e-08,1.2483758958679175e-13,0.040388888888888884,0.012296283950617283
all,case2_zero_count,all,all,,case_summary,case_summary,,,,3.9787853954108785e-05,1.3557876843249147e-08,0.1371527777777778,0.03418001832561728
all,case3_no_structure,all,all,,case_summary,case_summary,,,,1.4426235474491089e-05,7.320931031978897e-09,0.16559722222222223,0.021921240547839504
