sg_idx,case,sample_rank,recon_index,node,row_type,matched_mse_mean,matched_mse_node,ssim,psnr,case_mse_mean,case_mse_var,case_ssim_mean,case_ssim_var,case_psnr_mean,case_psnr_var
0,case1_exact_pattern,1,1,2,node,1.7147530646640672e-10,6.01764286602737e-10,0.6064560758773648,18.14309631174249,,,,,,
0,case1_exact_pattern,1,1,3,node,1.7147530646640672e-10,8.413693926288987e-11,0.5440333084193313,19.63939781161252,,,,,,
0,case1_exact_pattern,1,1,6,node,1.7147530646640672e-10,2.1558889749655563e-34,0.6480619026069688,21.829399599138963,,,,,,
0,case1_exact_pattern,1,1,9,node,1.7147530646640672e-10,7.672141290548381e-35,0.7343348091175942,22.423839151928398,,,,,,
0,case1_exact_pattern,1,1,mean,sample_mean,1.7147530646640672e-10,1.7147530646640672e-10,0.6332215240053148,20.50893321860559,,,,,,
0,case1_exact_pattern,2,2,2,node,1.4016540715640598e-10,5.303723304909834e-10,0.6180623576196457,18.745619386602083,,,,,,
0,case1_exact_pattern,2,2,3,node,1.4016540715640598e-10,3.028929813464049e-11,0.5179352749995472,19.457771026292303,,,,,,
0,case1_exact_pattern,2,2,6,node,1.4016540715640598e-10,9.547878867966622e-36,0.5795980999618041,20.551611758195214,,,,,,
0,case1_exact_pattern,2,2,9,node,1.4016540715640598e-10,2.6582626643090253e-34,0.7430917132888885,22.08163822680398,,,,,,
0,case1_exact_pattern,2,2,mean,sample_mean,1.4016540715640598e-10,1.4016540715640598e-10,0.6146718614674713,20.209160099473394,,,,,,
0,case1_exact_pattern,3,3,2,node,1.7453293281219673e-10,6.981317312487869e-10,0.5912974082673532,17.90219496993849,,,,,,
0,case1_exact_pattern,3,3,3,node,1.7453293281219673e-10,1.0413128066021213e-34,0.5280351590678566,19.650043561266372,,,,,,
0,case1_exact_pattern,3,3,6,node,1.7453293281219673e-10,1.5064422737775268e-34,0.6593112477744709,21.74689587920777,,,,,,
0,case1_exact_pattern,3,3,9,node,1.7453293281219673e-10,3.6498619986719924e-34,0.725625514004415,22.28138427144713,,,,,,
0,case1_exact_pattern,3,3,mean,sample_mean,1.7453293281219673e-10,1.7453293281219673e-10,0.626067332278524,20.39512967046494,,,,,,
0,case1_exact_pattern,4,4,2,node,4.4869847456063096e-10,1.710656958979634e-09,0.5260889194552264,17.15330055036764,,,,,,
0,case1_exact_pattern,4,4,3,node,4.4869847456063096e-10,8.413693926289001e-11,0.4648020891918492,18.895666721954647,,,,,,
0,case1_exact_pattern,4,4,6,node,4.4869847456063096e-10,3.282389051819455e-35,0.6378166822766481,21.11686666404675,,,,,,
0,case1_exact_pattern,4,4,9,node,4.4869847456063096e-10,1.944642039211182e-34,0.7679388579422245,23.23955356638274,,,,,,
0,case1_exact_pattern,4,4,mean,sample_mean,4.4869847456063096e-10,4.4869847456063096e-10,0.5991616372164871,20.101346875687945,,,,,,
0,case1_exact_pattern,5,5,2,node,1.1541201709293513e-08,7.425046095153608e-10,0.03609528253725288,9.788531914496218,,,,,,
0,case1_exact_pattern,5,5,3,node,1.1541201709293513e-08,6.815092080294077e-09,0.37221760105005913,17.519582433260297,,,,,,
0,case1_exact_pattern,5,5,6,node,1.1541201709293513e-08,7.354153844917068e-36,0.642781821229368,21.325444938395968,,,,,,
0,case1_exact_pattern,5,5,9,node,1.1541201709293513e-08,3.860721014736461e-08,0.41304088973929876,16.271264584788597,,,,,,
0,case1_exact_pattern,5,5,mean,sample_mean,1.1541201709293513e-08,1.1541201709293513e-08,0.3660338986389947,16.226205967735268,,,,,,
0,case1_exact_pattern,6,6,2,node,1.8103533042654328e-09,6.484180763695725e-09,0.3406872286916112,14.844451022050514,,,,,,
0,case1_exact_pattern,6,6,3,node,1.8103533042654328e-09,7.57232453366007e-10,0.4851149341735006,18.8965839855836,,,,,,
0,case1_exact_pattern,6,6,6,node,1.8103533042654328e-09,7.54441503313654e-36,0.6273050796521085,21.191740154340444,,,,,,
0,case1_exact_pattern,6,6,9,node,1.8103533042654328e-09,1.0008294594915173e-35,0.7480280887088573,22.92610475101271,,,,,,
0,case1_exact_pattern,6,6,mean,sample_mean,1.8103533042654328e-09,1.8103533042654328e-09,0.5502838328065194,19.464719978246816,,,,,,
0,case1_exact_pattern,7,7,2,node,5.536750852031206e-09,7.425046095153623e-10,0.0490308828208495,8.979620895670031,,,,,,
0,case1_exact_pattern,7,7,3,node,5.536750852031206e-09,6.815092080294075e-09,0.369945706604582,17.466206078806394,,,,,,
0,case1_exact_pattern,7,7,6,node,5.536750852031206e-09,5.508216223701509e-35,0.6241739285417095,20.990894254016574,,,,,,
0,case1_exact_pattern,7,7,9,node,5.536750852031206e-09,1.4589406718315387e-08,0.3337732665990811,14.443491235474575,,,,,,
0,case1_exact_pattern,7,7,mean,sample_mean,5.536750852031206e-09,5.536750852031206e-09,0.3442309461415555,15.470053115991893,,,,,,
0,case1_exact_pattern,8,8,2,node,1.987539470471485e-09,1.1350658015918516e-09,0.3561892243901907,14.902620625507907,,,,,,
0,case1_exact_pattern,8,8,3,node,1.987539470471485e-09,6.815092080294088e-09,0.3611891715735136,17.34352330353414,,,,,,
0,case1_exact_pattern,8,8,6,node,1.987539470471485e-09,7.556563924273574e-36,0.6413062614954289,21.539131183309298,,,,,,
0,case1_exact_pattern,8,8,9,node,1.987539470471485e-09,4.4910113791942754e-35,0.7382310220852185,22.682935306452272,,,,,,
0,case1_exact_pattern,8,8,mean,sample_mean,1.987539470471485e-09,1.987539470471485e-09,0.5242289198860879,19.117052604700902,,,,,,
0,case1_exact_pattern,9,9,2,node,3.3256747941275967e-09,7.425046095153626e-10,0.029982129291868904,8.894743752378766,,,,,,
0,case1_exact_pattern,9,9,3,node,3.3256747941275967e-09,6.815092080294087e-09,0.3778558248326725,17.556755393155765,,,,,,
0,case1_exact_pattern,9,9,6,node,3.3256747941275967e-09,2.2040511695100573e-35,0.6550910902494747,21.687055697557785,,,,,,
0,case1_exact_pattern,9,9,9,node,3.3256747941275967e-09,5.745102486700937e-09,0.4033948274324029,15.183170682862439,,,,,,
0,case1_exact_pattern,9,9,mean,sample_mean,3.3256747941275967e-09,3.3256747941275967e-09,0.3665809679516047,15.830431381488689,,,,,,
0,case1_exact_pattern,10,10,2,node,2.4314551123809225e-09,7.425046095153623e-10,0.041834733335647155,9.849056576631682,,,,,,
0,case1_exact_pattern,10,10,3,node,2.4314551123809225e-09,6.815092080294088e-09,0.3905994163198348,17.596575068904496,,,,,,
0,case1_exact_pattern,10,10,6,node,2.4314551123809225e-09,6.936325833697582e-36,0.6888471657323262,21.848581153247782,,,,,,
0,case1_exact_pattern,10,10,9,node,2.4314551123809225e-09,2.168223759714238e-09,0.4565152659474392,15.999300668320167,,,,,,
0,case1_exact_pattern,10,10,mean,sample_mean,2.4314551123809225e-09,2.4314551123809225e-09,0.3944491453338118,16.323378366776033,,,,,,
0,case1_exact_pattern,11,11,2,node,7.925457718940773e-10,2.4129506342103e-09,0.37647820436432294,15.232218838580522,,,,,,
0,case1_exact_pattern,11,11,3,node,7.925457718940773e-10,7.572324533660094e-10,0.40685251559934815,18.083272476090926,,,,,,
0,case1_exact_pattern,11,11,6,node,7.925457718940773e-10,1.2197759804049736e-34,0.6473277094923365,21.66267391519688,,,,,,
0,case1_exact_pattern,11,11,9,node,7.925457718940773e-10,2.1802081914495913e-34,0.758950011157955,22.787773864346736,,,,,,
0,case1_exact_pattern,11,11,mean,sample_mean,7.925457718940773e-10,7.925457718940773e-10,0.5474021101534907,19.441484773553764,,,,,,
0,case1_exact_pattern,12,12,2,node,4.212405227504645e-10,9.277296376358486e-10,0.4631276353552362,16.35992631480529,,,,,,
0,case1_exact_pattern,12,12,3,node,4.212405227504645e-10,7.572324533660092e-10,0.4388953777404124,18.581456809877633,,,,,,
0,case1_exact_pattern,12,12,6,node,4.212405227504645e-10,6.75944632191167e-35,0.6780500710365663,21.697366186668333,,,,,,
0,case1_exact_pattern,12,12,9,node,4.212405227504645e-10,9.142093783468576e-35,0.7765021516485954,23.413537669338705,,,,,,
0,case1_exact_pattern,12,12,mean,sample_mean,4.212405227504645e-10,4.212405227504645e-10,0.5891438089452026,20.01307174517249,,,,,,
0,case1_exact_pattern,13,13,2,node,2.1672977194479074e-10,1.0968663441315434e-10,0.5623201256382521,17.63503628952631,,,,,,
0,case1_exact_pattern,13,13,3,node,2.1672977194479074e-10,7.572324533660087e-10,0.46230487323864927,18.556397282301756,,,,,,
0,case1_exact_pattern,13,13,6,node,2.1672977194479074e-10,9.395811237006405e-36,0.6534000370494867,21.521312407326537,,,,,,
0,case1_exact_pattern,13,13,9,node,2.1672977194479074e-10,2.6396056433839024e-35,0.7622376880418876,23.24659101570216,,,,,,
0,case1_exact_pattern,13,13,mean,sample_mean,2.1672977194479074e-10,2.1672977194479074e-10,0.6100656809920689,20.23983424871419,,,,,,
0,case1_exact_pattern,14,14,2,node,2.734450526043919e-10,3.3654775705155957e-10,0.5154469379560879,16.94714651208539,,,,,,
0,case1_exact_pattern,14,14,3,node,2.734450526043919e-10,7.572324533660082e-10,0.35076832275825315,17.59725516949237,,,,,,
0,case1_exact_pattern,14,14,6,node,2.734450526043919e-10,3.1138288075969074e-35,0.6040446002695355,20.497454877469668,,,,,,
0,case1_exact_pattern,14,14,9,node,2.734450526043919e-10,4.641042854653087e-35,0.7409001485823019,22.036044145262522,,,,,,
0,case1_exact_pattern,14,14,mean,sample_mean,2.734450526043919e-10,2.734450526043919e-10,0.5527900023915446,19.26947517607749,,,,,,
0,case1_exact_pattern,15,15,2,node,1.5654821979785427e-10,5.420559399285281e-10,0.562053992272223,17.518146997637466,,,,,,
0,case1_exact_pattern,15,15,3,node,1.5654821979785427e-10,8.413693926288899e-11,0.530032124412242,19.448811181626223,,,,,,
0,case1_exact_pattern,15,15,6,node,1.5654821979785427e-10,8.68981157432736e-35,0.6363630941424558,21.339560171176448,,,,,,
0,case1_exact_pattern,15,15,9,node,1.5654821979785427e-10,4.189907174842182e-33,0.7558444021264471,22.663537922112255,,,,,,
0,case1_exact_pattern,15,15,mean,sample_mean,1.5654821979785427e-10,1.5654821979785427e-10,0.6210734032383419,20.242514068138096,,,,,,
0,case1_exact_pattern,16,16,2,node,6.093077986225655e-11,1.5958618018613645e-10,0.5798433007808813,17.7808211899305,,,,,,
0,case1_exact_pattern,16,16,3,node,6.093077986225655e-11,8.413693926288975e-11,0.5000109383685138,19.307140845163133,,,,,,
0,case1_exact_pattern,16,16,6,node,6.093077986225655e-11,1.0314754776115238e-34,0.6952033473083595,21.811361331139736,,,,,,
0,case1_exact_pattern,16,16,9,node,6.093077986225655e-11,2.7627923663975563e-35,0.7494968632759784,22.615922418081638,,,,,,
0,case1_exact_pattern,16,16,mean,sample_mean,6.093077986225655e-11,6.093077986225655e-11,0.6311386124334333,20.37881144607875,,,,,,
0,case1_exact_pattern,17,17,2,node,3.038278362271025e-11,3.739419522795115e-11,0.621936765897531,18.522446163090947,,,,,,
0,case1_exact_pattern,17,17,3,node,3.038278362271025e-11,8.413693926288985e-11,0.5134126807215676,19.23930089505567,,,,,,
0,case1_exact_pattern,17,17,6,node,3.038278362271025e-11,1.1294962016589147e-36,0.684307209669595,22.30042921094695,,,,,,
0,case1_exact_pattern,17,17,9,node,3.038278362271025e-11,7.116066229203832e-35,0.7530457873011532,22.74090074307737,,,,,,
0,case1_exact_pattern,17,17,mean,sample_mean,3.038278362271025e-11,3.038278362271025e-11,0.6431756108974618,20.700769253042736,,,,,,
0,case1_exact_pattern,18,18,2,node,2.482252363978058e-11,1.515315529623216e-11,0.5340567571304088,16.972751137947984,,,,,,
0,case1_exact_pattern,18,18,3,node,2.482252363978058e-11,8.413693926289016e-11,0.5389721251524358,19.43967486211121,,,,,,
0,case1_exact_pattern,18,18,6,node,2.482252363978058e-11,3.810948387048274e-36,0.6019545032302333,20.91554729004071,,,,,,
0,case1_exact_pattern,18,18,9,node,2.482252363978058e-11,5.341750432919224e-35,0.7639057177713298,23.04865500268131,,,,,,
0,case1_exact_pattern,18,18,mean,sample_mean,2.482252363978058e-11,2.482252363978058e-11,0.6097222758211018,20.094157073195305,,,,,,
0,case1_exact_pattern,19,19,2,node,3.209660093671358e-11,4.424946448396457e-11,0.6770839222963939,19.384424770042525,,,,,,
0,case1_exact_pattern,19,19,3,node,3.209660093671358e-11,8.413693926288975e-11,0.4604359601484462,18.68888080129421,,,,,,
0,case1_exact_pattern,19,19,6,node,3.209660093671358e-11,3.353904245667103e-35,0.6186535419944401,21.034162837041823,,,,,,
0,case1_exact_pattern,19,19,9,node,3.209660093671358e-11,4.7534574021497726e-35,0.7621761117676877,22.536183306511493,,,,,,
0,case1_exact_pattern,19,19,mean,sample_mean,3.209660093671358e-11,3.209660093671358e-11,0.629587384051742,20.41091292872251,,,,,,
0,case1_exact_pattern,20,20,2,node,1.470727942917141e-11,2.8539819582045132e-11,0.6519663296905528,19.218744097792957,,,,,,
0,case1_exact_pattern,20,20,3,node,1.470727942917141e-11,3.0289298134640506e-11,0.5577058198727781,19.648122432193695,,,,,,
0,case1_exact_pattern,20,20,6,node,1.470727942917141e-11,4.827283394689553e-35,0.6048285072679859,20.604233145294224,,,,,,
0,case1_exact_pattern,20,20,9,node,1.470727942917141e-11,7.40122621719145e-36,0.7720814928704961,23.195506086957224,,,,,,
0,case1_exact_pattern,20,20,mean,sample_mean,1.470727942917141e-11,1.470727942917141e-11,0.6466455374254532,20.666651440559527,,,,,,
0,case1_exact_pattern,21,21,2,node,3.5618965880039853e-12,1.4247586352015941e-11,0.6693474087147209,19.265802722028823,,,,,,
0,case1_exact_pattern,21,21,3,node,3.5618965880039853e-12,2.232663863128268e-34,0.5476840500995355,19.73918315863971,,,,,,
0,case1_exact_pattern,21,21,6,node,3.5618965880039853e-12,2.1630792386845794e-35,0.6878144602158288,22.01657874758401,,,,,,
0,case1_exact_pattern,21,21,9,node,3.5618965880039853e-12,2.179259730905467e-35,0.7770671016564479,23.93053663455082,,,,,,
0,case1_exact_pattern,21,21,mean,sample_mean,3.5618965880039853e-12,3.5618965880039853e-12,0.6704782551716333,21.238025315700842,,,,,,
0,case1_exact_pattern,22,22,2,node,4.363323320304939e-11,1.7453293281219756e-10,0.6303503718217858,18.526280100731494,,,,,,
0,case1_exact_pattern,22,22,3,node,4.363323320304939e-11,1.0164607721020237e-35,0.5752978970888064,19.92316771990093,,,,,,
0,case1_exact_pattern,22,22,6,node,4.363323320304939e-11,6.805801173140824e-35,0.6619650395556218,21.865441890947064,,,,,,
0,case1_exact_pattern,22,22,9,node,4.363323320304939e-11,2.2772935753291432e-34,0.7740940332116124,23.08813086224931,,,,,,
0,case1_exact_pattern,22,22,mean,sample_mean,4.363323320304939e-11,4.363323320304939e-11,0.6604268354194566,20.850755143457203,,,,,,
0,case1_exact_pattern,23,23,2,node,6.9813173124878924e-12,2.792526924995157e-11,0.6864218549670588,19.603155327368544,,,,,,
0,case1_exact_pattern,23,23,3,node,6.9813173124878924e-12,4.848203423379457e-36,0.5651877676627562,20.161786921701232,,,,,,
0,case1_exact_pattern,23,23,6,node,6.9813173124878924e-12,5.365593259214635e-36,0.6181245328157817,21.00560269488983,,,,,,
0,case1_exact_pattern,23,23,9,node,6.9813173124878924e-12,1.0146635966457034e-34,0.5506428113552138,18.410269080444493,,,,,,
0,case1_exact_pattern,23,23,mean,sample_mean,6.9813173124878924e-12,6.9813173124878924e-12,0.6050942417002025,19.795203506101025,,,,,,
0,case1_exact_pattern,24,24,2,node,2.1956758640283e-34,1.1397974527123819e-35,0.6254950739416465,18.339916138834937,,,,,,
0,case1_exact_pattern,24,24,3,node,2.1956758640283e-34,6.828315190216059e-34,0.503197708425286,19.144142667566783,,,,,,
0,case1_exact_pattern,24,24,6,node,2.1956758640283e-34,1.3056440518058736e-34,0.5882542491679813,20.423273208334194,,,,,,
0,case1_exact_pattern,24,24,9,node,2.1956758640283e-34,5.347644688200303e-35,0.7632099923126324,23.226993438969476,,,,,,
0,case1_exact_pattern,24,24,mean,sample_mean,2.1956758640283e-34,2.1956758640283e-34,0.6200392559618866,20.283581363426347,,,,,,
0,case1_exact_pattern,25,25,2,node,4.1511053871215845e-11,1.35754917350223e-10,0.6222495066879857,18.499356369334,,,,,,
0,case1_exact_pattern,25,25,3,node,4.1511053871215845e-11,3.0289298134640384e-11,0.504904963039731,19.273358755345015,,,,,,
0,case1_exact_pattern,25,25,6,node,4.1511053871215845e-11,8.787145689842273e-35,0.6287437172094653,21.02428151284954,,,,,,
0,case1_exact_pattern,25,25,9,node,4.1511053871215845e-11,3.688546944628708e-35,0.6241609980723533,19.277806272397267,,,,,,
0,case1_exact_pattern,25,25,mean,sample_mean,4.1511053871215845e-11,4.1511053871215845e-11,0.5950147962523837,19.518700727481455,,,,,,
0,case1_exact_pattern,26,26,2,node,1.4997370628813865e-11,2.9700184380614804e-11,0.6436055034995251,18.805547409021848,,,,,,
0,case1_exact_pattern,26,26,3,node,1.4997370628813865e-11,3.0289298134640655e-11,0.5468020771659705,19.748488280838302,,,,,,
0,case1_exact_pattern,26,26,6,node,1.4997370628813865e-11,4.87949624976505e-35,0.6457454220997634,21.693967312624928,,,,,,
0,case1_exact_pattern,26,26,9,node,1.4997370628813865e-11,9.684802067060709e-36,0.7108303134872697,21.395977642924088,,,,,,
0,case1_exact_pattern,26,26,mean,sample_mean,1.4997370628813865e-11,1.4997370628813865e-11,0.6367458290631322,20.41099516135229,,,,,,
0,case1_exact_pattern,27,27,2,node,1.093780210417573e-11,1.3461910282062238e-11,0.709558893221479,19.80345935378869,,,,,,
0,case1_exact_pattern,27,27,3,node,1.093780210417573e-11,3.028929813464068e-11,0.6070618370148179,20.457505334447685,,,,,,
0,case1_exact_pattern,27,27,6,node,1.093780210417573e-11,1.3918737182171564e-34,0.701340248495215,22.326447110595343,,,,,,
0,case1_exact_pattern,27,27,9,node,1.093780210417573e-11,1.965175611641158e-34,0.7334981722776938,22.073422942008868,,,,,,
0,case1_exact_pattern,27,27,mean,sample_mean,1.093780210417573e-11,1.093780210417573e-11,0.6878647877523014,21.165208685210146,,,,,,
0,case1_exact_pattern,28,28,2,node,6.744077291043265e-11,1.8562615237884038e-10,0.5894858339060479,18.074089563300134,,,,,,
0,case1_exact_pattern,28,28,3,node,6.744077291043265e-11,8.413693926289024e-11,0.5092853540957072,18.848794388524638,,,,,,
0,case1_exact_pattern,28,28,6,node,6.744077291043265e-11,2.686351990233462e-36,0.6458261995718776,21.64183785944997,,,,,,
0,case1_exact_pattern,28,28,9,node,6.744077291043265e-11,8.807177703201998e-35,0.7218658605664326,22.135160253162557,,,,,,
0,case1_exact_pattern,28,28,mean,sample_mean,6.744077291043265e-11,6.744077291043265e-11,0.6166158120350164,20.174970516109326,,,,,,
0,case1_exact_pattern,29,29,2,node,3.716879402560897e-11,6.453823683954595e-11,0.5813926106816605,17.818838088981327,,,,,,
0,case1_exact_pattern,29,29,3,node,3.716879402560897e-11,8.413693926288993e-11,0.5336555695085837,19.29257994846972,,,,,,
0,case1_exact_pattern,29,29,6,node,3.716879402560897e-11,7.275138499356474e-35,0.6543148912562962,21.587464889663448,,,,,,
0,case1_exact_pattern,29,29,9,node,3.716879402560897e-11,4.9710562403382043e-36,0.7318921893689433,21.8089106593779,,,,,,
0,case1_exact_pattern,29,29,mean,sample_mean,3.716879402560897e-11,3.716879402560897e-11,0.625313815203871,20.1269483966231,,,,,,
0,case1_exact_pattern,30,30,2,node,3.038278362271027e-11,3.739419522795111e-11,0.6432536478218449,19.202302572674192,,,,,,
0,case1_exact_pattern,30,30,3,node,3.038278362271027e-11,8.413693926288997e-11,0.39975415523483937,17.917840362609528,,,,,,
0,case1_exact_pattern,30,30,6,node,3.038278362271027e-11,8.856158048049201e-35,0.6299850927180602,21.373223008684796,,,,,,
0,case1_exact_pattern,30,30,9,node,3.038278362271027e-11,1.3638797312626972e-34,0.7173104017663935,21.63085739715032,,,,,,
0,case1_exact_pattern,30,30,mean,sample_mean,3.038278362271027e-11,3.038278362271027e-11,0.5975758243852844,20.03105583527971,,,,,,
0,case2_zero_count,1,7,2,node,6.493298881286858e-05,2.5353205365921266e-05,0.006081871368338771,10.494154633747158,,,,,,
0,case2_zero_count,1,7,3,node,6.493298881286858e-05,6.3347150982280425e-06,0.04041872359365234,9.982657397644928,,,,,,
0,case2_zero_count,1,7,6,node,6.493298881286858e-05,0.00022804371988606505,0.006485587663233432,10.430409430960758,,,,,,
0,case2_zero_count,1,7,9,node,6.493298881286858e-05,3.1490125998333624e-10,0.43831146132725846,16.892885679195324,,,,,,
0,case2_zero_count,1,7,mean,sample_mean,6.493298881286858e-05,6.493298881286858e-05,0.12282441098812075,11.950026785387042,,,,,,
0,case2_zero_count,2,45,2,node,8.95203518165929e-09,3.295180376439133e-08,0.39519756220886837,15.424890855850741,,,,,,
0,case2_zero_count,2,45,3,node,8.95203518165929e-09,1.3908351184273674e-10,0.46230504980292547,18.756875340582546,,,,,,
0,case2_zero_count,2,45,6,node,8.95203518165929e-09,1.918472486570277e-35,0.6565057340103199,21.546878933713657,,,,,,
0,case2_zero_count,2,45,9,node,8.95203518165929e-09,2.717253450403091e-09,0.5350554193146478,18.366082847574,,,,,,
0,case2_zero_count,2,45,mean,sample_mean,8.95203518165929e-09,8.95203518165929e-09,0.5122659413341903,18.523681994430234,,,,,,
0,case2_zero_count,3,47,2,node,9.111701810806713e-10,7.88343762076872e-10,0.5859660013476222,17.72858526736823,,,,,,
0,case2_zero_count,3,47,3,node,9.111701810806713e-10,1.3908351184273705e-10,0.44736800586313974,18.226781968985247,,,,,,
0,case2_zero_count,3,47,6,node,9.111701810806713e-10,2.4842637456296665e-35,0.6172014011681521,20.946370627914696,,,,,,
0,case2_zero_count,3,47,9,node,9.111701810806713e-10,2.717253450403076e-09,0.5392524229988548,19.216320183758736,,,,,,
0,case2_zero_count,3,47,mean,sample_mean,9.111701810806713e-10,9.111701810806713e-10,0.5474469578444422,19.029514512006728,,,,,,
0,case2_zero_count,4,72,2,node,9.4710382812624e-10,2.970018438061454e-09,0.5190709287266554,17.446809229948947,,,,,,
0,case2_zero_count,4,72,3,node,9.4710382812624e-10,1.3908351184273682e-10,0.46533817433422725,18.63325799535417,,,,,,
0,case2_zero_count,4,72,6,node,9.4710382812624e-10,6.793133626007695e-10,0.5334973428870041,19.384137986341752,,,,,,
0,case2_zero_count,4,72,9,node,9.4710382812624e-10,2.221612128069995e-34,0.7360924439208825,22.37941773305632,,,,,,
0,case2_zero_count,4,72,mean,sample_mean,9.4710382812624e-10,9.4710382812624e-10,0.5634997224671923,19.4609057361753,,,,,,
0,case2_zero_count,5,81,2,node,5.146851195414694e-05,2.1670516131634902e-05,0.03411379265751085,10.25460900892056,,,,,,
0,case2_zero_count,5,81,3,node,5.146851195414694e-05,4.875906932423579e-05,0.019335078077330245,9.51135756905176,,,,,,
0,case2_zero_count,5,81,6,node,5.146851195414694e-05,0.00013544414745945708,0.030170786082309487,10.264680691090796,,,,,,
0,case2_zero_count,5,81,9,node,5.146851195414694e-05,3.149012599833353e-10,0.4613093902154475,16.459987098949348,,,,,,
0,case2_zero_count,5,81,mean,sample_mean,5.146851195414694e-05,5.146851195414694e-05,0.1362322617581495,11.622658592003116,,,,,,
0,case2_zero_count,6,82,2,node,6.9650430390027e-05,1.428703712121697e-05,0.00822179972156483,10.17383192844079,,,,,,
0,case2_zero_count,6,82,3,node,6.9650430390027e-05,8.929794517339816e-05,0.025045040304753078,9.632392956713801,,,,,,
0,case2_zero_count,6,82,6,node,6.9650430390027e-05,0.00017501642436423294,0.04059793031263487,10.487490391066444,,,,,,
0,case2_zero_count,6,82,9,node,6.9650430390027e-05,3.149012599833356e-10,0.44419580007546716,16.82708999546132,,,,,,
0,case2_zero_count,6,82,mean,sample_mean,6.9650430390027e-05,6.9650430390027e-05,0.12951514260360497,11.78020131792059,,,,,,
0,case2_zero_count,7,95,2,node,7.951513378259038e-10,3.2426838905779467e-10,0.5536615222128605,17.30887286864978,,,,,,
0,case2_zero_count,7,95,3,node,7.951513378259038e-10,1.3908351184273685e-10,0.48323361130129117,18.673720546468992,,,,,,
0,case2_zero_count,7,95,6,node,7.951513378259038e-10,9.0648301762391e-35,0.6244704444626407,21.077724732392518,,,,,,
0,case2_zero_count,7,95,9,node,7.951513378259038e-10,2.7172534504030836e-09,0.5006182351342519,18.135080800511243,,,,,,
0,case2_zero_count,7,95,mean,sample_mean,7.951513378259038e-10,7.951513378259038e-10,0.540495953277761,18.798849737005632,,,,,,
0,case2_zero_count,8,100,2,node,2.446997802862873e-09,6.931654249205665e-09,0.4136110973727544,15.736467824751387,,,,,,
0,case2_zero_count,8,100,3,node,2.446997802862873e-09,1.390835118427361e-10,0.5803550728756318,19.76444143875932,,,,,,
0,case2_zero_count,8,100,6,node,2.446997802862873e-09,1.7771202754557556e-35,0.5984809180027936,20.50066687048001,,,,,,
0,case2_zero_count,8,100,9,node,2.446997802862873e-09,2.7172534504030907e-09,0.5346886191511208,18.65601644837357,,,,,,
0,case2_zero_count,8,100,mean,sample_mean,2.446997802862873e-09,2.446997802862873e-09,0.5317839268505751,18.664398145591072,,,,,,
0,case2_zero_count,9,105,2,node,5.503168565317946e-05,8.919324008939992e-06,0.001942045613729523,10.315390830483814,,,,,,
0,case2_zero_count,9,105,3,node,5.503168565317946e-05,0.00020549889242779787,0.041204298907874796,9.277853403292404,,,,,,
0,case2_zero_count,9,105,6,node,5.503168565317946e-05,6.919217138305693e-11,0.6022428609123268,21.05877907348021,,,,,,
0,case2_zero_count,9,105,9,node,5.503168565317946e-05,5.7084569838085946e-06,0.012325349389842753,8.498097246877848,,,,,,
0,case2_zero_count,9,105,mean,sample_mean,5.503168565317946e-05,5.503168565317946e-05,0.1644286387059435,12.287530138533569,,,,,,
0,case2_zero_count,10,128,2,node,3.9731665180001707e-05,2.1348096489039682e-05,0.03097914700048587,10.449545832598908,,,,,,
0,case2_zero_count,10,128,3,node,3.9731665180001707e-05,0.00011622899441275251,0.017924296295593042,9.268730043645391,,,,,,
0,case2_zero_count,10,128,6,node,3.9731665180001707e-05,2.1349384603128782e-05,0.0073780112292667,10.792880169699984,,,,,,
0,case2_zero_count,10,128,9,node,3.9731665180001707e-05,1.8521508584368866e-10,0.6020243977095404,20.041437869818957,,,,,,
0,case2_zero_count,10,128,mean,sample_mean,3.9731665180001707e-05,3.9731665180001707e-05,0.1645764630587215,12.63814847894081,,,,,,
0,case2_zero_count,11,160,2,node,4.24916651709199e-10,5.715447885568228e-10,0.43861604441282465,15.808315185226682,,,,,,
0,case2_zero_count,11,160,3,node,4.24916651709199e-10,1.3908351184273661e-10,0.4771335764494687,18.694166502831276,,,,,,
0,case2_zero_count,11,160,6,node,4.24916651709199e-10,5.172924010233321e-35,0.5870802840611261,20.577544741976116,,,,,,
0,case2_zero_count,11,160,9,node,4.24916651709199e-10,9.890383064372366e-10,0.580877596125966,19.81783530962642,,,,,,
0,case2_zero_count,11,160,mean,sample_mean,4.24916651709199e-10,4.24916651709199e-10,0.5209268752623464,18.72446543491512,,,,,,
0,case2_zero_count,12,164,2,node,1.3782196810341861e-09,2.65654176189092e-09,0.47219537670525397,16.215234668437255,,,,,,
0,case2_zero_count,12,164,3,node,1.3782196810341861e-09,1.390835118427364e-10,0.4858932637759173,18.774558476350915,,,,,,
0,case2_zero_count,12,164,6,node,1.3782196810341861e-09,8.56680567409391e-36,0.6053541410520515,20.63582833236846,,,,,,
0,case2_zero_count,12,164,9,node,1.3782196810341861e-09,2.717253450403088e-09,0.5668582471683141,19.46473850174459,,,,,,
0,case2_zero_count,12,164,mean,sample_mean,1.3782196810341861e-09,1.3782196810341861e-09,0.5325752571753842,18.772589994725305,,,,,,
0,case2_zero_count,13,197,2,node,2.2752603169586253e-05,7.784982648414817e-07,0.05937500170985734,11.107161676933153,,,,,,
0,case2_zero_count,13,197,3,node,2.2752603169586253e-05,7.778596901279033e-05,0.037684918566083254,9.509253101741521,,,,,,
0,case2_zero_count,13,197,6,node,2.2752603169586253e-05,6.919217138305712e-11,0.6316915986080888,21.220406200913764,,,,,,
0,case2_zero_count,13,197,9,node,2.2752603169586253e-05,1.2445876208541812e-05,0.04243811246197854,8.469331108388971,,,,,,
0,case2_zero_count,13,197,mean,sample_mean,2.2752603169586253e-05,2.2752603169586253e-05,0.19279740783650196,12.576538021994352,,,,,,
0,case2_zero_count,14,221,2,node,4.363983802580551e-05,2.5754378277503184e-05,0.0436951739583063,10.35626256210621,,,,,,
0,case2_zero_count,14,221,3,node,4.363983802580551e-05,0.00010301738525065902,0.023245212015228448,9.3664410674063,,,,,,
0,case2_zero_count,14,221,6,node,4.363983802580551e-05,6.91921713830573e-11,0.6467003221107364,21.587953742645553,,,,,,
0,case2_zero_count,14,221,9,node,4.363983802580551e-05,4.578751938288844e-05,0.029379737465544026,8.603571435628368,,,,,,
0,case2_zero_count,14,221,mean,sample_mean,4.363983802580551e-05,4.363983802580551e-05,0.18575511138745376,12.478557201946607,,,,,,
0,case2_zero_count,15,234,2,node,2.844174359677012e-08,1.1091063742483464e-07,0.25723811768916777,13.882478351477815,,,,,,
0,case2_zero_count,15,234,3,node,2.844174359677012e-08,1.390835118427363e-10,0.3941111843258674,17.651714945965807,,,,,,
0,case2_zero_count,15,234,6,node,2.844174359677012e-08,1.331567090621049e-34,0.672502939758739,21.830638841532345,,,,,,
0,case2_zero_count,15,234,9,node,2.844174359677012e-08,2.7172534504031014e-09,0.5433024703786908,18.741650397426838,,,,,,
0,case2_zero_count,15,234,mean,sample_mean,2.844174359677012e-08,2.844174359677012e-08,0.46678867803811624,18.026620634100702,,,,,,
0,case2_zero_count,16,271,2,node,3.285213236556418e-10,4.956884201790608e-10,0.4977567154675812,16.884339383333668,,,,,,
0,case2_zero_count,16,271,3,node,3.285213236556418e-10,1.3908351184273716e-10,0.4580397725976843,18.290958738271307,,,,,,
0,case2_zero_count,16,271,6,node,3.285213236556418e-10,6.793133626007693e-10,0.45920548328929844,18.814099877015547,,,,,,
0,case2_zero_count,16,271,9,node,3.285213236556418e-10,9.883174331913875e-36,0.6739027493995907,20.67629418533501,,,,,,
0,case2_zero_count,16,271,mean,sample_mean,3.285213236556418e-10,3.285213236556418e-10,0.5222261801885387,18.666423045988882,,,,,,
0,case2_zero_count,17,285,2,node,1.7609473600194414e-10,5.047259728576895e-10,0.546512413663371,17.57505571968965,,,,,,
0,case2_zero_count,17,285,3,node,1.7609473600194414e-10,1.99652971150087e-10,0.4648641666142412,18.433989264801646,,,,,,
0,case2_zero_count,17,285,6,node,1.7609473600194414e-10,2.3124098928322868e-35,0.6575374071295471,21.36470689619955,,,,,,
0,case2_zero_count,17,285,9,node,1.7609473600194414e-10,4.850126960636098e-37,0.7557829742671377,22.965195967182865,,,,,,
0,case2_zero_count,17,285,mean,sample_mean,1.7609473600194414e-10,1.7609473600194414e-10,0.6061742404185743,20.084736961968428,,,,,,
0,case2_zero_count,18,297,2,node,2.5565797440095975e-05,2.7069257299512172e-05,0.034813207935254956,10.335205292201678,,,,,,
0,case2_zero_count,18,297,3,node,2.5565797440095975e-05,2.706912674529542e-05,0.018088554162506373,9.369788668869774,,,,,,
0,case2_zero_count,18,297,6,node,2.5565797440095975e-05,4.812449081431632e-05,0.01938039043623975,10.48730212878138,,,,,,
0,case2_zero_count,18,297,9,node,2.5565797440095975e-05,3.149012599833347e-10,0.44407291232796503,17.224008085443096,,,,,,
0,case2_zero_count,18,297,mean,sample_mean,2.5565797440095975e-05,2.5565797440095975e-05,0.12908876621549153,11.854076043823982,,,,,,
0,case2_zero_count,19,301,2,node,4.569671336365659e-06,8.37043681769007e-06,0.02777186501149223,10.144222985181614,,,,,,
0,case2_zero_count,19,301,3,node,4.569671336365659e-06,1.5375473708356645e-06,0.04379512487354839,9.824292591541933,,,,,,
0,case2_zero_count,19,301,6,node,4.569671336365659e-06,8.370515941851057e-06,0.023577802723476343,10.478539213220515,,,,,,
0,case2_zero_count,19,301,9,node,4.569671336365659e-06,1.852150858436887e-10,0.5970384735256559,19.972439401038336,,,,,,
0,case2_zero_count,19,301,mean,sample_mean,4.569671336365659e-06,4.569671336365659e-06,0.1730458165335432,12.6048735477456,,,,,,
0,case2_zero_count,20,345,2,node,1.2557200466268035e-10,3.013896126556588e-10,0.4812689598958954,16.364895923846735,,,,,,
0,case2_zero_count,20,345,3,node,1.2557200466268035e-10,1.3908351184273555e-10,0.435603768796159,18.254405676188625,,,,,,
0,case2_zero_count,20,345,6,node,1.2557200466268035e-10,1.742213348943568e-36,0.70174295845162,22.47855716941662,,,,,,
0,case2_zero_count,20,345,9,node,1.2557200466268035e-10,6.181489415232703e-11,0.6132809640290939,19.884609596501278,,,,,,
0,case2_zero_count,20,345,mean,sample_mean,1.2557200466268035e-10,1.2557200466268035e-10,0.5579741627931921,19.245617091488313,,,,,,
0,case2_zero_count,21,349,2,node,2.9914670389015606e-10,8.876749630676955e-10,0.46543940028857705,16.169360329181508,,,,,,
0,case2_zero_count,21,349,3,node,2.9914670389015606e-10,1.3908351184273667e-10,0.4723977507836635,18.55009926517132,,,,,,
0,case2_zero_count,21,349,6,node,2.9914670389015606e-10,5.035543371548435e-36,0.6148284325181624,21.269607261954096,,,,,,
0,case2_zero_count,21,349,9,node,2.9914670389015606e-10,1.6982834065019195e-10,0.6499711568084765,20.672246580754415,,,,,,
0,case2_zero_count,21,349,mean,sample_mean,2.9914670389015606e-10,2.9914670389015606e-10,0.5506591850997198,19.165328359265335,,,,,,
0,case2_zero_count,22,353,2,node,2.3207250490079992e-10,1.0989314515969325e-10,0.558847669597787,17.65423766972735,,,,,,
0,case2_zero_count,22,353,3,node,2.3207250490079992e-10,1.3908351184273708e-10,0.4404038876972642,18.248924096509768,,,,,,
0,case2_zero_count,22,353,6,node,2.3207250490079992e-10,6.793133626007694e-10,0.5288605028859981,19.75999966723267,,,,,,
0,case2_zero_count,22,353,9,node,2.3207250490079992e-10,2.605619349876212e-37,0.7637467831468515,22.64339954392981,,,,,,
0,case2_zero_count,22,353,mean,sample_mean,2.3207250490079992e-10,2.3207250490079992e-10,0.5729647108319752,19.5766402443499,,,,,,
0,case2_zero_count,23,368,2,node,6.733486791490463e-11,1.2419831746384329e-10,0.6380656274364084,18.751215993054362,,,,,,
0,case2_zero_count,23,368,3,node,6.733486791490463e-11,1.451411541957752e-10,0.44998714431746295,18.41329303467124,,,,,,
0,case2_zero_count,23,368,6,node,6.733486791490463e-11,7.388234059800554e-35,0.6696709453335102,21.811856250994722,,,,,,
0,case2_zero_count,23,368,9,node,6.733486791490463e-11,3.216391780275996e-35,0.7169973183980879,21.96792585675112,,,,,,
0,case2_zero_count,23,368,mean,sample_mean,6.733486791490463e-11,6.733486791490463e-11,0.6186802588713674,20.23607278386786,,,,,,
0,case2_zero_count,24,371,2,node,6.639595490578081e-10,2.0235641380307285e-09,0.29818460957642506,14.036317477217828,,,,,,
0,case2_zero_count,24,371,3,node,6.639595490578081e-10,1.3908351184273754e-10,0.443670579341783,18.318178677508826,,,,,,
0,case2_zero_count,24,371,6,node,6.639595490578081e-10,4.931905463577665e-10,0.5955466522186088,20.59686088203443,,,,,,
0,case2_zero_count,24,371,9,node,6.639595490578081e-10,1.4334914114714442e-34,0.7243350882603498,22.422133746181302,,,,,,
0,case2_zero_count,24,371,mean,sample_mean,6.639595490578081e-10,6.639595490578081e-10,0.5154342323492916,18.843372695735596,,,,,,
0,case2_zero_count,25,388,2,node,5.536750852031206e-09,7.425046095153623e-10,0.0018074478700138338,8.577329444711054,,,,,,
0,case2_zero_count,25,388,3,node,5.536750852031206e-09,6.815092080294075e-09,0.3985834919746569,17.63715184883124,,,,,,
0,case2_zero_count,25,388,6,node,5.536750852031206e-09,5.508216223701509e-35,0.657319269024137,21.740525997202084,,,,,,
0,case2_zero_count,25,388,9,node,5.536750852031206e-09,1.4589406718315387e-08,0.3068858280840742,14.385722345625283,,,,,,
0,case2_zero_count,25,388,mean,sample_mean,5.536750852031206e-09,5.536750852031206e-09,0.3411490092382205,15.585182409092415,,,,,,
0,case2_zero_count,26,390,2,node,6.261180372656266e-10,2.303573743067443e-09,0.38998424387465036,14.996450198564489,,,,,,
0,case2_zero_count,26,390,3,node,6.261180372656266e-10,1.390835118427367e-10,0.45234178694115695,18.345106881471406,,,,,,
0,case2_zero_count,26,390,6,node,6.261180372656266e-10,2.6109726245632986e-35,0.577466559500332,20.310993171593957,,,,,,
0,case2_zero_count,26,390,9,node,6.261180372656266e-10,6.181489415232683e-11,0.63914825873307,19.975531980965854,,,,,,
0,case2_zero_count,26,390,mean,sample_mean,6.261180372656266e-10,6.261180372656266e-10,0.5147352122623023,18.40702055814893,,,,,,
0,case2_zero_count,27,433,2,node,1.1925441874462349e-05,4.6538898774275476e-06,0.022432748166080308,10.545685332016426,,,,,,
0,case2_zero_count,27,433,3,node,1.1925441874462349e-05,4.1884172490075636e-05,0.02956209732806735,9.66033204096125,,,,,,
0,case2_zero_count,27,433,6,node,1.1925441874462349e-05,6.919217138305704e-11,0.6021062981124333,20.825819728620388,,,,,,
0,case2_zero_count,27,433,9,node,1.1925441874462349e-05,1.1636359381748285e-06,0.03446858921886372,8.649921783479599,,,,,,
0,case2_zero_count,27,433,mean,sample_mean,1.1925441874462349e-05,1.1925441874462349e-05,0.1721424332063612,12.420439721269416,,,,,,
0,case2_zero_count,28,471,2,node,6.9813173124878924e-12,2.792526924995157e-11,0.6272029456067376,18.418413670525247,,,,,,
0,case2_zero_count,28,471,3,node,6.9813173124878924e-12,4.848203423379457e-36,0.560324806539359,19.76629935577846,,,,,,
0,case2_zero_count,28,471,6,node,6.9813173124878924e-12,5.365593259214635e-36,0.7072047606995927,22.534437115408,,,,,,
0,case2_zero_count,28,471,9,node,6.9813173124878924e-12,1.0146635966457034e-34,0.6963364346988073,21.73366633575032,,,,,,
0,case2_zero_count,28,471,mean,sample_mean,6.9813173124878924e-12,6.9813173124878924e-12,0.6477672368861241,20.613204119365506,,,,,,
0,case2_zero_count,29,550,2,node,2.482252363978058e-11,1.515315529623216e-11,0.6620768666714638,19.273191395355916,,,,,,
0,case2_zero_count,29,550,3,node,2.482252363978058e-11,8.413693926289016e-11,0.5754778382715029,19.98725014952913,,,,,,
0,case2_zero_count,29,550,6,node,2.482252363978058e-11,3.810948387048274e-36,0.6145670947899461,21.01036844258237,,,,,,
0,case2_zero_count,29,550,9,node,2.482252363978058e-11,5.341750432919224e-35,0.693968736510662,21.23065216856306,,,,,,
0,case2_zero_count,29,550,mean,sample_mean,2.482252363978058e-11,2.482252363978058e-11,0.6365226340608937,20.375365539007618,,,,,,
0,case2_zero_count,30,566,2,node,9.915713328160967e-11,1.969755619763512e-10,0.5250173025436501,16.897834006361144,,,,,,
0,case2_zero_count,30,566,3,node,9.915713328160967e-11,1.9965297115008747e-10,0.3258489497009565,16.891993835647117,,,,,,
0,case2_zero_count,30,566,6,node,9.915713328160967e-11,1.0770851124936683e-34,0.5950832491897236,20.49037591124214,,,,,,
0,case2_zero_count,30,566,9,node,9.915713328160967e-11,1.7905357828694502e-34,0.8205876152733539,24.727408350958257,,,,,,
0,case2_zero_count,30,566,mean,sample_mean,9.915713328160967e-11,9.915713328160967e-11,0.566634279176921,19.751903026052165,,,,,,
0,case3_no_structure,1,149742,2,node,8.665580917278623e-09,1.254956924229655e-09,0.3385772199060714,14.35505681039352,,,,,,
0,case3_no_structure,1,149742,3,node,8.665580917278623e-09,1.5962870988789344e-08,0.22246325636664696,15.510450880771401,,,,,,
0,case3_no_structure,1,149742,6,node,8.665580917278623e-09,1.70288856347373e-08,0.38351281635360013,17.486907473998624,,,,,,
0,case3_no_structure,1,149742,9,node,8.665580917278623e-09,4.1561012135819344e-10,0.5859973154800826,20.6633444689383,,,,,,
0,case3_no_structure,1,149742,mean,sample_mean,8.665580917278623e-09,8.665580917278623e-09,0.3826376520266003,17.00393990852546,,,,,,
0,case3_no_structure,2,211816,2,node,5.4327283214251405e-05,2.1848322288918875e-10,0.5436268140650791,16.981626362961602,,,,,,
0,case3_no_structure,2,211816,3,node,5.4327283214251405e-05,3.7080314439626226e-11,0.5232532268024032,19.540204802410628,,,,,,
0,case3_no_structure,2,211816,6,node,5.4327283214251405e-05,0.0002173080873954119,0.028623830182677945,10.149113885966344,,,,,,
0,case3_no_structure,2,211816,9,node,5.4327283214251405e-05,7.898980563876944e-10,0.2869987195356823,13.263280054833778,,,,,,
0,case3_no_structure,2,211816,mean,sample_mean,5.4327283214251405e-05,5.4327283214251405e-05,0.3456256476464606,14.983556276543089,,,,,,
0,case3_no_structure,3,341111,2,node,1.2321358380584038e-08,4.671044112439188e-08,0.3885649197308212,15.139247545268134,,,,,,
0,case3_no_structure,3,341111,3,node,1.2321358380584038e-08,1.3062703877619722e-09,0.04480107714599804,7.544815856396312,,,,,,
0,case3_no_structure,3,341111,6,node,1.2321358380584038e-08,3.9285337273056904e-35,0.6538844260789027,21.65883379200185,,,,,,
0,case3_no_structure,3,341111,9,node,1.2321358380584038e-08,1.2687220101822928e-09,0.5867332226739638,20.428165189805462,,,,,,
0,case3_no_structure,3,341111,mean,sample_mean,1.2321358380584038e-08,1.2321358380584038e-08,0.4184959114074215,16.19276559586794,,,,,,
0,case3_no_structure,4,342680,2,node,5.752780901765338e-09,1.862122723859616e-09,0.10361630266808652,9.044543420453294,,,,,,
0,case3_no_structure,4,342680,3,node,5.752780901765338e-09,9.938357764374909e-09,0.2654219862002375,15.727001417707065,,,,,,
0,case3_no_structure,4,342680,6,node,5.752780901765338e-09,1.0963383542217518e-08,0.4346499919238023,18.785390070152253,,,,,,
0,case3_no_structure,4,342680,9,node,5.752780901765338e-09,2.472595766093084e-10,0.5507337909438984,19.248319239008843,,,,,,
0,case3_no_structure,4,342680,mean,sample_mean,5.752780901765338e-09,5.752780901765338e-09,0.3386055179340062,15.701313536830364,,,,,,
0,case3_no_structure,5,358904,2,node,1.2529928958125323e-09,1.3436612715611435e-09,0.4245145277263059,15.679284214984257,,,,,,
0,case3_no_structure,5,358904,3,node,1.2529928958125323e-09,3.3591531789028567e-10,0.33597928515339665,16.843367398818458,,,,,,
0,case3_no_structure,5,358904,6,node,1.2529928958125323e-09,6.151415433956146e-10,0.5710756364425724,20.149663160381724,,,,,,
0,case3_no_structure,5,358904,9,node,1.2529928958125323e-09,2.7172534504030857e-09,0.47717655858786306,17.25454780406103,,,,,,
0,case3_no_structure,5,358904,mean,sample_mean,1.2529928958125323e-09,1.2529928958125323e-09,0.4521865019775345,17.48171564456137,,,,,,
0,case3_no_structure,6,439369,2,node,1.151463001723346e-07,2.1975516641443445e-07,0.5438254243327773,17.196929939505974,,,,,,
0,case3_no_structure,6,439369,3,node,1.151463001723346e-07,2.2677766406123652e-08,0.04581111137305036,9.828624243426049,,,,,,
0,case3_no_structure,6,439369,6,node,1.151463001723346e-07,6.793133626007671e-10,0.08529960463918695,9.291241590948083,,,,,,
0,case3_no_structure,6,439369,9,node,1.151463001723346e-07,2.1747295450617955e-07,0.2989942828727275,14.628161860455137,,,,,,
0,case3_no_structure,6,439369,mean,sample_mean,1.151463001723346e-07,1.151463001723346e-07,0.24348260580443554,12.73623940858381,,,,,,
0,case3_no_structure,7,460567,2,node,8.351321808870923e-08,4.648417348225569e-08,0.408343687449824,15.542865373682432,,,,,,
0,case3_no_structure,7,460567,3,node,8.351321808870923e-08,2.2490022760944467e-09,-0.01528226775554969,7.147130684662031,,,,,,
0,case3_no_structure,7,460567,6,node,8.351321808870923e-08,5.365278381036443e-08,0.29163170619762535,16.2477151872126,,,,,,
0,case3_no_structure,7,460567,9,node,8.351321808870923e-08,2.3166691278612236e-07,0.32581285444482444,15.174129879079011,,,,,,
0,case3_no_structure,7,460567,mean,sample_mean,8.351321808870923e-08,8.351321808870923e-08,0.252626495084181,13.527960281159018,,,,,,
0,case3_no_structure,8,488198,2,node,5.4327277440430517e-05,3.2422040759064245e-10,0.4575893852271434,16.04116697506541,,,,,,
0,case3_no_structure,8,488198,3,node,5.4327277440430517e-05,0.0002173080660014792,0.055532304296859514,9.679948829385943,,,,,,
0,case3_no_structure,8,488198,6,node,5.4327277440430517e-05,4.37972733387831e-10,0.488718048726766,19.371318119441668,,,,,,
0,case3_no_structure,8,488198,9,node,5.4327277440430517e-05,2.8156710187719453e-10,0.47360374715304515,18.21222754466022,,,,,,
0,case3_no_structure,8,488198,mean,sample_mean,5.4327277440430517e-05,5.4327277440430517e-05,0.3688608713509535,15.826165367138309,,,,,,
0,case3_no_structure,9,513406,2,node,4.04825506065825e-10,4.260528881975693e-10,0.4729893518703918,15.942787750852695,,,,,,
0,case3_no_structure,9,513406,3,node,4.04825506065825e-10,1.0186376079086052e-10,0.4894569153449291,18.981669248838696,,,,,,
0,case3_no_structure,9,513406,6,node,4.04825506065825e-10,7.165090526690196e-10,0.48128292136006995,18.973292134601778,,,,,,
0,case3_no_structure,9,513406,9,node,4.04825506065825e-10,3.7487632260585054e-10,0.5860520082319868,20.308807682588938,,,,,,
0,case3_no_structure,9,513406,mean,sample_mean,4.04825506065825e-10,4.04825506065825e-10,0.5074452992018444,18.551639204220525,,,,,,
0,case3_no_structure,10,559894,2,node,6.846512575081281e-09,2.7016568988524842e-08,0.4299869320453995,15.434483309516011,,,,,,
0,case3_no_structure,10,559894,3,node,6.846512575081281e-09,1.9965297115008773e-10,0.4679746345435576,18.277246515988978,,,,,,
0,case3_no_structure,10,559894,6,node,6.846512575081281e-09,4.2184368824223833e-35,0.6159524280456286,21.117085982398848,,,,,,
0,case3_no_structure,10,559894,9,node,6.846512575081281e-09,1.6982834065019314e-10,0.643286226371186,20.65577012310501,,,,,,
0,case3_no_structure,10,559894,mean,sample_mean,6.846512575081281e-09,6.846512575081281e-09,0.5393000552514429,18.871146482752213,,,,,,
0,case3_no_structure,11,566122,2,node,3.676207602138479e-09,8.484682334389035e-10,0.5625758956755277,17.859419994805855,,,,,,
0,case3_no_structure,11,566122,3,node,3.676207602138479e-09,1.6706353714095497e-09,0.1476038069129928,14.1315443982079,,,,,,
0,case3_no_structure,11,566122,6,node,3.676207602138479e-09,2.3058203015713474e-35,0.6027529334320153,20.760778091648493,,,,,,
0,case3_no_structure,11,566122,9,node,3.676207602138479e-09,1.2185726803705464e-08,0.4614443140324663,17.251242268287196,,,,,,
0,case3_no_structure,11,566122,mean,sample_mean,3.676207602138479e-09,3.676207602138479e-09,0.4435942375132505,17.50074618823736,,,,,,
0,case3_no_structure,12,582953,2,node,4.219636522040331e-09,3.466177406968134e-10,0.49152703972766965,16.618553985839057,,,,,,
0,case3_no_structure,12,582953,3,node,4.219636522040331e-09,4.762049229432753e-09,0.3767250488932103,17.366871810243982,,,,,,
0,case3_no_structure,12,582953,6,node,4.219636522040331e-09,8.760957654057943e-09,0.48945476049392983,19.361577369034123,,,,,,
0,case3_no_structure,12,582953,9,node,4.219636522040331e-09,3.008921463973812e-09,0.47762289361295424,17.763962456173743,,,,,,
0,case3_no_structure,12,582953,mean,sample_mean,4.219636522040331e-09,4.219636522040331e-09,0.45883243568194104,17.777741405322725,,,,,,
0,case3_no_structure,13,745057,2,node,3.463875566634106e-08,1.1773651918600186e-07,0.4199559467508156,15.629465323687526,,,,,,
0,case3_no_structure,13,745057,3,node,3.463875566634106e-08,7.110137593917503e-09,0.05660528940188472,9.80173876191192,,,,,,
0,case3_no_structure,13,745057,6,node,3.463875566634106e-08,1.8202962679486276e-34,0.6630667221023677,21.543496510094883,,,,,,
0,case3_no_structure,13,745057,9,node,3.463875566634106e-08,1.3708365885444877e-08,0.5785933361138343,20.14768330836227,,,,,,
0,case3_no_structure,13,745057,mean,sample_mean,3.463875566634106e-08,3.463875566634106e-08,0.4295553235922256,16.78059597601415,,,,,,
0,case3_no_structure,14,765109,2,node,4.1836037278418115e-09,1.1139659932764125e-09,0.4024036228489072,15.077417990645955,,,,,,
0,case3_no_structure,14,765109,3,node,4.1836037278418115e-09,6.789375204280832e-09,0.1965955026472658,14.213140817446437,,,,,,
0,case3_no_structure,14,765109,6,node,4.1836037278418115e-09,6.113820263406919e-09,0.47985292376235117,18.958559766326935,,,,,,
0,case3_no_structure,14,765109,9,node,4.1836037278418115e-09,2.7172534504030807e-09,0.5309752618405373,18.623720388895176,,,,,,
0,case3_no_structure,14,765109,mean,sample_mean,4.1836037278418115e-09,4.1836037278418115e-09,0.4024568277747653,16.718209740828627,,,,,,
0,case3_no_structure,15,776326,2,node,1.162320226045485e-09,8.310618503634175e-10,0.41487219416621746,15.174421870767567,,,,,,
0,case3_no_structure,15,776326,3,node,1.162320226045485e-09,2.561923323690204e-10,0.35828546369422787,17.292898437233905,,,,,,
0,case3_no_structure,15,776326,6,node,1.162320226045485e-09,8.447732710464235e-10,0.5662083920930011,20.199261608988778,,,,,,
0,case3_no_structure,15,776326,9,node,1.162320226045485e-09,2.7172534504030787e-09,0.5444081453313913,18.93398026081106,,,,,,
0,case3_no_structure,15,776326,mean,sample_mean,1.162320226045485e-09,1.162320226045485e-09,0.47094354882120937,17.90014054445033,,,,,,
0,case3_no_structure,16,795776,2,node,7.098087459708092e-09,1.2771900920741524e-08,0.3624206551443913,15.048405640017641,,,,,,
0,case3_no_structure,16,795776,3,node,7.098087459708092e-09,6.789375204280835e-09,0.1894839979694617,14.737434556088907,,,,,,
0,case3_no_structure,16,795776,6,node,7.098087459708092e-09,6.1138202634069284e-09,0.4647231918920787,18.610133498620517,,,,,,
0,case3_no_structure,16,795776,9,node,7.098087459708092e-09,2.717253450403083e-09,0.4654261218272449,16.49666512371334,,,,,,
0,case3_no_structure,16,795776,mean,sample_mean,7.098087459708092e-09,7.098087459708092e-09,0.3705134917082941,16.2231597046101,,,,,,
0,case3_no_structure,17,797183,2,node,6.84256741684896e-09,5.121984763914546e-10,0.5338781261632517,17.277645757254493,,,,,,
0,case3_no_structure,17,797183,3,node,6.84256741684896e-09,8.331096120186757e-09,0.5035599816352331,18.701847535834148,,,,,,
0,case3_no_structure,17,797183,6,node,6.84256741684896e-09,9.761355866490766e-09,0.019071685330630115,7.922953850926888,,,,,,
0,case3_no_structure,17,797183,9,node,6.84256741684896e-09,8.765619204326864e-09,0.3056007786029018,13.857962133013316,,,,,,
0,case3_no_structure,17,797183,mean,sample_mean,6.84256741684896e-09,6.84256741684896e-09,0.34052764293300414,14.44010231925721,,,,,,
0,case3_no_structure,18,950871,2,node,3.781974273953984e-07,1.4697338240110785e-06,0.4443231126976513,15.595412311661306,,,,,,
0,case3_no_structure,18,950871,3,node,3.781974273953984e-07,4.991324278752166e-09,0.03841456943954536,7.370436498230276,,,,,,
0,case3_no_structure,18,950871,6,node,3.781974273953984e-07,1.6738081029340374e-35,0.6309984130442116,21.234660261760197,,,,,,
0,case3_no_structure,18,950871,9,node,3.781974273953984e-07,3.8064561291762894e-08,0.42791833323547973,16.604422121629174,,,,,,
0,case3_no_structure,18,950871,mean,sample_mean,3.781974273953984e-07,3.781974273953984e-07,0.38541360710422196,15.201232798320238,,,,,,
0,case3_no_structure,19,969430,2,node,5.304252515719047e-10,1.2038545933506335e-09,0.48155453867080755,16.684811225389826,,,,,,
0,case3_no_structure,19,969430,3,node,5.304252515719047e-10,3.4370278020048624e-10,0.28896581723046083,16.31264862196168,,,,,,
0,case3_no_structure,19,969430,6,node,5.304252515719047e-10,3.904542346596312e-10,0.5391455077138932,20.038684068811087,,,,,,
0,case3_no_structure,19,969430,9,node,5.304252515719047e-10,1.836893980768676e-10,0.571635034672175,19.324340288699595,,,,,,
0,case3_no_structure,19,969430,mean,sample_mean,5.304252515719047e-10,5.304252515719047e-10,0.4703252245718341,18.090121051215547,,,,,,
0,case3_no_structure,20,1120173,2,node,1.8172632270738714e-08,4.6309705420774136e-08,0.23503643975508667,12.823876005978335,,,,,,
0,case3_no_structure,20,1120173,3,node,1.8172632270738714e-08,4.991324278752194e-09,0.024368620874281103,7.192346872248635,,,,,,
0,case3_no_structure,20,1120173,6,node,1.8172632270738714e-08,6.113820263406933e-09,0.44380979448371766,18.34988154601079,,,,,,
0,case3_no_structure,20,1120173,9,node,1.8172632270738714e-08,1.5275679120021588e-08,0.44742944621168773,16.35310213971294,,,,,,
0,case3_no_structure,20,1120173,mean,sample_mean,1.8172632270738714e-08,1.8172632270738714e-08,0.2876610753311933,13.679801640987677,,,,,,
0,case3_no_structure,21,1168009,2,node,8.86990326584131e-06,5.792578417175908e-06,0.02124167749652341,10.129760652982007,,,,,,
0,case3_no_structure,21,1168009,3,node,8.86990326584131e-06,2.3169542757390272e-05,0.03644773368542512,9.59230903536087,,,,,,
0,case3_no_structure,21,1168009,6,node,8.86990326584131e-06,3.2588285789681885e-06,0.02673525222626665,10.668673148405404,,,,,,
0,case3_no_structure,21,1168009,9,node,8.86990326584131e-06,3.258663309830874e-06,0.009510851644177193,8.0730495734919,,,,,,
0,case3_no_structure,21,1168009,mean,sample_mean,8.86990326584131e-06,8.86990326584131e-06,0.023483878763098095,9.615948102560045,,,,,,
0,case3_no_structure,22,1277441,2,node,9.1246136106072e-08,1.8621227238596145e-09,0.06901797632574998,9.099248176046437,,,,,,
0,case3_no_structure,22,1277441,3,node,9.1246136106072e-08,1.3908351184273527e-10,0.5688944314704195,19.823745593288862,,,,,,
0,case3_no_structure,22,1277441,6,node,9.1246136106072e-08,3.5459234522335463e-07,0.40519692079749065,17.599241072554587,,,,,,
0,case3_no_structure,22,1277441,9,node,9.1246136106072e-08,8.390992965231053e-09,0.47740276865699355,17.429839040711325,,,,,,
0,case3_no_structure,22,1277441,mean,sample_mean,9.1246136106072e-08,9.1246136106072e-08,0.3801280243126634,15.988018470650303,,,,,,
0,case3_no_structure,23,1331646,2,node,4.583836403218324e-10,6.585615508311158e-10,0.49285779084970827,16.449386587290707,,,,,,
0,case3_no_structure,23,1331646,3,node,4.583836403218324e-10,3.0862878390805083e-10,0.34854690803021576,17.202583239423745,,,,,,
0,case3_no_structure,23,1331646,6,node,4.583836403218324e-10,7.175380629516165e-10,0.30454021974527695,16.97465407646998,,,,,,
0,case3_no_structure,23,1331646,9,node,4.583836403218324e-10,1.4880616359654628e-10,0.5986295844626751,20.681657864217726,,,,,,
0,case3_no_structure,23,1331646,mean,sample_mean,4.583836403218324e-10,4.583836403218324e-10,0.43614362577196897,17.827070441850537,,,,,,
0,case3_no_structure,24,1333127,2,node,2.6108811919157583e-09,9.796035334869875e-10,0.3607586423635835,14.75688638348506,,,,,,
0,case3_no_structure,24,1333127,3,node,2.6108811919157583e-09,6.328475203660428e-10,0.384766834311518,17.753200163704822,,,,,,
0,case3_no_structure,24,1333127,6,node,2.6108811919157583e-09,6.1138202634069235e-09,0.49111011419955664,19.058168708793442,,,,,,
0,case3_no_structure,24,1333127,9,node,2.6108811919157583e-09,2.7172534504030787e-09,0.5172227100688533,18.089135438704197,,,,,,
0,case3_no_structure,24,1333127,mean,sample_mean,2.6108811919157583e-09,2.6108811919157583e-09,0.4384645752358779,17.414347673671884,,,,,,
0,case3_no_structure,25,1342177,2,node,9.793450338012438e-09,2.048793905565833e-09,0.008587381275012004,8.549897169387506,,,,,,
0,case3_no_structure,25,1342177,3,node,9.793450338012438e-09,2.6605234078496284e-08,0.3648015342809649,16.684555866116167,,,,,,
0,case3_no_structure,25,1342177,6,node,9.793450338012438e-09,2.7125065139009355e-09,0.5150099135316106,19.52237414022471,,,,,,
0,case3_no_structure,25,1342177,9,node,9.793450338012438e-09,7.807266854086697e-09,0.23263076699919383,11.435420036846146,,,,,,
0,case3_no_structure,25,1342177,mean,sample_mean,9.793450338012438e-09,9.793450338012438e-09,0.28025739902169533,14.048061803143632,,,,,,
0,case3_no_structure,26,1359029,2,node,1.9026836001047065e-08,5.123932615175686e-09,0.22919321410761007,13.404957338162035,,,,,,
0,case3_no_structure,26,1359029,3,node,1.9026836001047065e-08,4.166445992229647e-08,0.33111651221309496,16.81442798618135,,,,,,
0,case3_no_structure,26,1359029,6,node,1.9026836001047065e-08,2.4577086889593984e-08,0.40530338501391094,18.36291410404763,,,,,,
0,case3_no_structure,26,1359029,9,node,1.9026836001047065e-08,4.741864577122124e-09,0.4527407850727309,18.141317429708533,,,,,,
0,case3_no_structure,26,1359029,mean,sample_mean,1.9026836001047065e-08,1.9026836001047065e-08,0.35458847410183675,16.680904214524887,,,,,,
0,case3_no_structure,27,1405460,2,node,1.4577321393446376e-07,3.295180376439148e-08,0.40565076799974503,15.351471937804149,,,,,,
0,case3_no_structure,27,1405460,3,node,1.4577321393446376e-07,7.57232453366011e-10,0.05236973542195336,7.450824556699509,,,,,,
0,case3_no_structure,27,1405460,6,node,1.4577321393446376e-07,4.488303376733624e-35,0.6437465343718523,21.400129325688468,,,,,,
0,case3_no_structure,27,1405460,9,node,1.4577321393446376e-07,5.493838195200975e-07,0.3045308037552398,15.419363458046398,,,,,,
0,case3_no_structure,27,1405460,mean,sample_mean,1.4577321393446376e-07,1.4577321393446376e-07,0.35157446038719764,14.90544731955963,,,,,,
0,case3_no_structure,28,1433504,2,node,2.394454378375194e-09,1.4199470952752663e-09,0.43886783033432514,15.960661109457092,,,,,,
0,case3_no_structure,28,1433504,3,node,2.394454378375194e-09,2.3012497333475118e-09,0.3069656393529041,16.166759350406302,,,,,,
0,case3_no_structure,28,1433504,6,node,2.394454378375194e-09,3.995832002128044e-09,0.46402081799992884,18.68150509081541,,,,,,
0,case3_no_structure,28,1433504,9,node,2.394454378375194e-09,1.860788682749954e-09,0.6069300080841707,20.438047479165782,,,,,,
0,case3_no_structure,28,1433504,mean,sample_mean,2.394454378375194e-09,2.394454378375194e-09,0.45419607394283223,17.811743257461146,,,,,,
0,case3_no_structure,29,1435741,2,node,4.070756387960276e-09,2.820904879316393e-09,0.39151137625014315,15.459936167548534,,,,,,
0,case3_no_structure,29,1435741,3,node,4.070756387960276e-09,9.063849988110856e-09,0.2600681287538335,15.669062391600043,,,,,,
0,case3_no_structure,29,1435741,6,node,4.070756387960276e-09,1.4041880300556735e-35,0.6866622965925956,21.84234624102726,,,,,,
0,case3_no_structure,29,1435741,9,node,4.070756387960276e-09,4.398270684413857e-09,0.41937135689796895,17.0519630558505,,,,,,
0,case3_no_structure,29,1435741,mean,sample_mean,4.070756387960276e-09,4.070756387960276e-09,0.4394032896236353,17.505826964006587,,,,,,
0,case3_no_structure,30,1443181,2,node,1.4374609656907496e-09,1.7834975057534685e-10,0.5489166044832646,17.502718734731637,,,,,,
0,case3_no_structure,30,1443181,3,node,1.4374609656907496e-09,9.54729945001349e-10,0.35837393940642137,17.130144331440135,,,,,,
0,case3_no_structure,30,1443181,6,node,1.4374609656907496e-09,4.064953746479487e-10,0.5182347640569805,19.596322949437223,,,,,,
0,case3_no_structure,30,1443181,9,node,1.4374609656907496e-09,4.210268792538353e-09,0.35181178938988955,15.349290496265489,,,,,,
0,case3_no_structure,30,1443181,mean,sample_mean,1.4374609656907496e-09,1.4374609656907496e-09,0.444334274334139,17.39461912796862,,,,,,
all,case1_exact_pattern,all,all,case_summary,case_summary,,,,,9.949303898104835e-10,1.5952305017651142e-17,0.5804947981673794,0.02362614872348431,19.62331793610559,8.21854639366196
all,case2_zero_count,all,all,case_summary,case_summary,,,,,1.2977370590211802e-05,1.4543416280588186e-09,0.41457037022403403,0.06184422565013968,16.758831429094872,20.305613545346525
all,case3_no_structure,all,all,case_summary,case_summary,,,,,3.9497966908814465e-06,7.763990270636319e-10,0.3837221349403922,0.032831883856521756,16.146009348360778,13.847303792063277
