round,dp_mode,dp_epsilon,train_loss_mean,test_loss_mean,test_acc_mean,test_acc_std
0,aggregate,10000.0,2.302380699828583,2.3029229353730747,0.1026,0.0006985699678629183
1,aggregate,10000.0,2.3017705205115337,2.302468605445199,0.10346,0.001585685971433182
2,aggregate,10000.0,2.3011608918061435,2.3020500054253032,0.10414999999999999,0.0023703375287076715
3,aggregate,10000.0,2.300637444678557,2.3016032885206976,0.10474000000000001,0.003176853789521955
4,aggregate,10000.0,2.300118209680024,2.3011711900205367,0.10573000000000002,0.004727800757223172
5,aggregate,10000.0,2.299612144121998,2.300743856717556,0.10669,0.005519864128762591
6,aggregate,10000.0,2.2990977661770695,2.3003033062634786,0.10733000000000001,0.00603208919032204
7,aggregate,10000.0,2.298590902453438,2.2998426338256444,0.10818999999999998,0.0057482953995075785
8,aggregate,10000.0,2.2980891159919272,2.2994092419231653,0.11017000000000002,0.008410118905223637
9,aggregate,10000.0,2.297579807469135,2.298936161922316,0.11338999999999999,0.011760140305285475
10,aggregate,10000.0,2.2970676441107,2.298468537529409,0.11778,0.014720176629375071
11,aggregate,10000.0,2.296531618757109,2.2979793069866585,0.12297,0.019081040328032428
12,aggregate,10000.0,2.295982699224182,2.297499702450304,0.12679999999999997,0.02007436175822285
13,aggregate,10000.0,2.295437318765153,2.296996637134748,0.13187,0.020910191295155575
14,aggregate,10000.0,2.2948438837120966,2.2964891854157594,0.13870000000000002,0.01988084505246193
15,aggregate,10000.0,2.2942734394300053,2.295946924630052,0.1447,0.021276747871796578
16,aggregate,10000.0,2.2936713862620324,2.295385241759773,0.1524,0.020232202055139727
17,aggregate,10000.0,2.293041215357774,2.29482576356228,0.15796000000000002,0.01710188293726746
18,aggregate,10000.0,2.2923710202775465,2.294224141165319,0.16494,0.015445465353947743
19,aggregate,10000.0,2.291688779507557,2.293597587215019,0.16982999999999998,0.013912300313032347
20,aggregate,10000.0,2.290947618668153,2.2929548261053663,0.17345,0.013125795214005132
21,aggregate,10000.0,2.290188647672525,2.2922610252948337,0.17749,0.011143648415128679
22,aggregate,10000.0,2.2894062258587597,2.2915368513450756,0.18447,0.011367062065459132
23,aggregate,10000.0,2.288563390486998,2.29076136246739,0.19076999999999997,0.011159484755130948
24,aggregate,10000.0,2.2876588688968185,2.2899243061026335,0.19354,0.012364157876701505
25,aggregate,10000.0,2.286668030089933,2.289055568426601,0.19795000000000001,0.011625080644881563
26,aggregate,10000.0,2.28562227698239,2.2881202043079156,0.20205,0.011422193309518094
27,aggregate,10000.0,2.2845473802950957,2.2871359201069827,0.20532,0.011998983290262557
28,aggregate,10000.0,2.2833906686819154,2.286091945417719,0.20784000000000002,0.011916895568897124
29,aggregate,10000.0,2.282121679940419,2.2849262657458214,0.21014999999999998,0.013792769845103631
30,aggregate,10000.0,2.2807716494625385,2.283690743112106,0.21042,0.01313276817734936
31,aggregate,10000.0,2.2792981592254815,2.282338259898265,0.21103999999999998,0.012874331050582779
32,aggregate,10000.0,2.2776564776373966,2.280897528726574,0.21155,0.011369630600859463
33,aggregate,10000.0,2.2759514328482435,2.279313177714717,0.21125000000000002,0.012673851032736655
34,aggregate,10000.0,2.2740145215617407,2.277591475562791,0.21269999999999997,0.010183908876261609
35,aggregate,10000.0,2.2719683611614245,2.275712110160228,0.21269,0.01011785056224888
36,aggregate,10000.0,2.2697303773443807,2.2736872310342675,0.21283000000000002,0.009994803649897275
37,aggregate,10000.0,2.267301757639662,2.271474011782174,0.21315,0.008759366415443528
38,aggregate,10000.0,2.264599716758627,2.269039861591439,0.21376,0.007797974095879007
39,aggregate,10000.0,2.2617005952111064,2.2664078026586676,0.21373999999999996,0.007613172794571261
40,aggregate,10000.0,2.2584822223182877,2.263467483178574,0.21402000000000002,0.007009964336571196
41,aggregate,10000.0,2.2549972558525355,2.2602792473692417,0.21475999999999998,0.006740801139330544
42,aggregate,10000.0,2.2510394490751233,2.2567394809595274,0.21515999999999996,0.005360634290827904
43,aggregate,10000.0,2.24680860005095,2.2528678384960954,0.21559,0.004566497563779049
44,aggregate,10000.0,2.2420979295954586,2.2486242180937306,0.21587000000000006,0.004367619488920714
45,aggregate,10000.0,2.2369331974175695,2.2439749556065602,0.21603,0.00440682425335978
46,aggregate,10000.0,2.2312779753543466,2.2388891417082775,0.21606999999999998,0.004112675528168984
47,aggregate,10000.0,2.2250934895446672,2.2333833261238523,0.21678999999999998,0.004129273543857326
48,aggregate,10000.0,2.2184556560731155,2.227419738439591,0.21747,0.003795009881410064
49,aggregate,10000.0,2.2112621704609743,2.220998592749749,0.21871000000000002,0.004103766562561763
50,aggregate,10000.0,2.203478707535317,2.2140584960916287,0.2205,0.005100000000000004
51,aggregate,10000.0,2.195070548263347,2.2066406920683908,0.22143000000000002,0.004733719467818087
52,aggregate,10000.0,2.1861405275434747,2.1987103549177673,0.22290000000000001,0.0050616202939375065
53,aggregate,10000.0,2.1766313706698965,2.190297020639534,0.22391,0.004775028795724694
54,aggregate,10000.0,2.166739019854186,2.1816661081723536,0.22576000000000002,0.004678931501956406
55,aggregate,10000.0,2.1566948696531285,2.1727478889386185,0.22759999999999997,0.004540704791108978
56,aggregate,10000.0,2.146341452316798,2.163666016695004,0.22994999999999996,0.004878780585351225
57,aggregate,10000.0,2.1359104989625566,2.1546376271781793,0.23257,0.00545583174227358
58,aggregate,10000.0,2.1256072669260018,2.145662062593157,0.23532999999999998,0.004868685654260295
59,aggregate,10000.0,2.1156254332339253,2.1368911820143195,0.23818,0.005208992224989402
60,aggregate,10000.0,2.1059137065491624,2.1284859917168015,0.24061999999999997,0.005015336479240451
61,aggregate,10000.0,2.0965943748656146,2.120363036937185,0.24315000000000003,0.004463462781294357
62,aggregate,10000.0,2.0876778244324643,2.1126508148904115,0.24575999999999998,0.004209560547135533
63,aggregate,10000.0,2.0791922277298815,2.1053376228442824,0.24823,0.003989498715377664
64,aggregate,10000.0,2.0712399651876607,2.098233815732386,0.25088,0.00421729771299111
65,aggregate,10000.0,2.063612919732102,2.0916257473632855,0.25353,0.0044788502989048405
66,aggregate,10000.0,2.0563808924601474,2.085286773975153,0.25553,0.0041022067232161724
67,aggregate,10000.0,2.0495086598661363,2.079251382922643,0.258,0.004205234832919555
68,aggregate,10000.0,2.0429810703259483,2.0734371793267887,0.26030000000000003,0.004046479951760553
69,aggregate,10000.0,2.036712646212169,2.067881862049557,0.26261,0.00389678072259654
70,aggregate,10000.0,2.0306888538002523,2.0625459917748152,0.26471999999999996,0.004052604101068836
71,aggregate,10000.0,2.0249119352418856,2.0573774000837757,0.26649999999999996,0.003798947222586801
72,aggregate,10000.0,2.0193119380881277,2.0523732137461264,0.26835,0.0031884949427590454
73,aggregate,10000.0,2.013782746141533,2.047546316112658,0.26982,0.0030105813392100945
74,aggregate,10000.0,2.0084998756386967,2.0426871902989965,0.27139,0.002683821901691689
75,aggregate,10000.0,2.0032965122379727,2.0379441920192933,0.27314000000000005,0.0027950670832736758
76,aggregate,10000.0,1.99812646192476,2.033265338529467,0.27491,0.0020481455026437946
77,aggregate,10000.0,1.99312963803645,2.0286754401159786,0.27681999999999995,0.002907507523636004
78,aggregate,10000.0,1.9882041000354054,2.0241601539970238,0.2786,0.0033683824010940313
79,aggregate,10000.0,1.9831974570134174,2.0195841846004945,0.28039000000000003,0.0031725226555534606
80,aggregate,10000.0,1.9782785977673487,2.0149824916210646,0.28179,0.0030797564838798515
81,aggregate,10000.0,1.9733608762642032,2.0105121951088303,0.28328000000000003,0.003158100695038086
82,aggregate,10000.0,1.9684234463699326,2.005910315730698,0.28472000000000003,0.003457397865447364
83,aggregate,10000.0,1.9635759523913894,2.001523647629466,0.28564999999999996,0.0027681221071332806
84,aggregate,10000.0,1.9586610423931383,1.996938636725708,0.28748999999999997,0.0027912183719659023
85,aggregate,10000.0,1.9538496387992939,1.9925616712850687,0.28867,0.0024466507719738016
86,aggregate,10000.0,1.9490343370320111,1.987986443906437,0.28988,0.0025817823300967866
87,aggregate,10000.0,1.9441149325836329,1.9834219345559396,0.29174000000000005,0.0021513716554793583
88,aggregate,10000.0,1.9391823833830248,1.9789230853144608,0.29253,0.0024956161563830363
89,aggregate,10000.0,1.9342774542949865,1.9743406628992308,0.29410000000000003,0.00252388589282478
90,aggregate,10000.0,1.9292842319306764,1.9697418825176296,0.29561999999999994,0.0028673332558319746
91,aggregate,10000.0,1.9243106606472011,1.9651015676005685,0.29741,0.0024126541401535318
92,aggregate,10000.0,1.919294151327998,1.9604159674848471,0.29892,0.0022542404485768656
93,aggregate,10000.0,1.9142386538365315,1.9556933883546068,0.30056,0.002814320521902229
94,aggregate,10000.0,1.909113892363127,1.9508229869880136,0.30181,0.00288355683141498
95,aggregate,10000.0,1.9039701442669543,1.9462218452899216,0.30344999999999994,0.0030887699817241142
96,aggregate,10000.0,1.89869547741229,1.9413268646858597,0.30535,0.0027445400343226885
97,aggregate,10000.0,1.8934754083608343,1.9364513241636634,0.30715,0.0028824468772208098
98,aggregate,10000.0,1.8882527126617554,1.9317955519617107,0.30921,0.002878350221915324
99,aggregate,10000.0,1.883030338693823,1.9269393462508837,0.31097,0.0029485759274605755
100,aggregate,10000.0,1.877772776631824,1.922146078211768,0.31342,0.0032603067340359233
101,aggregate,10000.0,1.8723576105693904,1.9171433490716314,0.31466000000000005,0.003123203483604608
102,aggregate,10000.0,1.8669303934736363,1.9122695070189277,0.31679,0.0036879398042809694
103,aggregate,10000.0,1.8616238264196792,1.9074358631479615,0.3184,0.0037884033576165077
104,aggregate,10000.0,1.8560875599526603,1.9025284669216813,0.32052,0.0034758596059104568
105,aggregate,10000.0,1.8506846902089442,1.897723302460392,0.32221,0.003135426605742831
106,aggregate,10000.0,1.8452824307529017,1.8928361871011838,0.32363,0.003430174922653361
107,aggregate,10000.0,1.8398906278627731,1.8881631166535229,0.32491,0.003557372625969898
108,aggregate,10000.0,1.8345691984858523,1.8833009765968296,0.3273,0.003087717603667794
109,aggregate,10000.0,1.8290735438080497,1.8786265492339322,0.3282,0.0027158792314828737
110,aggregate,10000.0,1.823645330661887,1.8738784538437834,0.32988,0.0028606992152269326
111,aggregate,10000.0,1.8182355804729198,1.869279828966779,0.33172,0.002433433787880815
112,aggregate,10000.0,1.812928047721479,1.8648168739188193,0.33325,0.0021392755783208478
113,aggregate,10000.0,1.8075245636713888,1.860119046618884,0.33466,0.002084322431870854
114,aggregate,10000.0,1.8020729626466558,1.8557563780072441,0.33612,0.002769404268069214
115,aggregate,10000.0,1.7967279769077265,1.851122680346457,0.33793,0.002802873525509128
116,aggregate,10000.0,1.7913683580150521,1.8466917026682281,0.33894,0.0025342454498331413
117,aggregate,10000.0,1.7860468226664015,1.8423551151697009,0.34027,0.0030090031571934233
118,aggregate,10000.0,1.7805967098376168,1.8377372333824482,0.34178,0.0027715699522111985
119,aggregate,10000.0,1.7753425664187374,1.833606929421054,0.34280000000000005,0.0029624314338056856
120,aggregate,10000.0,1.7700892990420676,1.8291444231117708,0.34444,0.0031560101394006923
121,aggregate,10000.0,1.7648566775350596,1.8246857392454614,0.34571999999999997,0.002837886537548671
122,aggregate,10000.0,1.7594564316022183,1.8204088298467869,0.34703,0.00287369100635402
123,aggregate,10000.0,1.7541937505730263,1.816314489054238,0.34781999999999996,0.0030635926622186653
124,aggregate,10000.0,1.7487860424659387,1.8117294699083228,0.35001,0.00232871209040533
125,aggregate,10000.0,1.7434818371919856,1.8076486134433485,0.35162,0.0026757428874987273
126,aggregate,10000.0,1.7381396821651134,1.8034283306359988,0.35239000000000004,0.0027865570153865517
127,aggregate,10000.0,1.732875167490132,1.799151114059627,0.35378000000000004,0.0029236278832984273
128,aggregate,10000.0,1.7275103470269066,1.794748970980497,0.35511,0.003061192578064964
129,aggregate,10000.0,1.7220903230553746,1.790397837374344,0.3565,0.0030753861546153794
130,aggregate,10000.0,1.7165318225462034,1.7862297722413243,0.3579,0.0039117770897636826
131,aggregate,10000.0,1.7112868792107438,1.7821311122811814,0.35936,0.003942892339387418
132,aggregate,10000.0,1.7058536353635105,1.7778916628974517,0.36083,0.003978705819735858
133,aggregate,10000.0,1.700226618092008,1.7733417853955995,0.36257,0.0037709547862577186
134,aggregate,10000.0,1.694675354635947,1.7692159196417225,0.36434,0.003860362677262338
135,aggregate,10000.0,1.689135626087311,1.7646801451920908,0.36605999999999994,0.003370815924965347
136,aggregate,10000.0,1.6835979952622981,1.7606666428659867,0.36696999999999996,0.003508290181840729
137,aggregate,10000.0,1.6781148279365286,1.7563433394992825,0.36856,0.0033036949011674725
138,aggregate,10000.0,1.6725120858238136,1.7520203383782937,0.37011000000000005,0.002499379923100932
139,aggregate,10000.0,1.666977056126143,1.747900607630393,0.37131000000000003,0.0024353439182177123
140,aggregate,10000.0,1.6613094853381405,1.74345291023741,0.37268,0.00200589132307809
141,aggregate,10000.0,1.655564207321267,1.7390887810151736,0.37432999999999994,0.0017538814099020553
142,aggregate,10000.0,1.6498167682826135,1.7349728151162291,0.37618999999999997,0.001848485866865086
143,aggregate,10000.0,1.6443202740122402,1.7305785253625945,0.37728,0.0014069825869569245
144,aggregate,10000.0,1.6385916460167766,1.7265997046476866,0.37839,0.001384521578018922
145,aggregate,10000.0,1.633018001529668,1.7225235727960726,0.38049999999999995,0.0011384199576606178
146,aggregate,10000.0,1.6277090127729903,1.7186273083834898,0.38149,0.0013034185820372589
147,aggregate,10000.0,1.6228993951646005,1.7148238058723728,0.38331,0.0009321480569094126
148,aggregate,10000.0,1.6204816417695813,1.7135998688672824,0.38351999999999997,0.0011964948808916866
149,aggregate,10000.0,1.624892061868365,1.7208007118272461,0.38334999999999997,0.0012109913294487402
150,aggregate,10000.0,1.6448005231391853,1.7449077313823715,0.37665000000000004,0.0030764427509706676
151,aggregate,10000.0,1.6397951230563073,1.7369449612421242,0.37968,0.0037822744480008243
152,aggregate,10000.0,1.62513750106091,1.7237622202910774,0.38304,0.0032601226970775175
153,aggregate,10000.0,1.619670341468747,1.7202355189679985,0.38432000000000005,0.0024074052421642626
154,aggregate,10000.0,1.6183513906334586,1.7209843523705057,0.38422,0.0030831153076069087
155,aggregate,10000.0,1.6158279907427648,1.7193975687771155,0.3853,0.0029533032353620497
156,aggregate,10000.0,1.6111273135904376,1.7152608770747535,0.38656,0.0030457183060815115
157,aggregate,10000.0,1.6071426497992516,1.7131377012845384,0.38752,0.0026064535292231916
158,aggregate,10000.0,1.6023709926505039,1.7097838971796917,0.38872000000000007,0.002899586177370832
159,aggregate,10000.0,1.5991548764218186,1.70758326909042,0.38916000000000006,0.003542372086610894
160,aggregate,10000.0,1.5947910301518091,1.705037864515149,0.39023,0.002979278436131815
161,aggregate,10000.0,1.5902277590522544,1.7017327922482983,0.39152,0.0033417959243496644
162,aggregate,10000.0,1.5873644894468004,1.7007093124022934,0.39148000000000005,0.0030231771367222305
163,aggregate,10000.0,1.5824114833303846,1.6961203868219399,0.39249,0.003664819231558351
164,aggregate,10000.0,1.5779746701065012,1.6937803061087355,0.39325,0.003357752224331029
165,aggregate,10000.0,1.574086189751959,1.6922013058593872,0.39425000000000004,0.0035080621431211757
166,aggregate,10000.0,1.5700222531499135,1.6893688312760105,0.39509,0.003116873433426512
167,aggregate,10000.0,1.5655585110670205,1.685683842861978,0.39585000000000004,0.003108777894929126
168,aggregate,10000.0,1.5623247142588739,1.6833304097640458,0.39707,0.00344065400759798
169,aggregate,10000.0,1.5576086724445102,1.6806550858005913,0.3976,0.003267108813614882
170,aggregate,10000.0,1.554229420057854,1.679248770857822,0.39801000000000003,0.003366437285915177
171,aggregate,10000.0,1.5490676005852837,1.674369365074071,0.39929000000000003,0.0034148059974177087
172,aggregate,10000.0,1.5437044214252178,1.6711421812416334,0.39992000000000005,0.0028241104794253413
173,aggregate,10000.0,1.5410157323242655,1.6711042157844858,0.40020999999999995,0.003943716521252509
174,aggregate,10000.0,1.5372093163044314,1.667469526242294,0.40136000000000005,0.0034900429796780384
175,aggregate,10000.0,1.5317031281849538,1.6630512426975024,0.40271,0.003507549001795993
176,aggregate,10000.0,1.5274925037871225,1.6610695695464148,0.40298999999999996,0.003298924067025494
177,aggregate,10000.0,1.5235104129673582,1.6592053070333534,0.4034,0.003679945651772584
178,aggregate,10000.0,1.5208283474765154,1.6583767592139185,0.40393,0.0044548961828532
179,aggregate,10000.0,1.515602899272483,1.6538718656622335,0.40540000000000004,0.003793942540418878
180,aggregate,10000.0,1.5122925108926184,1.6515112599674737,0.40598,0.0033234921393016734
181,aggregate,10000.0,1.508967026689084,1.6504678912438124,0.40653999999999996,0.003139808911382978
182,aggregate,10000.0,1.5046462467866257,1.6479709197966907,0.40724,0.0026635314903338337
183,aggregate,10000.0,1.5007032225191006,1.6454489716446088,0.40815999999999997,0.003922295246408668
184,aggregate,10000.0,1.4966697490618879,1.6427001967244519,0.40901,0.002867559938344796
185,aggregate,10000.0,1.4925346364316658,1.6389930093998224,0.4102,0.0032835955902029124
186,aggregate,10000.0,1.4886018264852674,1.6383696063670439,0.4109999999999999,0.003232027227608081
187,aggregate,10000.0,1.4851231321851615,1.6370654617398805,0.41086,0.003269617714657174
188,aggregate,10000.0,1.4812662243312888,1.6327816396356645,0.4130299999999999,0.003309697871407591
189,aggregate,10000.0,1.477208326665539,1.6311147142794347,0.41398,0.003746411616467142
190,aggregate,10000.0,1.4741915239815997,1.6298014752586383,0.41475,0.0038252450901870316
191,aggregate,10000.0,1.470782720020335,1.627396430158098,0.41577000000000003,0.003603623176748647
192,aggregate,10000.0,1.4668860047464976,1.6257152417913818,0.41572,0.004379680353633123
193,aggregate,10000.0,1.4640021134435652,1.6237713879270916,0.41638000000000003,0.004140966070858343
194,aggregate,10000.0,1.4594792307384974,1.6218145795304912,0.41814,0.004551307504443092
195,aggregate,10000.0,1.4546292802430518,1.6203327538201573,0.41889000000000004,0.004049802464318467
196,aggregate,10000.0,1.4525300494712288,1.6176398747018639,0.41972000000000004,0.00484454332213057
197,aggregate,10000.0,1.4484706863592367,1.6162827869134724,0.42028999999999994,0.004107663569475959
198,aggregate,10000.0,1.4444656282389137,1.612300186566022,0.42142999999999997,0.0038291121686364867
199,aggregate,10000.0,1.4411157326165693,1.611869573394604,0.42192999999999997,0.004404100362162521
200,aggregate,10000.0,1.4385036233020907,1.608240411840106,0.42357999999999996,0.0047065486293036436
201,aggregate,10000.0,1.4346773284859795,1.6067540723785723,0.42397,0.004535206720757064
202,aggregate,10000.0,1.4322268093245474,1.605074760732741,0.42456000000000005,0.004431749090370529
203,aggregate,10000.0,1.427638551284716,1.6033684449016412,0.42539,0.0048984589413406275
204,aggregate,10000.0,1.4250499705427302,1.5996884651446652,0.42701,0.004590087145142236
205,aggregate,10000.0,1.422804134131049,1.5991370412791224,0.42745,0.004653009778627168
206,aggregate,10000.0,1.421014528957159,1.597270659876432,0.4274,0.0042605164006256245
207,aggregate,10000.0,1.4164193874066155,1.5933043820446904,0.42851999999999996,0.005061580780744304
208,aggregate,10000.0,1.414297800637438,1.5926577670178559,0.42960000000000004,0.004117280655967007
209,aggregate,10000.0,1.4114983305338789,1.5917109700472953,0.43022,0.0042987905275786486
210,aggregate,10000.0,1.407314598252545,1.5887153148414643,0.43074,0.004949989898979596
211,aggregate,10000.0,1.4051096644351093,1.5874386803415803,0.43129999999999996,0.005081731988210316
212,aggregate,10000.0,1.402243957351228,1.5862413359090293,0.43179999999999996,0.004208800304124682
213,aggregate,10000.0,1.4003874440143753,1.582830979824684,0.43332,0.004583623021148225
214,aggregate,10000.0,1.3948081343987226,1.5803431088811812,0.43398000000000003,0.004670074945865425
215,aggregate,10000.0,1.3908135807513262,1.5795755828238716,0.4343,0.004423121070013793
216,aggregate,10000.0,1.3860557521726764,1.5778342002508494,0.43538,0.005004158270878323
217,aggregate,10000.0,1.380966807516971,1.5746308729708303,0.43688000000000005,0.005126948410116879
218,aggregate,10000.0,1.3909718650573237,1.5723248012748565,0.4367599999999999,0.0058706388068080016
219,aggregate,10000.0,1.3817487636134769,1.5619405990394908,0.44055,0.005957390368273679
220,aggregate,10000.0,1.3784363657233798,1.5574682724112265,0.44247,0.005844493134566923
221,aggregate,10000.0,1.3773395865869706,1.5552861678921137,0.44333,0.006142157601364516
222,aggregate,10000.0,1.3783091303631174,1.5577776298538084,0.44279999999999997,0.005808958598578573
223,aggregate,10000.0,1.3739598232636636,1.5564265280721243,0.4426,0.0057389894580840515
224,aggregate,10000.0,1.3702553005123723,1.5555536293452266,0.44370000000000004,0.005836779934176036
225,aggregate,10000.0,1.3678579663610075,1.552282199843483,0.44462999999999997,0.005445006887047989
226,aggregate,10000.0,1.365621774227629,1.552010546401531,0.44506000000000007,0.0062842978923663365
227,aggregate,10000.0,1.360666590902294,1.5484390134135761,0.44636,0.005585194714600376
228,aggregate,10000.0,1.3582590651995528,1.547344570866334,0.44691000000000003,0.007291837902751268
229,aggregate,10000.0,1.3580813459154935,1.5453779913543957,0.44855999999999996,0.006404092441556418
230,aggregate,10000.0,1.3552260428947256,1.5465398472871776,0.44770000000000004,0.0055019996364958045
231,aggregate,10000.0,1.352729226498085,1.545432709789066,0.4487,0.006343658250568047
232,aggregate,10000.0,1.3500690157349404,1.54220819018464,0.45002000000000003,0.006533880929432368
233,aggregate,10000.0,1.3459161367078463,1.538978443837202,0.45087,0.006289999999999993
234,aggregate,10000.0,1.34326393933503,1.5379545303530426,0.45167999999999997,0.005926685414293557
235,aggregate,10000.0,1.3422822655129996,1.5386500929343967,0.45147000000000004,0.006781010249218043
236,aggregate,10000.0,1.3384935550721409,1.5358925337289,0.45269000000000004,0.006731188602319803
237,aggregate,10000.0,1.3360406805750396,1.5348547343633014,0.45388,0.006629298605433312
238,aggregate,10000.0,1.3319816835559202,1.533389131713617,0.45382000000000006,0.006081743171164004
239,aggregate,10000.0,1.3311655824857063,1.531673204262421,0.45526999999999995,0.006374174456351199
240,aggregate,10000.0,1.3271445000200164,1.528772387189229,0.45622999999999997,0.005897635119266033
241,aggregate,10000.0,1.3254630421537767,1.5276605187435734,0.45657,0.00575361625414834
242,aggregate,10000.0,1.323258612690662,1.5271636823288994,0.45737000000000005,0.005859701357577876
243,aggregate,10000.0,1.320464552420443,1.5262807849549802,0.45761,0.006674646058031842
244,aggregate,10000.0,1.3177815884206185,1.5240257703763054,0.45899999999999996,0.006522729490021796
245,aggregate,10000.0,1.315354473709518,1.5227670161991562,0.45951000000000003,0.006011397508067496
246,aggregate,10000.0,1.3113525660756742,1.522237823543858,0.45903,0.0063171275117730585
247,aggregate,10000.0,1.3059083951353905,1.5209017634324176,0.4594800000000001,0.00571730705839734
248,aggregate,10000.0,1.300708004076468,1.5208271382962402,0.45971,0.007158973390088839
249,aggregate,10000.0,1.2948449305636336,1.5184804087003136,0.4604500000000001,0.006728038347096422
250,aggregate,10000.0,1.2953628715115717,1.51492146454709,0.46136999999999995,0.006691046256005112
251,aggregate,10000.0,1.2972673951727784,1.5126554086478305,0.4623799999999999,0.005700666627684862
252,aggregate,10000.0,1.282840446172794,1.5098213254760282,0.46445,0.0058452117155839475
253,aggregate,10000.0,1.2762346189498648,1.5076028896430618,0.46475,0.00670182810880732
254,aggregate,10000.0,1.2775772734851283,1.5084405526274798,0.46455,0.007634821543428506
255,aggregate,10000.0,1.2778655906643968,1.508382359104162,0.4650099999999999,0.00838802122076476
256,aggregate,10000.0,1.2867659282311883,1.5128445183144432,0.46135000000000004,0.011152690258408501
257,aggregate,10000.0,1.2757594272530337,1.5116928959983984,0.46224999999999994,0.011681545274491733
258,aggregate,10000.0,1.2645946372152257,1.508623087940755,0.46374000000000004,0.010058747436932686
259,aggregate,10000.0,1.2490617144536629,1.511185530112575,0.46243,0.008248157369982714
260,aggregate,10000.0,1.2532813984509272,1.52366447143853,0.45770999999999995,0.009104773473294107
261,aggregate,10000.0,1.2499560624231694,1.5082401775723266,0.46230000000000004,0.0045565337703126945
262,aggregate,10000.0,1.2462978588936093,1.505038629831233,0.46383,0.003860323820614026
263,aggregate,10000.0,1.2469365882271357,1.5028576613916622,0.46514,0.005422029140460229
264,aggregate,10000.0,1.2436459786760292,1.5011121971664534,0.46557000000000004,0.006519516853264511
265,aggregate,10000.0,1.239467352444605,1.5016203210686263,0.46548,0.006971484777290994
266,aggregate,10000.0,1.2335420079757171,1.501569400778358,0.46593,0.005371787412025907
267,aggregate,10000.0,1.2305908248869,1.5070708056764568,0.46297,0.008867023175790172
268,aggregate,10000.0,1.2372942802663676,1.506718674395223,0.4638,0.009589577675789484
269,aggregate,10000.0,1.2463501237008587,1.5074757616360954,0.46553999999999995,0.008325286781847211
270,aggregate,10000.0,1.2237451657190639,1.4996522036876783,0.46821,0.006253071245396144
271,aggregate,10000.0,1.217852905459048,1.4950502876763718,0.47030000000000005,0.0064454635209579714
272,aggregate,10000.0,1.2169207285175083,1.4950904613034541,0.4707199999999999,0.007302848759217191
273,aggregate,10000.0,1.2176323507143558,1.4963727805583442,0.46970999999999996,0.006748844345515757
274,aggregate,10000.0,1.2222497601924318,1.4966224468160911,0.46977,0.006934702589152615
275,aggregate,10000.0,1.2126993868438096,1.4932398143174261,0.47091000000000005,0.0062781287020895055
276,aggregate,10000.0,1.1974208870766494,1.4896385106526586,0.47255,0.005813475724555839
277,aggregate,10000.0,1.1989802469812316,1.4868050255315406,0.47445000000000004,0.005822585336429169
278,aggregate,10000.0,1.2029413769333495,1.4874974733077306,0.47514,0.006652548383890194
279,aggregate,10000.0,1.1964958851126473,1.4871846847982895,0.47549,0.005733838156069632
280,aggregate,10000.0,1.1938130614600333,1.4917338979951034,0.47261,0.004829171771639516
281,aggregate,10000.0,1.1901052324282566,1.4951251265992975,0.47075999999999996,0.005316239272267573
282,aggregate,10000.0,1.190318750361038,1.4981507258374323,0.46945,0.007246136901825698
283,aggregate,10000.0,1.186262740278176,1.5035435414054774,0.4676100000000001,0.004896008578423861
284,aggregate,10000.0,1.1894817036743397,1.5125416197170012,0.46590999999999994,0.009180354023674675
285,aggregate,10000.0,1.1906505127556348,1.5265076122324672,0.46192,0.007979323279577033
286,aggregate,10000.0,1.1710500071163241,1.5005348602663484,0.47050000000000003,0.01060160365227827
287,aggregate,10000.0,1.179192366783489,1.4975715706271593,0.4728,0.01031852702666423
288,aggregate,10000.0,1.1764042252163285,1.4941034770675405,0.47397,0.008047366028707774
289,aggregate,10000.0,1.1636943197774388,1.4948322834025733,0.47283,0.0064996999930765995
290,aggregate,10000.0,1.1524230944596712,1.4965014051734364,0.47217000000000003,0.006158417004393253
291,aggregate,10000.0,1.1595363993591223,1.488637473201141,0.47547000000000006,0.0076992272339501695
292,aggregate,10000.0,1.1578131022425002,1.4821899282195856,0.47728000000000004,0.005167746123795169
293,aggregate,10000.0,1.158826548328781,1.48210383702412,0.47786,0.005539169612857146
294,aggregate,10000.0,1.158135148188147,1.481592720495958,0.47828,0.007113198999043953
295,aggregate,10000.0,1.1475318792445737,1.4828009242567342,0.47822000000000003,0.00763410767542611
296,aggregate,10000.0,1.1393054529870252,1.4830858823029158,0.47839,0.0075663002848155615
297,aggregate,10000.0,1.1421838563508278,1.4874226391102034,0.47687,0.0051788126052213935
298,aggregate,10000.0,1.1429938507140163,1.4834355406358528,0.47833,0.004487772275862497
299,aggregate,10000.0,1.144950750979872,1.483934306914981,0.47924000000000005,0.005137158747790452
