num_nodes,mean_degree,topology,corrupt_ratio,core_honest_size,count,probability
100,4,er,0.2,2,2,1.0
100,4,er,0.3,2,11,0.9166666666666666
100,4,er,0.3,4,1,0.08333333333333333
100,4,er,0.4,2,15,0.9375
100,4,er,0.4,4,1,0.0625
100,4,er,0.5,2,14,0.16091954022988506
100,4,er,0.5,3,5,0.05747126436781609
100,4,er,0.5,4,2,0.022988505747126436
100,4,er,0.5,33,2,0.022988505747126436
100,4,er,0.5,34,1,0.011494252873563218
100,4,er,0.5,35,3,0.034482758620689655
100,4,er,0.5,36,5,0.05747126436781609
100,4,er,0.5,37,7,0.08045977011494253
100,4,er,0.5,38,3,0.034482758620689655
100,4,er,0.5,39,5,0.05747126436781609
100,4,er,0.5,40,11,0.12643678160919541
100,4,er,0.5,41,9,0.10344827586206896
100,4,er,0.5,42,9,0.10344827586206896
100,4,er,0.5,43,5,0.05747126436781609
100,4,er,0.5,44,5,0.05747126436781609
100,4,er,0.5,46,1,0.011494252873563218
100,4,er,0.6,2,26,0.1984732824427481
100,4,er,0.6,3,4,0.030534351145038167
100,4,er,0.6,6,1,0.007633587786259542
100,4,er,0.6,25,1,0.007633587786259542
100,4,er,0.6,26,1,0.007633587786259542
100,4,er,0.6,27,2,0.015267175572519083
100,4,er,0.6,28,4,0.030534351145038167
100,4,er,0.6,29,4,0.030534351145038167
100,4,er,0.6,30,4,0.030534351145038167
100,4,er,0.6,31,9,0.06870229007633588
100,4,er,0.6,32,10,0.07633587786259542
100,4,er,0.6,33,12,0.0916030534351145
100,4,er,0.6,34,14,0.10687022900763359
100,4,er,0.6,35,12,0.0916030534351145
100,4,er,0.6,36,8,0.061068702290076333
100,4,er,0.6,37,13,0.09923664122137404
100,4,er,0.6,38,4,0.030534351145038167
100,4,er,0.6,39,2,0.015267175572519083
100,4,er,0.7,2,26,0.18705035971223022
100,4,er,0.7,3,11,0.07913669064748201
100,4,er,0.7,5,1,0.007194244604316547
100,4,er,0.7,10,1,0.007194244604316547
100,4,er,0.7,13,1,0.007194244604316547
100,4,er,0.7,16,1,0.007194244604316547
100,4,er,0.7,17,1,0.007194244604316547
100,4,er,0.7,19,3,0.02158273381294964
100,4,er,0.7,20,2,0.014388489208633094
100,4,er,0.7,21,1,0.007194244604316547
100,4,er,0.7,22,4,0.02877697841726619
100,4,er,0.7,23,8,0.05755395683453238
100,4,er,0.7,24,12,0.08633093525179857
100,4,er,0.7,25,16,0.11510791366906475
100,4,er,0.7,26,18,0.12949640287769784
100,4,er,0.7,27,17,0.1223021582733813
100,4,er,0.7,28,8,0.05755395683453238
100,4,er,0.7,29,4,0.02877697841726619
100,4,er,0.7,30,4,0.02877697841726619
100,4,er,0.8,2,34,0.2138364779874214
100,4,er,0.8,3,15,0.09433962264150944
100,4,er,0.8,4,9,0.05660377358490566
100,4,er,0.8,5,1,0.006289308176100629
100,4,er,0.8,6,1,0.006289308176100629
100,4,er,0.8,7,1,0.006289308176100629
100,4,er,0.8,8,2,0.012578616352201259
100,4,er,0.8,9,4,0.025157232704402517
100,4,er,0.8,10,5,0.031446540880503145
100,4,er,0.8,11,5,0.031446540880503145
100,4,er,0.8,12,4,0.025157232704402517
100,4,er,0.8,13,7,0.0440251572327044
100,4,er,0.8,14,6,0.03773584905660377
100,4,er,0.8,15,21,0.1320754716981132
100,4,er,0.8,16,6,0.03773584905660377
100,4,er,0.8,17,17,0.1069182389937107
100,4,er,0.8,18,9,0.05660377358490566
100,4,er,0.8,19,9,0.05660377358490566
100,4,er,0.8,20,3,0.018867924528301886
100,4,er,0.9,2,78,0.44571428571428573
100,4,er,0.9,3,26,0.14857142857142858
100,4,er,0.9,4,23,0.13142857142857142
100,4,er,0.9,5,13,0.07428571428571429
100,4,er,0.9,6,10,0.05714285714285714
100,4,er,0.9,7,8,0.045714285714285714
100,4,er,0.9,8,7,0.04
100,4,er,0.9,9,7,0.04
100,4,er,0.9,10,3,0.017142857142857144
100,4,ring,0.1,2,2,1.0
100,4,ring,0.2,2,11,0.7333333333333333
100,4,ring,0.2,3,1,0.06666666666666667
100,4,ring,0.2,5,2,0.13333333333333333
100,4,ring,0.2,7,1,0.06666666666666667
100,4,ring,0.3,2,43,0.5443037974683544
100,4,ring,0.3,3,9,0.11392405063291139
100,4,ring,0.3,4,6,0.0759493670886076
100,4,ring,0.3,5,6,0.0759493670886076
100,4,ring,0.3,6,4,0.05063291139240506
100,4,ring,0.3,7,6,0.0759493670886076
100,4,ring,0.3,8,2,0.02531645569620253
100,4,ring,0.3,10,1,0.012658227848101266
100,4,ring,0.3,11,2,0.02531645569620253
100,4,ring,0.4,2,88,0.43564356435643564
100,4,ring,0.4,3,26,0.12871287128712872
100,4,ring,0.4,4,15,0.07425742574257425
100,4,ring,0.4,5,14,0.06930693069306931
100,4,ring,0.4,6,14,0.06930693069306931
100,4,ring,0.4,7,9,0.04455445544554455
100,4,ring,0.4,8,9,0.04455445544554455
100,4,ring,0.4,9,6,0.0297029702970297
100,4,ring,0.4,10,5,0.024752475247524754
100,4,ring,0.4,11,6,0.0297029702970297
100,4,ring,0.4,12,2,0.009900990099009901
100,4,ring,0.4,13,2,0.009900990099009901
100,4,ring,0.4,14,1,0.0049504950495049506
100,4,ring,0.4,16,2,0.009900990099009901
100,4,ring,0.4,19,2,0.009900990099009901
100,4,ring,0.4,20,1,0.0049504950495049506
100,4,ring,0.5,2,100,0.2570694087403599
100,4,ring,0.5,3,63,0.16195372750642673
100,4,ring,0.5,4,47,0.12082262210796915
100,4,ring,0.5,5,21,0.05398457583547558
100,4,ring,0.5,6,28,0.07197943444730077
100,4,ring,0.5,7,13,0.033419023136246784
100,4,ring,0.5,8,16,0.04113110539845758
100,4,ring,0.5,9,20,0.05141388174807198
100,4,ring,0.5,10,12,0.030848329048843187
100,4,ring,0.5,11,9,0.02313624678663239
100,4,ring,0.5,12,11,0.028277634961439587
100,4,ring,0.5,13,7,0.017994858611825194
100,4,ring,0.5,14,5,0.012853470437017995
100,4,ring,0.5,15,6,0.015424164524421594
100,4,ring,0.5,16,8,0.02056555269922879
100,4,ring,0.5,17,1,0.002570694087403599
100,4,ring,0.5,18,7,0.017994858611825194
100,4,ring,0.5,19,3,0.007712082262210797
100,4,ring,0.5,21,2,0.005141388174807198
100,4,ring,0.5,22,3,0.007712082262210797
100,4,ring,0.5,23,1,0.002570694087403599
100,4,ring,0.5,25,2,0.005141388174807198
100,4,ring,0.5,27,2,0.005141388174807198
100,4,ring,0.5,29,1,0.002570694087403599
100,4,ring,0.5,38,1,0.002570694087403599
100,4,ring,0.6,2,124,0.22794117647058823
100,4,ring,0.6,3,73,0.13419117647058823
100,4,ring,0.6,4,69,0.12683823529411764
100,4,ring,0.6,5,54,0.09926470588235294
100,4,ring,0.6,6,36,0.0661764705882353
100,4,ring,0.6,7,33,0.06066176470588235
100,4,ring,0.6,8,29,0.05330882352941176
100,4,ring,0.6,9,21,0.03860294117647059
100,4,ring,0.6,10,24,0.04411764705882353
100,4,ring,0.6,11,13,0.02389705882352941
100,4,ring,0.6,12,10,0.01838235294117647
100,4,ring,0.6,13,10,0.01838235294117647
100,4,ring,0.6,14,10,0.01838235294117647
100,4,ring,0.6,15,6,0.011029411764705883
100,4,ring,0.6,16,5,0.009191176470588236
100,4,ring,0.6,17,6,0.011029411764705883
100,4,ring,0.6,18,4,0.007352941176470588
100,4,ring,0.6,19,3,0.0055147058823529415
100,4,ring,0.6,20,2,0.003676470588235294
100,4,ring,0.6,21,6,0.011029411764705883
100,4,ring,0.6,22,2,0.003676470588235294
100,4,ring,0.6,23,2,0.003676470588235294
100,4,ring,0.6,32,1,0.001838235294117647
100,4,ring,0.6,38,1,0.001838235294117647
100,4,ring,0.7,2,176,0.2834138486312399
100,4,ring,0.7,3,124,0.1996779388083736
100,4,ring,0.7,4,85,0.13687600644122383
100,4,ring,0.7,5,77,0.12399355877616747
100,4,ring,0.7,6,49,0.07890499194847021
100,4,ring,0.7,7,25,0.040257648953301126
100,4,ring,0.7,8,21,0.033816425120772944
100,4,ring,0.7,9,26,0.04186795491143317
100,4,ring,0.7,10,13,0.020933977455716585
100,4,ring,0.7,11,6,0.00966183574879227
100,4,ring,0.7,12,9,0.014492753623188406
100,4,ring,0.7,13,5,0.008051529790660225
100,4,ring,0.7,14,1,0.001610305958132045
100,4,ring,0.7,15,1,0.001610305958132045
100,4,ring,0.7,16,2,0.00322061191626409
100,4,ring,0.7,20,1,0.001610305958132045
100,4,ring,0.8,2,195,0.3987730061349693
100,4,ring,0.8,3,132,0.26993865030674846
100,4,ring,0.8,4,75,0.15337423312883436
100,4,ring,0.8,5,38,0.07770961145194274
100,4,ring,0.8,6,21,0.04294478527607362
100,4,ring,0.8,7,11,0.022494887525562373
100,4,ring,0.8,8,10,0.02044989775051125
100,4,ring,0.8,9,2,0.00408997955010225
100,4,ring,0.8,10,4,0.0081799591002045
100,4,ring,0.8,12,1,0.002044989775051125
100,4,ring,0.9,2,163,0.7086956521739131
100,4,ring,0.9,3,46,0.2
100,4,ring,0.9,4,16,0.06956521739130435
100,4,ring,0.9,5,4,0.017391304347826087
100,4,ring,0.9,6,1,0.004347826086956522
100,4,scale_free,0.1,2,1,0.5
100,4,scale_free,0.1,3,1,0.5
100,4,scale_free,0.2,2,7,0.875
100,4,scale_free,0.2,3,1,0.125
100,4,scale_free,0.3,2,8,0.5714285714285714
100,4,scale_free,0.3,3,4,0.2857142857142857
100,4,scale_free,0.3,4,2,0.14285714285714285
100,4,scale_free,0.4,2,13,0.8125
100,4,scale_free,0.4,3,1,0.0625
100,4,scale_free,0.4,33,1,0.0625
100,4,scale_free,0.4,36,1,0.0625
100,4,scale_free,0.5,2,11,0.1746031746031746
100,4,scale_free,0.5,3,1,0.015873015873015872
100,4,scale_free,0.5,4,1,0.015873015873015872
100,4,scale_free,0.5,31,3,0.047619047619047616
100,4,scale_free,0.5,32,1,0.015873015873015872
100,4,scale_free,0.5,33,1,0.015873015873015872
100,4,scale_free,0.5,34,2,0.031746031746031744
100,4,scale_free,0.5,35,5,0.07936507936507936
100,4,scale_free,0.5,36,4,0.06349206349206349
100,4,scale_free,0.5,37,5,0.07936507936507936
100,4,scale_free,0.5,38,5,0.07936507936507936
100,4,scale_free,0.5,39,5,0.07936507936507936
100,4,scale_free,0.5,40,8,0.12698412698412698
100,4,scale_free,0.5,41,3,0.047619047619047616
100,4,scale_free,0.5,42,3,0.047619047619047616
100,4,scale_free,0.5,43,4,0.06349206349206349
100,4,scale_free,0.5,45,1,0.015873015873015872
100,4,scale_free,0.6,2,15,0.13043478260869565
100,4,scale_free,0.6,3,3,0.02608695652173913
100,4,scale_free,0.6,26,1,0.008695652173913044
100,4,scale_free,0.6,27,1,0.008695652173913044
100,4,scale_free,0.6,28,1,0.008695652173913044
100,4,scale_free,0.6,29,4,0.034782608695652174
100,4,scale_free,0.6,30,4,0.034782608695652174
100,4,scale_free,0.6,31,9,0.0782608695652174
100,4,scale_free,0.6,32,9,0.0782608695652174
100,4,scale_free,0.6,33,14,0.12173913043478261
100,4,scale_free,0.6,34,8,0.06956521739130435
100,4,scale_free,0.6,35,17,0.14782608695652175
100,4,scale_free,0.6,36,14,0.12173913043478261
100,4,scale_free,0.6,37,9,0.0782608695652174
100,4,scale_free,0.6,38,3,0.02608695652173913
100,4,scale_free,0.6,39,3,0.02608695652173913
100,4,scale_free,0.7,2,19,0.152
100,4,scale_free,0.7,3,3,0.024
100,4,scale_free,0.7,4,2,0.016
100,4,scale_free,0.7,5,1,0.008
100,4,scale_free,0.7,7,1,0.008
100,4,scale_free,0.7,16,1,0.008
100,4,scale_free,0.7,20,1,0.008
100,4,scale_free,0.7,21,6,0.048
100,4,scale_free,0.7,22,1,0.008
100,4,scale_free,0.7,23,3,0.024
100,4,scale_free,0.7,24,10,0.08
100,4,scale_free,0.7,25,11,0.088
100,4,scale_free,0.7,26,14,0.112
100,4,scale_free,0.7,27,15,0.12
100,4,scale_free,0.7,28,20,0.16
100,4,scale_free,0.7,29,13,0.104
100,4,scale_free,0.7,30,4,0.032
100,4,scale_free,0.8,2,33,0.2357142857142857
100,4,scale_free,0.8,3,5,0.03571428571428571
100,4,scale_free,0.8,4,2,0.014285714285714285
100,4,scale_free,0.8,10,2,0.014285714285714285
100,4,scale_free,0.8,12,2,0.014285714285714285
100,4,scale_free,0.8,13,3,0.02142857142857143
100,4,scale_free,0.8,14,11,0.07857142857142857
100,4,scale_free,0.8,15,4,0.02857142857142857
100,4,scale_free,0.8,16,16,0.11428571428571428
100,4,scale_free,0.8,17,14,0.1
100,4,scale_free,0.8,18,19,0.1357142857142857
100,4,scale_free,0.8,19,18,0.12857142857142856
100,4,scale_free,0.8,20,11,0.07857142857142857
100,4,scale_free,0.9,2,57,0.32947976878612717
100,4,scale_free,0.9,3,22,0.12716763005780346
100,4,scale_free,0.9,4,22,0.12716763005780346
100,4,scale_free,0.9,5,15,0.08670520231213873
100,4,scale_free,0.9,6,9,0.05202312138728324
100,4,scale_free,0.9,7,16,0.09248554913294797
100,4,scale_free,0.9,8,15,0.08670520231213873
100,4,scale_free,0.9,9,8,0.046242774566473986
100,4,scale_free,0.9,10,9,0.05202312138728324
100,4,small_world,0.1,2,1,1.0
100,4,small_world,0.2,2,5,0.7142857142857143
100,4,small_world,0.2,3,1,0.14285714285714285
100,4,small_world,0.2,4,1,0.14285714285714285
100,4,small_world,0.3,2,17,0.5483870967741935
100,4,small_world,0.3,3,7,0.22580645161290322
100,4,small_world,0.3,4,5,0.16129032258064516
100,4,small_world,0.3,6,2,0.06451612903225806
100,4,small_world,0.4,2,43,0.5584415584415584
100,4,small_world,0.4,3,15,0.19480519480519481
100,4,small_world,0.4,4,6,0.07792207792207792
100,4,small_world,0.4,5,3,0.03896103896103896
100,4,small_world,0.4,6,4,0.05194805194805195
100,4,small_world,0.4,7,3,0.03896103896103896
100,4,small_world,0.4,9,2,0.025974025974025976
100,4,small_world,0.4,12,1,0.012987012987012988
100,4,small_world,0.5,2,49,0.25925925925925924
100,4,small_world,0.5,3,18,0.09523809523809523
100,4,small_world,0.5,4,18,0.09523809523809523
100,4,small_world,0.5,5,8,0.042328042328042326
100,4,small_world,0.5,6,13,0.06878306878306878
100,4,small_world,0.5,7,11,0.0582010582010582
100,4,small_world,0.5,8,1,0.005291005291005291
100,4,small_world,0.5,9,1,0.005291005291005291
100,4,small_world,0.5,10,3,0.015873015873015872
100,4,small_world,0.5,11,5,0.026455026455026454
100,4,small_world,0.5,12,3,0.015873015873015872
100,4,small_world,0.5,13,3,0.015873015873015872
100,4,small_world,0.5,14,1,0.005291005291005291
100,4,small_world,0.5,16,1,0.005291005291005291
100,4,small_world,0.5,17,1,0.005291005291005291
100,4,small_world,0.5,18,1,0.005291005291005291
100,4,small_world,0.5,19,4,0.021164021164021163
100,4,small_world,0.5,20,1,0.005291005291005291
100,4,small_world,0.5,21,1,0.005291005291005291
100,4,small_world,0.5,22,1,0.005291005291005291
100,4,small_world,0.5,25,1,0.005291005291005291
100,4,small_world,0.5,27,2,0.010582010582010581
100,4,small_world,0.5,28,4,0.021164021164021163
100,4,small_world,0.5,30,1,0.005291005291005291
100,4,small_world,0.5,31,3,0.015873015873015872
100,4,small_world,0.5,32,3,0.015873015873015872
100,4,small_world,0.5,33,1,0.005291005291005291
100,4,small_world,0.5,34,2,0.010582010582010581
100,4,small_world,0.5,35,3,0.015873015873015872
100,4,small_world,0.5,36,1,0.005291005291005291
100,4,small_world,0.5,37,4,0.021164021164021163
100,4,small_world,0.5,39,4,0.021164021164021163
100,4,small_world,0.5,40,1,0.005291005291005291
100,4,small_world,0.5,42,4,0.021164021164021163
100,4,small_world,0.5,43,2,0.010582010582010581
100,4,small_world,0.5,44,4,0.021164021164021163
100,4,small_world,0.5,45,1,0.005291005291005291
100,4,small_world,0.5,46,3,0.015873015873015872
100,4,small_world,0.5,48,1,0.005291005291005291
100,4,small_world,0.6,2,72,0.23300970873786409
100,4,small_world,0.6,3,39,0.1262135922330097
100,4,small_world,0.6,4,24,0.07766990291262135
100,4,small_world,0.6,5,19,0.061488673139158574
100,4,small_world,0.6,6,15,0.04854368932038835
100,4,small_world,0.6,7,10,0.032362459546925564
100,4,small_world,0.6,8,8,0.025889967637540454
100,4,small_world,0.6,9,7,0.022653721682847898
100,4,small_world,0.6,10,8,0.025889967637540454
100,4,small_world,0.6,11,7,0.022653721682847898
100,4,small_world,0.6,12,4,0.012944983818770227
100,4,small_world,0.6,13,1,0.003236245954692557
100,4,small_world,0.6,14,2,0.006472491909385114
100,4,small_world,0.6,15,3,0.009708737864077669
100,4,small_world,0.6,16,4,0.012944983818770227
100,4,small_world,0.6,17,2,0.006472491909385114
100,4,small_world,0.6,18,4,0.012944983818770227
100,4,small_world,0.6,19,7,0.022653721682847898
100,4,small_world,0.6,20,1,0.003236245954692557
100,4,small_world,0.6,21,1,0.003236245954692557
100,4,small_world,0.6,22,2,0.006472491909385114
100,4,small_world,0.6,23,2,0.006472491909385114
100,4,small_world,0.6,24,2,0.006472491909385114
100,4,small_world,0.6,25,5,0.016181229773462782
100,4,small_world,0.6,26,2,0.006472491909385114
100,4,small_world,0.6,27,2,0.006472491909385114
100,4,small_world,0.6,28,6,0.019417475728155338
100,4,small_world,0.6,29,5,0.016181229773462782
100,4,small_world,0.6,30,3,0.009708737864077669
100,4,small_world,0.6,31,2,0.006472491909385114
100,4,small_world,0.6,32,5,0.016181229773462782
100,4,small_world,0.6,33,6,0.019417475728155338
100,4,small_world,0.6,34,2,0.006472491909385114
100,4,small_world,0.6,35,8,0.025889967637540454
100,4,small_world,0.6,36,4,0.012944983818770227
100,4,small_world,0.6,37,7,0.022653721682847898
100,4,small_world,0.6,38,3,0.009708737864077669
100,4,small_world,0.6,39,4,0.012944983818770227
100,4,small_world,0.6,40,1,0.003236245954692557
100,4,small_world,0.7,2,104,0.268733850129199
100,4,small_world,0.7,3,63,0.16279069767441862
100,4,small_world,0.7,4,40,0.10335917312661498
100,4,small_world,0.7,5,23,0.059431524547803614
100,4,small_world,0.7,6,30,0.07751937984496124
100,4,small_world,0.7,7,14,0.03617571059431524
100,4,small_world,0.7,8,13,0.03359173126614987
100,4,small_world,0.7,9,12,0.031007751937984496
100,4,small_world,0.7,10,4,0.0103359173126615
100,4,small_world,0.7,11,9,0.023255813953488372
100,4,small_world,0.7,12,4,0.0103359173126615
100,4,small_world,0.7,13,8,0.020671834625323
100,4,small_world,0.7,14,1,0.002583979328165375
100,4,small_world,0.7,15,3,0.007751937984496124
100,4,small_world,0.7,16,4,0.0103359173126615
100,4,small_world,0.7,17,9,0.023255813953488372
100,4,small_world,0.7,18,5,0.012919896640826873
100,4,small_world,0.7,19,4,0.0103359173126615
100,4,small_world,0.7,20,6,0.015503875968992248
100,4,small_world,0.7,21,4,0.0103359173126615
100,4,small_world,0.7,22,4,0.0103359173126615
100,4,small_world,0.7,23,3,0.007751937984496124
100,4,small_world,0.7,24,5,0.012919896640826873
100,4,small_world,0.7,25,7,0.01808785529715762
100,4,small_world,0.7,26,2,0.00516795865633075
100,4,small_world,0.7,27,1,0.002583979328165375
100,4,small_world,0.7,28,3,0.007751937984496124
100,4,small_world,0.7,29,2,0.00516795865633075
100,4,small_world,0.8,2,126,0.3333333333333333
100,4,small_world,0.8,3,82,0.21693121693121692
100,4,small_world,0.8,4,53,0.1402116402116402
100,4,small_world,0.8,5,27,0.07142857142857142
100,4,small_world,0.8,6,20,0.05291005291005291
100,4,small_world,0.8,7,10,0.026455026455026454
100,4,small_world,0.8,8,15,0.03968253968253968
100,4,small_world,0.8,9,16,0.042328042328042326
100,4,small_world,0.8,10,5,0.013227513227513227
100,4,small_world,0.8,11,6,0.015873015873015872
100,4,small_world,0.8,12,4,0.010582010582010581
100,4,small_world,0.8,13,5,0.013227513227513227
100,4,small_world,0.8,14,3,0.007936507936507936
100,4,small_world,0.8,15,3,0.007936507936507936
100,4,small_world,0.8,17,1,0.0026455026455026454
100,4,small_world,0.8,18,2,0.005291005291005291
100,4,small_world,0.9,2,143,0.6137339055793991
100,4,small_world,0.9,3,56,0.24034334763948498
100,4,small_world,0.9,4,20,0.08583690987124463
100,4,small_world,0.9,5,7,0.030042918454935622
100,4,small_world,0.9,6,3,0.012875536480686695
100,4,small_world,0.9,7,4,0.017167381974248927
200,4,er,0.1,2,3,0.75
200,4,er,0.1,3,1,0.25
200,4,er,0.2,2,8,0.8888888888888888
200,4,er,0.2,3,1,0.1111111111111111
200,4,er,0.3,2,17,0.7083333333333334
200,4,er,0.3,3,6,0.25
200,4,er,0.3,4,1,0.041666666666666664
200,4,er,0.4,2,39,0.8863636363636364
200,4,er,0.4,3,3,0.06818181818181818
200,4,er,0.4,4,1,0.022727272727272728
200,4,er,0.4,6,1,0.022727272727272728
200,4,er,0.5,2,60,0.43795620437956206
200,4,er,0.5,3,7,0.051094890510948905
200,4,er,0.5,4,2,0.014598540145985401
200,4,er,0.5,63,1,0.0072992700729927005
200,4,er,0.5,70,3,0.021897810218978103
200,4,er,0.5,73,2,0.014598540145985401
200,4,er,0.5,74,2,0.014598540145985401
200,4,er,0.5,75,3,0.021897810218978103
200,4,er,0.5,76,8,0.058394160583941604
200,4,er,0.5,77,7,0.051094890510948905
200,4,er,0.5,78,7,0.051094890510948905
200,4,er,0.5,79,5,0.0364963503649635
200,4,er,0.5,80,7,0.051094890510948905
200,4,er,0.5,81,3,0.021897810218978103
200,4,er,0.5,82,8,0.058394160583941604
200,4,er,0.5,83,3,0.021897810218978103
200,4,er,0.5,84,5,0.0364963503649635
200,4,er,0.5,85,2,0.014598540145985401
200,4,er,0.5,86,1,0.0072992700729927005
200,4,er,0.5,89,1,0.0072992700729927005
200,4,er,0.6,2,49,0.29518072289156627
200,4,er,0.6,3,12,0.07228915662650602
200,4,er,0.6,4,2,0.012048192771084338
200,4,er,0.6,5,2,0.012048192771084338
200,4,er,0.6,6,1,0.006024096385542169
200,4,er,0.6,56,1,0.006024096385542169
200,4,er,0.6,59,1,0.006024096385542169
200,4,er,0.6,60,2,0.012048192771084338
200,4,er,0.6,61,6,0.03614457831325301
200,4,er,0.6,62,3,0.018072289156626505
200,4,er,0.6,63,8,0.04819277108433735
200,4,er,0.6,64,8,0.04819277108433735
200,4,er,0.6,65,6,0.03614457831325301
200,4,er,0.6,66,10,0.060240963855421686
200,4,er,0.6,67,15,0.09036144578313253
200,4,er,0.6,68,6,0.03614457831325301
200,4,er,0.6,69,13,0.0783132530120482
200,4,er,0.6,70,8,0.04819277108433735
200,4,er,0.6,71,5,0.030120481927710843
200,4,er,0.6,72,3,0.018072289156626505
200,4,er,0.6,73,1,0.006024096385542169
200,4,er,0.6,74,1,0.006024096385542169
200,4,er,0.6,75,1,0.006024096385542169
200,4,er,0.6,76,1,0.006024096385542169
200,4,er,0.6,78,1,0.006024096385542169
200,4,er,0.7,2,64,0.3404255319148936
200,4,er,0.7,3,13,0.06914893617021277
200,4,er,0.7,4,8,0.0425531914893617
200,4,er,0.7,5,1,0.005319148936170213
200,4,er,0.7,6,1,0.005319148936170213
200,4,er,0.7,8,1,0.005319148936170213
200,4,er,0.7,40,1,0.005319148936170213
200,4,er,0.7,41,1,0.005319148936170213
200,4,er,0.7,42,1,0.005319148936170213
200,4,er,0.7,43,2,0.010638297872340425
200,4,er,0.7,44,3,0.015957446808510637
200,4,er,0.7,45,5,0.026595744680851064
200,4,er,0.7,46,9,0.047872340425531915
200,4,er,0.7,47,7,0.03723404255319149
200,4,er,0.7,48,7,0.03723404255319149
200,4,er,0.7,49,5,0.026595744680851064
200,4,er,0.7,50,15,0.0797872340425532
200,4,er,0.7,51,12,0.06382978723404255
200,4,er,0.7,52,8,0.0425531914893617
200,4,er,0.7,53,7,0.03723404255319149
200,4,er,0.7,54,8,0.0425531914893617
200,4,er,0.7,55,4,0.02127659574468085
200,4,er,0.7,56,5,0.026595744680851064
200,4,er,0.8,2,83,0.3547008547008547
200,4,er,0.8,3,25,0.10683760683760683
200,4,er,0.8,4,13,0.05555555555555555
200,4,er,0.8,5,5,0.021367521367521368
200,4,er,0.8,6,4,0.017094017094017096
200,4,er,0.8,7,1,0.004273504273504274
200,4,er,0.8,9,1,0.004273504273504274
200,4,er,0.8,10,1,0.004273504273504274
200,4,er,0.8,12,2,0.008547008547008548
200,4,er,0.8,13,2,0.008547008547008548
200,4,er,0.8,16,1,0.004273504273504274
200,4,er,0.8,18,1,0.004273504273504274
200,4,er,0.8,19,3,0.01282051282051282
200,4,er,0.8,22,1,0.004273504273504274
200,4,er,0.8,23,3,0.01282051282051282
200,4,er,0.8,24,5,0.021367521367521368
200,4,er,0.8,25,3,0.01282051282051282
200,4,er,0.8,26,4,0.017094017094017096
200,4,er,0.8,27,2,0.008547008547008548
200,4,er,0.8,28,8,0.03418803418803419
200,4,er,0.8,29,12,0.05128205128205128
200,4,er,0.8,30,7,0.029914529914529916
200,4,er,0.8,31,11,0.04700854700854701
200,4,er,0.8,32,8,0.03418803418803419
200,4,er,0.8,33,13,0.05555555555555555
200,4,er,0.8,34,4,0.017094017094017096
200,4,er,0.8,35,3,0.01282051282051282
200,4,er,0.8,36,5,0.021367521367521368
200,4,er,0.8,37,2,0.008547008547008548
200,4,er,0.8,38,1,0.004273504273504274
200,4,er,0.9,2,114,0.41605839416058393
200,4,er,0.9,3,38,0.1386861313868613
200,4,er,0.9,4,27,0.09854014598540146
200,4,er,0.9,5,10,0.0364963503649635
200,4,er,0.9,6,12,0.043795620437956206
200,4,er,0.9,7,10,0.0364963503649635
200,4,er,0.9,8,11,0.040145985401459854
200,4,er,0.9,9,8,0.029197080291970802
200,4,er,0.9,10,11,0.040145985401459854
200,4,er,0.9,11,10,0.0364963503649635
200,4,er,0.9,12,2,0.0072992700729927005
200,4,er,0.9,13,5,0.01824817518248175
200,4,er,0.9,14,8,0.029197080291970802
200,4,er,0.9,15,5,0.01824817518248175
200,4,er,0.9,16,1,0.0036496350364963502
200,4,er,0.9,17,2,0.0072992700729927005
200,4,ring,0.1,2,6,0.8571428571428571
200,4,ring,0.1,3,1,0.14285714285714285
200,4,ring,0.2,2,25,0.5434782608695652
200,4,ring,0.2,3,6,0.13043478260869565
200,4,ring,0.2,4,6,0.13043478260869565
200,4,ring,0.2,5,5,0.10869565217391304
200,4,ring,0.2,6,3,0.06521739130434782
200,4,ring,0.2,8,1,0.021739130434782608
200,4,ring,0.3,2,82,0.5222929936305732
200,4,ring,0.3,3,31,0.19745222929936307
200,4,ring,0.3,4,14,0.08917197452229299
200,4,ring,0.3,5,11,0.07006369426751592
200,4,ring,0.3,6,5,0.03184713375796178
200,4,ring,0.3,7,5,0.03184713375796178
200,4,ring,0.3,8,3,0.01910828025477707
200,4,ring,0.3,9,2,0.012738853503184714
200,4,ring,0.3,12,1,0.006369426751592357
200,4,ring,0.3,14,2,0.012738853503184714
200,4,ring,0.3,23,1,0.006369426751592357
200,4,ring,0.4,2,127,0.32564102564102565
200,4,ring,0.4,3,64,0.1641025641025641
200,4,ring,0.4,4,49,0.12564102564102564
200,4,ring,0.4,5,28,0.07179487179487179
200,4,ring,0.4,6,27,0.06923076923076923
200,4,ring,0.4,7,16,0.041025641025641026
200,4,ring,0.4,8,14,0.035897435897435895
200,4,ring,0.4,9,16,0.041025641025641026
200,4,ring,0.4,10,6,0.015384615384615385
200,4,ring,0.4,11,6,0.015384615384615385
200,4,ring,0.4,12,8,0.020512820512820513
200,4,ring,0.4,13,6,0.015384615384615385
200,4,ring,0.4,14,5,0.01282051282051282
200,4,ring,0.4,15,5,0.01282051282051282
200,4,ring,0.4,16,4,0.010256410256410256
200,4,ring,0.4,17,4,0.010256410256410256
200,4,ring,0.4,18,2,0.005128205128205128
200,4,ring,0.4,23,1,0.002564102564102564
200,4,ring,0.4,27,1,0.002564102564102564
200,4,ring,0.4,28,1,0.002564102564102564
200,4,ring,0.5,2,197,0.2640750670241287
200,4,ring,0.5,3,101,0.1353887399463807
200,4,ring,0.5,4,73,0.09785522788203753
200,4,ring,0.5,5,80,0.10723860589812333
200,4,ring,0.5,6,45,0.06032171581769437
200,4,ring,0.5,7,42,0.05630026809651475
200,4,ring,0.5,8,30,0.040214477211796246
200,4,ring,0.5,9,24,0.032171581769437
200,4,ring,0.5,10,24,0.032171581769437
200,4,ring,0.5,11,21,0.028150134048257374
200,4,ring,0.5,12,12,0.0160857908847185
200,4,ring,0.5,13,10,0.013404825737265416
200,4,ring,0.5,14,10,0.013404825737265416
200,4,ring,0.5,15,14,0.01876675603217158
200,4,ring,0.5,16,11,0.014745308310991957
200,4,ring,0.5,17,6,0.00804289544235925
200,4,ring,0.5,18,9,0.012064343163538873
200,4,ring,0.5,19,9,0.012064343163538873
200,4,ring,0.5,20,6,0.00804289544235925
200,4,ring,0.5,21,4,0.005361930294906166
200,4,ring,0.5,22,3,0.004021447721179625
200,4,ring,0.5,23,2,0.002680965147453083
200,4,ring,0.5,24,1,0.0013404825737265416
200,4,ring,0.5,25,4,0.005361930294906166
200,4,ring,0.5,26,1,0.0013404825737265416
200,4,ring,0.5,27,1,0.0013404825737265416
200,4,ring,0.5,28,2,0.002680965147453083
200,4,ring,0.5,33,1,0.0013404825737265416
200,4,ring,0.5,43,1,0.0013404825737265416
200,4,ring,0.5,46,1,0.0013404825737265416
200,4,ring,0.5,51,1,0.0013404825737265416
200,4,ring,0.6,2,228,0.21652421652421652
200,4,ring,0.6,3,148,0.14055080721747387
200,4,ring,0.6,4,109,0.10351377018043685
200,4,ring,0.6,5,111,0.10541310541310542
200,4,ring,0.6,6,100,0.0949667616334283
200,4,ring,0.6,7,75,0.07122507122507123
200,4,ring,0.6,8,45,0.042735042735042736
200,4,ring,0.6,9,44,0.04178537511870845
200,4,ring,0.6,10,33,0.03133903133903134
200,4,ring,0.6,11,29,0.027540360873694207
200,4,ring,0.6,12,17,0.016144349477682812
200,4,ring,0.6,13,20,0.01899335232668566
200,4,ring,0.6,14,11,0.010446343779677113
200,4,ring,0.6,15,12,0.011396011396011397
200,4,ring,0.6,16,13,0.012345679012345678
200,4,ring,0.6,17,9,0.008547008547008548
200,4,ring,0.6,18,10,0.00949667616334283
200,4,ring,0.6,19,4,0.003798670465337132
200,4,ring,0.6,20,3,0.002849002849002849
200,4,ring,0.6,21,2,0.001899335232668566
200,4,ring,0.6,22,9,0.008547008547008548
200,4,ring,0.6,23,5,0.004748338081671415
200,4,ring,0.6,24,4,0.003798670465337132
200,4,ring,0.6,25,4,0.003798670465337132
200,4,ring,0.6,26,1,0.000949667616334283
200,4,ring,0.6,27,1,0.000949667616334283
200,4,ring,0.6,28,1,0.000949667616334283
200,4,ring,0.6,29,1,0.000949667616334283
200,4,ring,0.6,30,1,0.000949667616334283
200,4,ring,0.6,33,1,0.000949667616334283
200,4,ring,0.6,35,1,0.000949667616334283
200,4,ring,0.6,40,1,0.000949667616334283
200,4,ring,0.7,2,339,0.2855939342881213
200,4,ring,0.7,3,230,0.1937657961246841
200,4,ring,0.7,4,165,0.13900589721988205
200,4,ring,0.7,5,129,0.10867733782645324
200,4,ring,0.7,6,95,0.08003369839932603
200,4,ring,0.7,7,44,0.03706823925863521
200,4,ring,0.7,8,42,0.03538331929233361
200,4,ring,0.7,9,42,0.03538331929233361
200,4,ring,0.7,10,30,0.02527379949452401
200,4,ring,0.7,11,17,0.014321819713563605
200,4,ring,0.7,12,20,0.016849199663016005
200,4,ring,0.7,13,8,0.006739679865206402
200,4,ring,0.7,14,10,0.008424599831508003
200,4,ring,0.7,15,7,0.005897219882055603
200,4,ring,0.7,16,4,0.003369839932603201
200,4,ring,0.7,17,2,0.0016849199663016006
200,4,ring,0.7,18,2,0.0016849199663016006
200,4,ring,0.7,22,1,0.0008424599831508003
200,4,ring,0.8,2,422,0.422
200,4,ring,0.8,3,256,0.256
200,4,ring,0.8,4,154,0.154
200,4,ring,0.8,5,67,0.067
200,4,ring,0.8,6,44,0.044
200,4,ring,0.8,7,30,0.03
200,4,ring,0.8,8,12,0.012
200,4,ring,0.8,9,8,0.008
200,4,ring,0.8,10,2,0.002
200,4,ring,0.8,11,3,0.003
200,4,ring,0.8,12,2,0.002
200,4,ring,0.9,2,296,0.669683257918552
200,4,ring,0.9,3,93,0.21040723981900453
200,4,ring,0.9,4,42,0.09502262443438914
200,4,ring,0.9,5,8,0.01809954751131222
200,4,ring,0.9,6,3,0.006787330316742082
200,4,scale_free,0.1,2,10,0.7692307692307693
200,4,scale_free,0.1,3,2,0.15384615384615385
200,4,scale_free,0.1,4,1,0.07692307692307693
200,4,scale_free,0.2,2,16,0.8421052631578947
200,4,scale_free,0.2,3,1,0.05263157894736842
200,4,scale_free,0.2,4,2,0.10526315789473684
200,4,scale_free,0.3,2,21,0.84
200,4,scale_free,0.3,3,3,0.12
200,4,scale_free,0.3,4,1,0.04
200,4,scale_free,0.4,2,24,0.8571428571428571
200,4,scale_free,0.4,3,2,0.07142857142857142
200,4,scale_free,0.4,4,1,0.03571428571428571
200,4,scale_free,0.4,66,1,0.03571428571428571
200,4,scale_free,0.5,2,24,0.27906976744186046
200,4,scale_free,0.5,3,5,0.05813953488372093
200,4,scale_free,0.5,4,3,0.03488372093023256
200,4,scale_free,0.5,67,3,0.03488372093023256
200,4,scale_free,0.5,68,2,0.023255813953488372
200,4,scale_free,0.5,70,2,0.023255813953488372
200,4,scale_free,0.5,71,2,0.023255813953488372
200,4,scale_free,0.5,72,4,0.046511627906976744
200,4,scale_free,0.5,73,5,0.05813953488372093
200,4,scale_free,0.5,74,2,0.023255813953488372
200,4,scale_free,0.5,75,5,0.05813953488372093
200,4,scale_free,0.5,76,4,0.046511627906976744
200,4,scale_free,0.5,77,2,0.023255813953488372
200,4,scale_free,0.5,78,9,0.10465116279069768
200,4,scale_free,0.5,79,1,0.011627906976744186
200,4,scale_free,0.5,80,3,0.03488372093023256
200,4,scale_free,0.5,81,5,0.05813953488372093
200,4,scale_free,0.5,82,1,0.011627906976744186
200,4,scale_free,0.5,83,3,0.03488372093023256
200,4,scale_free,0.5,84,1,0.011627906976744186
200,4,scale_free,0.6,2,22,0.176
200,4,scale_free,0.6,3,2,0.016
200,4,scale_free,0.6,4,2,0.016
200,4,scale_free,0.6,5,1,0.008
200,4,scale_free,0.6,56,1,0.008
200,4,scale_free,0.6,57,2,0.016
200,4,scale_free,0.6,58,2,0.016
200,4,scale_free,0.6,59,1,0.008
200,4,scale_free,0.6,60,3,0.024
200,4,scale_free,0.6,61,3,0.024
200,4,scale_free,0.6,62,2,0.016
200,4,scale_free,0.6,63,5,0.04
200,4,scale_free,0.6,64,6,0.048
200,4,scale_free,0.6,65,5,0.04
200,4,scale_free,0.6,66,7,0.056
200,4,scale_free,0.6,67,12,0.096
200,4,scale_free,0.6,68,11,0.088
200,4,scale_free,0.6,69,10,0.08
200,4,scale_free,0.6,70,7,0.056
200,4,scale_free,0.6,71,9,0.072
200,4,scale_free,0.6,72,5,0.04
200,4,scale_free,0.6,73,5,0.04
200,4,scale_free,0.6,74,2,0.016
200,4,scale_free,0.7,2,18,0.14754098360655737
200,4,scale_free,0.7,3,3,0.02459016393442623
200,4,scale_free,0.7,4,1,0.00819672131147541
200,4,scale_free,0.7,45,2,0.01639344262295082
200,4,scale_free,0.7,46,1,0.00819672131147541
200,4,scale_free,0.7,47,7,0.05737704918032787
200,4,scale_free,0.7,48,3,0.02459016393442623
200,4,scale_free,0.7,49,5,0.040983606557377046
200,4,scale_free,0.7,50,10,0.08196721311475409
200,4,scale_free,0.7,51,13,0.10655737704918032
200,4,scale_free,0.7,52,10,0.08196721311475409
200,4,scale_free,0.7,53,12,0.09836065573770492
200,4,scale_free,0.7,54,14,0.11475409836065574
200,4,scale_free,0.7,55,9,0.07377049180327869
200,4,scale_free,0.7,56,8,0.06557377049180328
200,4,scale_free,0.7,57,5,0.040983606557377046
200,4,scale_free,0.7,58,1,0.00819672131147541
200,4,scale_free,0.8,2,33,0.2323943661971831
200,4,scale_free,0.8,3,7,0.04929577464788732
200,4,scale_free,0.8,4,2,0.014084507042253521
200,4,scale_free,0.8,27,1,0.007042253521126761
200,4,scale_free,0.8,28,1,0.007042253521126761
200,4,scale_free,0.8,29,2,0.014084507042253521
200,4,scale_free,0.8,30,7,0.04929577464788732
200,4,scale_free,0.8,31,6,0.04225352112676056
200,4,scale_free,0.8,32,10,0.07042253521126761
200,4,scale_free,0.8,33,13,0.09154929577464789
200,4,scale_free,0.8,34,11,0.07746478873239436
200,4,scale_free,0.8,35,18,0.1267605633802817
200,4,scale_free,0.8,36,13,0.09154929577464789
200,4,scale_free,0.8,37,9,0.06338028169014084
200,4,scale_free,0.8,38,6,0.04225352112676056
200,4,scale_free,0.8,39,2,0.014084507042253521
200,4,scale_free,0.8,40,1,0.007042253521126761
200,4,scale_free,0.9,2,64,0.32
200,4,scale_free,0.9,3,20,0.1
200,4,scale_free,0.9,4,7,0.035
200,4,scale_free,0.9,5,6,0.03
200,4,scale_free,0.9,6,8,0.04
200,4,scale_free,0.9,7,8,0.04
200,4,scale_free,0.9,8,1,0.005
200,4,scale_free,0.9,9,2,0.01
200,4,scale_free,0.9,10,4,0.02
200,4,scale_free,0.9,11,4,0.02
200,4,scale_free,0.9,12,13,0.065
200,4,scale_free,0.9,13,11,0.055
200,4,scale_free,0.9,14,13,0.065
200,4,scale_free,0.9,15,4,0.02
200,4,scale_free,0.9,16,12,0.06
200,4,scale_free,0.9,17,8,0.04
200,4,scale_free,0.9,18,8,0.04
200,4,scale_free,0.9,19,4,0.02
200,4,scale_free,0.9,20,3,0.015
200,4,small_world,0.1,2,4,1.0
200,4,small_world,0.2,2,17,0.6538461538461539
200,4,small_world,0.2,3,5,0.19230769230769232
200,4,small_world,0.2,4,3,0.11538461538461539
200,4,small_world,0.2,5,1,0.038461538461538464
200,4,small_world,0.3,2,44,0.5789473684210527
200,4,small_world,0.3,3,15,0.19736842105263158
200,4,small_world,0.3,4,8,0.10526315789473684
200,4,small_world,0.3,5,3,0.039473684210526314
200,4,small_world,0.3,6,3,0.039473684210526314
200,4,small_world,0.3,7,2,0.02631578947368421
200,4,small_world,0.3,11,1,0.013157894736842105
200,4,small_world,0.4,2,77,0.44508670520231214
200,4,small_world,0.4,3,36,0.20809248554913296
200,4,small_world,0.4,4,23,0.1329479768786127
200,4,small_world,0.4,5,13,0.07514450867052024
200,4,small_world,0.4,6,5,0.028901734104046242
200,4,small_world,0.4,7,6,0.03468208092485549
200,4,small_world,0.4,8,3,0.017341040462427744
200,4,small_world,0.4,9,1,0.005780346820809248
200,4,small_world,0.4,10,1,0.005780346820809248
200,4,small_world,0.4,12,1,0.005780346820809248
200,4,small_world,0.4,14,2,0.011560693641618497
200,4,small_world,0.4,18,1,0.005780346820809248
200,4,small_world,0.4,21,3,0.017341040462427744
200,4,small_world,0.4,30,1,0.005780346820809248
200,4,small_world,0.5,2,116,0.3352601156069364
200,4,small_world,0.5,3,63,0.18208092485549132
200,4,small_world,0.5,4,37,0.1069364161849711
200,4,small_world,0.5,5,18,0.05202312138728324
200,4,small_world,0.5,6,16,0.046242774566473986
200,4,small_world,0.5,7,9,0.02601156069364162
200,4,small_world,0.5,8,13,0.03757225433526012
200,4,small_world,0.5,9,4,0.011560693641618497
200,4,small_world,0.5,10,1,0.002890173410404624
200,4,small_world,0.5,11,2,0.005780346820809248
200,4,small_world,0.5,13,3,0.008670520231213872
200,4,small_world,0.5,14,1,0.002890173410404624
200,4,small_world,0.5,15,1,0.002890173410404624
200,4,small_world,0.5,16,1,0.002890173410404624
200,4,small_world,0.5,17,1,0.002890173410404624
200,4,small_world,0.5,21,1,0.002890173410404624
200,4,small_world,0.5,22,1,0.002890173410404624
200,4,small_world,0.5,27,1,0.002890173410404624
200,4,small_world,0.5,28,1,0.002890173410404624
200,4,small_world,0.5,30,1,0.002890173410404624
200,4,small_world,0.5,31,2,0.005780346820809248
200,4,small_world,0.5,32,1,0.002890173410404624
200,4,small_world,0.5,33,3,0.008670520231213872
200,4,small_world,0.5,36,1,0.002890173410404624
200,4,small_world,0.5,39,1,0.002890173410404624
200,4,small_world,0.5,41,1,0.002890173410404624
200,4,small_world,0.5,44,2,0.005780346820809248
200,4,small_world,0.5,49,1,0.002890173410404624
200,4,small_world,0.5,52,1,0.002890173410404624
200,4,small_world,0.5,53,1,0.002890173410404624
200,4,small_world,0.5,57,2,0.005780346820809248
200,4,small_world,0.5,58,1,0.002890173410404624
200,4,small_world,0.5,59,2,0.005780346820809248
200,4,small_world,0.5,61,2,0.005780346820809248
200,4,small_world,0.5,62,1,0.002890173410404624
200,4,small_world,0.5,63,1,0.002890173410404624
200,4,small_world,0.5,65,1,0.002890173410404624
200,4,small_world,0.5,66,1,0.002890173410404624
200,4,small_world,0.5,67,1,0.002890173410404624
200,4,small_world,0.5,69,1,0.002890173410404624
200,4,small_world,0.5,72,1,0.002890173410404624
200,4,small_world,0.5,73,2,0.005780346820809248
200,4,small_world,0.5,74,4,0.011560693641618497
200,4,small_world,0.5,75,2,0.005780346820809248
200,4,small_world,0.5,76,3,0.008670520231213872
200,4,small_world,0.5,77,5,0.014450867052023121
200,4,small_world,0.5,78,1,0.002890173410404624
200,4,small_world,0.5,79,2,0.005780346820809248
200,4,small_world,0.5,80,2,0.005780346820809248
200,4,small_world,0.5,81,2,0.005780346820809248
200,4,small_world,0.5,83,3,0.008670520231213872
200,4,small_world,0.5,89,1,0.002890173410404624
200,4,small_world,0.6,2,157,0.3060428849902534
200,4,small_world,0.6,3,88,0.17153996101364521
200,4,small_world,0.6,4,48,0.0935672514619883
200,4,small_world,0.6,5,35,0.0682261208576998
200,4,small_world,0.6,6,13,0.025341130604288498
200,4,small_world,0.6,7,11,0.021442495126705652
200,4,small_world,0.6,8,7,0.01364522417153996
200,4,small_world,0.6,9,3,0.005847953216374269
200,4,small_world,0.6,10,11,0.021442495126705652
200,4,small_world,0.6,11,5,0.009746588693957114
200,4,small_world,0.6,12,5,0.009746588693957114
200,4,small_world,0.6,13,6,0.011695906432748537
200,4,small_world,0.6,14,2,0.003898635477582846
200,4,small_world,0.6,15,2,0.003898635477582846
200,4,small_world,0.6,16,3,0.005847953216374269
200,4,small_world,0.6,17,4,0.007797270955165692
200,4,small_world,0.6,18,4,0.007797270955165692
200,4,small_world,0.6,19,1,0.001949317738791423
200,4,small_world,0.6,20,1,0.001949317738791423
200,4,small_world,0.6,22,2,0.003898635477582846
200,4,small_world,0.6,24,2,0.003898635477582846
200,4,small_world,0.6,25,1,0.001949317738791423
200,4,small_world,0.6,26,3,0.005847953216374269
200,4,small_world,0.6,27,2,0.003898635477582846
200,4,small_world,0.6,28,2,0.003898635477582846
200,4,small_world,0.6,29,1,0.001949317738791423
200,4,small_world,0.6,30,3,0.005847953216374269
200,4,small_world,0.6,31,2,0.003898635477582846
200,4,small_world,0.6,33,2,0.003898635477582846
200,4,small_world,0.6,34,1,0.001949317738791423
200,4,small_world,0.6,36,1,0.001949317738791423
200,4,small_world,0.6,37,1,0.001949317738791423
200,4,small_world,0.6,38,2,0.003898635477582846
200,4,small_world,0.6,39,2,0.003898635477582846
200,4,small_world,0.6,41,2,0.003898635477582846
200,4,small_world,0.6,42,2,0.003898635477582846
200,4,small_world,0.6,43,1,0.001949317738791423
200,4,small_world,0.6,45,1,0.001949317738791423
200,4,small_world,0.6,46,1,0.001949317738791423
200,4,small_world,0.6,47,2,0.003898635477582846
200,4,small_world,0.6,48,4,0.007797270955165692
200,4,small_world,0.6,49,1,0.001949317738791423
200,4,small_world,0.6,50,1,0.001949317738791423
200,4,small_world,0.6,51,4,0.007797270955165692
200,4,small_world,0.6,52,5,0.009746588693957114
200,4,small_world,0.6,53,2,0.003898635477582846
200,4,small_world,0.6,54,2,0.003898635477582846
200,4,small_world,0.6,55,1,0.001949317738791423
200,4,small_world,0.6,56,1,0.001949317738791423
200,4,small_world,0.6,57,5,0.009746588693957114
200,4,small_world,0.6,58,2,0.003898635477582846
200,4,small_world,0.6,60,4,0.007797270955165692
200,4,small_world,0.6,61,2,0.003898635477582846
200,4,small_world,0.6,62,3,0.005847953216374269
200,4,small_world,0.6,63,4,0.007797270955165692
200,4,small_world,0.6,64,2,0.003898635477582846
200,4,small_world,0.6,65,2,0.003898635477582846
200,4,small_world,0.6,66,2,0.003898635477582846
200,4,small_world,0.6,67,4,0.007797270955165692
200,4,small_world,0.6,68,5,0.009746588693957114
200,4,small_world,0.6,69,3,0.005847953216374269
200,4,small_world,0.6,70,4,0.007797270955165692
200,4,small_world,0.6,71,1,0.001949317738791423
200,4,small_world,0.6,72,1,0.001949317738791423
200,4,small_world,0.6,73,1,0.001949317738791423
200,4,small_world,0.6,74,1,0.001949317738791423
200,4,small_world,0.6,75,1,0.001949317738791423
200,4,small_world,0.6,76,1,0.001949317738791423
200,4,small_world,0.6,77,1,0.001949317738791423
200,4,small_world,0.6,80,1,0.001949317738791423
200,4,small_world,0.7,2,202,0.31811023622047246
200,4,small_world,0.7,3,106,0.16692913385826771
200,4,small_world,0.7,4,61,0.09606299212598425
200,4,small_world,0.7,5,48,0.07559055118110236
200,4,small_world,0.7,6,25,0.03937007874015748
200,4,small_world,0.7,7,22,0.03464566929133858
200,4,small_world,0.7,8,16,0.025196850393700787
200,4,small_world,0.7,9,12,0.01889763779527559
200,4,small_world,0.7,10,11,0.01732283464566929
200,4,small_world,0.7,11,9,0.014173228346456693
200,4,small_world,0.7,12,4,0.006299212598425197
200,4,small_world,0.7,13,6,0.009448818897637795
200,4,small_world,0.7,14,6,0.009448818897637795
200,4,small_world,0.7,15,8,0.012598425196850394
200,4,small_world,0.7,16,5,0.007874015748031496
200,4,small_world,0.7,17,5,0.007874015748031496
200,4,small_world,0.7,18,5,0.007874015748031496
200,4,small_world,0.7,19,1,0.0015748031496062992
200,4,small_world,0.7,20,1,0.0015748031496062992
200,4,small_world,0.7,21,3,0.004724409448818898
200,4,small_world,0.7,22,2,0.0031496062992125984
200,4,small_world,0.7,23,2,0.0031496062992125984
200,4,small_world,0.7,24,3,0.004724409448818898
200,4,small_world,0.7,26,2,0.0031496062992125984
200,4,small_world,0.7,27,1,0.0015748031496062992
200,4,small_world,0.7,28,2,0.0031496062992125984
200,4,small_world,0.7,29,4,0.006299212598425197
200,4,small_world,0.7,30,4,0.006299212598425197
200,4,small_world,0.7,31,1,0.0015748031496062992
200,4,small_world,0.7,32,9,0.014173228346456693
200,4,small_world,0.7,33,1,0.0015748031496062992
200,4,small_world,0.7,34,8,0.012598425196850394
200,4,small_world,0.7,35,3,0.004724409448818898
200,4,small_world,0.7,36,1,0.0015748031496062992
200,4,small_world,0.7,37,2,0.0031496062992125984
200,4,small_world,0.7,38,2,0.0031496062992125984
200,4,small_world,0.7,39,4,0.006299212598425197
200,4,small_world,0.7,40,3,0.004724409448818898
200,4,small_world,0.7,41,1,0.0015748031496062992
200,4,small_world,0.7,42,2,0.0031496062992125984
200,4,small_world,0.7,43,5,0.007874015748031496
200,4,small_world,0.7,44,4,0.006299212598425197
200,4,small_world,0.7,45,2,0.0031496062992125984
200,4,small_world,0.7,46,1,0.0015748031496062992
200,4,small_world,0.7,47,1,0.0015748031496062992
200,4,small_world,0.7,48,1,0.0015748031496062992
200,4,small_world,0.7,49,1,0.0015748031496062992
200,4,small_world,0.7,50,1,0.0015748031496062992
200,4,small_world,0.7,51,2,0.0031496062992125984
200,4,small_world,0.7,52,2,0.0031496062992125984
200,4,small_world,0.7,54,1,0.0015748031496062992
200,4,small_world,0.7,58,1,0.0015748031496062992
200,4,small_world,0.8,2,270,0.36635006784260515
200,4,small_world,0.8,3,163,0.22116689280868385
200,4,small_world,0.8,4,82,0.1112618724559023
200,4,small_world,0.8,5,52,0.07055630936227951
200,4,small_world,0.8,6,34,0.04613297150610583
200,4,small_world,0.8,7,22,0.029850746268656716
200,4,small_world,0.8,8,23,0.031207598371777476
200,4,small_world,0.8,9,14,0.018995929443690638
200,4,small_world,0.8,10,13,0.017639077340569877
200,4,small_world,0.8,11,13,0.017639077340569877
200,4,small_world,0.8,12,13,0.017639077340569877
200,4,small_world,0.8,13,5,0.0067842605156037995
200,4,small_world,0.8,14,4,0.005427408412483039
200,4,small_world,0.8,16,6,0.008141112618724558
200,4,small_world,0.8,17,5,0.0067842605156037995
200,4,small_world,0.8,18,3,0.004070556309362279
200,4,small_world,0.8,19,7,0.009497964721845319
200,4,small_world,0.8,20,3,0.004070556309362279
200,4,small_world,0.8,23,2,0.0027137042062415195
200,4,small_world,0.8,26,1,0.0013568521031207597
200,4,small_world,0.8,27,1,0.0013568521031207597
200,4,small_world,0.8,32,1,0.0013568521031207597
200,4,small_world,0.9,2,233,0.541860465116279
200,4,small_world,0.9,3,100,0.23255813953488372
200,4,small_world,0.9,4,47,0.10930232558139535
200,4,small_world,0.9,5,31,0.07209302325581396
200,4,small_world,0.9,6,9,0.020930232558139535
200,4,small_world,0.9,7,4,0.009302325581395349
200,4,small_world,0.9,8,3,0.0069767441860465115
200,4,small_world,0.9,9,2,0.004651162790697674
200,4,small_world,0.9,10,1,0.002325581395348837
