num_nodes,mean_degree,trial,topology,graph_seed,num_edges,mean_degree_observed,degree_std,average_clustering,average_shortest_path
100,4,0,er,715167091,200,4.0,1.8920887928424501,0.03484920634920636,3.416969696969697
100,4,0,ring,711160435,200,4.0,0.0,0.5,12.878787878787879
100,4,0,small_world,1498886326,200,4.0,0.6633249580710799,0.32,4.774141414141414
100,4,0,scale_free,4022224304,200,4.0,3.9774363602702683,0.14213017680190354,2.9894949494949494
100,4,1,er,2385393977,200,4.0,1.772004514666935,0.018174603174603177,3.4383838383838383
100,4,1,ring,3452712994,200,4.0,0.0,0.5,12.878787878787879
100,4,1,small_world,4030097555,200,4.0,0.565685424949238,0.3790000000000001,5.22
100,4,1,scale_free,281934289,200,4.0,3.6359317925395684,0.12542006283825505,3.00040404040404
100,4,2,er,131328127,200,4.0,1.8384776310850235,0.019611111111111107,3.376161616161616
100,4,2,ring,1791254634,200,4.0,0.0,0.5,12.878787878787879
100,4,2,small_world,3334402313,200,4.0,0.6928203230275509,0.37199999999999994,4.629090909090909
100,4,2,scale_free,3635615700,200,4.0,3.605551275463989,0.12405584839996604,2.9832323232323232
100,4,3,er,3209300972,200,4.0,1.7776388834631178,0.03753968253968254,3.4482828282828284
100,4,3,ring,2059798190,200,4.0,0.0,0.5,12.878787878787879
100,4,3,small_world,1330029325,200,4.0,0.6,0.4209999999999999,5.135353535353535
100,4,3,scale_free,2404430563,200,4.0,3.340658617698013,0.09909899749373435,3.0913131313131315
100,4,4,er,516042269,200,4.0,2.0248456731316584,0.025023809523809525,3.394949494949495
100,4,4,ring,1257709777,200,4.0,0.0,0.5,12.878787878787879
100,4,4,small_world,441097495,200,4.0,0.6324555320336759,0.39000000000000007,5.1042424242424245
100,4,4,scale_free,2899696625,200,4.0,2.973213749463701,0.10235264735264735,3.1313131313131315
100,4,5,er,467112343,200,4.0,1.6613247725836149,0.05386507936507935,3.4931313131313133
100,4,5,ring,2991957131,200,4.0,0.0,0.5,12.878787878787879
100,4,5,small_world,241096587,200,4.0,0.6,0.34700000000000003,4.7973737373737375
100,4,5,scale_free,3165409161,200,4.0,3.6687872655688283,0.09418287921229097,3.0165656565656565
100,4,6,er,3086834553,200,4.0,1.5231546211727816,0.025285714285714293,3.418989898989899
100,4,6,ring,4201965314,200,4.0,0.0,0.5,12.878787878787879
100,4,6,small_world,463609923,200,4.0,0.565685424949238,0.3856666666666666,5.030909090909091
100,4,6,scale_free,4099682741,200,4.0,3.712142238654117,0.14695301482143588,3.011919191919192
100,4,7,er,2904216584,200,4.0,2.092844953645635,0.047253968253968257,3.541818181818182
100,4,7,ring,2818252839,200,4.0,0.0,0.5,12.878787878787879
100,4,7,small_world,169074916,200,4.0,0.5099019513592785,0.3989999999999999,5.4375757575757575
100,4,7,scale_free,1234717151,200,4.0,3.6221540552549665,0.1326564112216286,3.00989898989899
100,4,8,er,2795231377,200,4.0,1.8384776310850235,0.04125396825396826,3.541818181818182
100,4,8,ring,2491686401,200,4.0,0.0,0.5,12.878787878787879
100,4,8,small_world,1651108366,200,4.0,0.6164414002968976,0.37533333333333346,4.803434343434343
100,4,8,scale_free,3610233912,200,4.0,4.209513035969837,0.21964034818228367,2.9127272727272726
100,4,9,er,3228116824,200,4.0,1.816590212458495,0.052912698412698404,3.4896969696969697
100,4,9,ring,4206238740,200,4.0,0.0,0.5,12.878787878787879
100,4,9,small_world,909660836,200,4.0,0.6928203230275509,0.3279999999999999,4.718181818181818
100,4,9,scale_free,992740352,200,4.0,3.0919249667480613,0.1049936788357841,3.150909090909091
100,4,10,er,3061021737,200,4.0,1.9595917942265424,0.03380952380952382,3.3781818181818184
100,4,10,ring,2955695191,200,4.0,0.0,0.5,12.878787878787879
100,4,10,small_world,3912178606,200,4.0,0.6633249580710799,0.3776666666666667,4.898181818181818
100,4,10,scale_free,2791737471,200,4.0,4.096339829652808,0.1498572321300516,2.9523232323232325
100,4,11,er,584524321,200,4.0,1.8220867158288598,0.040309523809523816,3.425858585858586
100,4,11,ring,1154243709,200,4.0,0.0,0.5,12.878787878787879
100,4,11,small_world,1543371341,200,4.0,0.6,0.3356666666666668,4.840808080808081
100,4,11,scale_free,1324007209,200,4.0,3.7629775444453557,0.14198383500557413,3.0084848484848483
100,4,12,er,533815448,200,4.0,1.6792855623746665,0.04628571428571429,3.566666666666667
100,4,12,ring,2051550747,200,4.0,0.0,0.5,12.878787878787879
100,4,12,small_world,461179649,200,4.0,0.565685424949238,0.3929999999999999,5.45030303030303
100,4,12,scale_free,854916440,200,4.0,3.7175260590882213,0.09476981303297091,2.997979797979798
100,4,13,er,2862550218,200,4.0,1.7435595774162693,0.04192857142857143,3.45959595959596
100,4,13,ring,3420960524,200,4.0,0.0,0.5,12.878787878787879
100,4,13,small_world,2102970912,200,4.0,0.5291502622129182,0.41566666666666663,5.572727272727272
100,4,13,scale_free,1138515692,200,4.0,3.5496478698597698,0.13467282717282716,3.0206060606060605
100,4,14,er,154437632,200,4.0,1.6733200530681511,0.01766666666666667,3.4175757575757575
100,4,14,ring,1485595338,200,4.0,0.0,0.5,12.878787878787879
100,4,14,small_world,403931330,200,4.0,0.6928203230275509,0.34933333333333344,4.751111111111111
100,4,14,scale_free,2894220731,200,4.0,3.370459909270543,0.10011233211233211,3.0694949494949495
100,4,15,er,4187316923,200,4.0,1.9798989873223332,0.02673593073593074,3.470707070707071
100,4,15,ring,3862490228,200,4.0,0.0,0.5,12.878787878787879
100,4,15,small_world,4016251048,200,4.0,0.7348469228349535,0.3486666666666666,4.82040404040404
100,4,15,scale_free,2397080787,200,4.0,3.8832975677895196,0.20436039998648692,2.991111111111111
100,4,16,er,847532149,200,4.0,1.760681686165901,0.028999999999999998,3.44
100,4,16,ring,2543486421,200,4.0,0.0,0.5,12.878787878787879
100,4,16,small_world,2490701137,200,4.0,0.6633249580710799,0.3693333333333333,4.673939393939394
100,4,16,scale_free,2730622037,200,4.0,3.159113799786263,0.07578782811391507,3.1133333333333333
100,4,17,er,1252328761,200,4.0,1.8973665961010275,0.02371500721500721,3.352929292929293
100,4,17,ring,275908535,200,4.0,0.0,0.5,12.878787878787879
100,4,17,small_world,3292828806,200,4.0,0.6164414002968976,0.3816666666666666,5.065252525252525
100,4,17,scale_free,3885791151,200,4.0,3.6606010435446255,0.14613472780416517,3.011919191919192
100,4,18,er,2214093555,200,4.0,1.8275666882497066,0.0462936507936508,3.448888888888889
100,4,18,ring,896940094,200,4.0,0.0,0.5,12.878787878787879
100,4,18,small_world,3790618617,200,4.0,0.6324555320336759,0.3756666666666667,5.002424242424242
100,4,18,scale_free,2711075817,200,4.0,3.056141357987225,0.09425214328155505,3.1303030303030304
100,4,19,er,754396369,200,4.0,1.7776388834631178,0.022912698412698412,3.573737373737374
100,4,19,ring,3058015480,200,4.0,0.0,0.5,12.878787878787879
100,4,19,small_world,1358082550,200,4.0,0.6782329983125268,0.3946666666666668,4.878989898989899
100,4,19,scale_free,2362957524,200,4.0,3.7013511046643495,0.11041517741517742,3.025252525252525
100,4,20,er,1564980270,200,4.0,2.0591260281974,0.053071428571428575,3.4044444444444446
100,4,20,ring,2973239520,200,4.0,0.0,0.5,12.878787878787879
100,4,20,small_world,3082160225,200,4.0,0.6782329983125268,0.3746666666666667,4.81010101010101
100,4,20,scale_free,964483954,200,4.0,3.8131351929875237,0.14077601072762363,2.9935353535353535
100,4,21,er,1602163029,200,4.0,1.8220867158288598,0.027839826839826838,3.473737373737374
100,4,21,ring,3106014171,200,4.0,0.0,0.5,12.878787878787879
100,4,21,small_world,3006094517,200,4.0,0.6928203230275509,0.36228571428571443,4.656363636363636
100,4,21,scale_free,3766893590,200,4.0,3.246536616149585,0.10843868450390187,3.1624242424242426
100,4,22,er,999648369,200,4.0,1.772004514666935,0.02204761904761905,3.5042424242424244
100,4,22,ring,2235391186,200,4.0,0.0,0.5,12.878787878787879
100,4,22,small_world,3852153245,200,4.0,0.5830951894845301,0.4023333333333335,5.000606060606061
100,4,22,scale_free,1810273792,200,4.0,3.152776554086889,0.10254139135718084,3.137171717171717
100,4,23,er,2861490951,200,4.0,2.0346989949375804,0.01916666666666667,3.3727272727272726
100,4,23,ring,2171291704,200,4.0,0.0,0.5,12.878787878787879
100,4,23,small_world,2849286918,200,4.0,0.5830951894845301,0.33899999999999997,4.858585858585859
100,4,23,scale_free,946199967,200,4.0,4.361192497471305,0.16213151681997182,2.8604040404040405
100,4,24,er,1315692919,200,4.0,2.004993765576342,0.02738095238095239,3.4238383838383837
100,4,24,ring,2798286356,200,4.0,0.0,0.5,12.878787878787879
100,4,24,small_world,2524523272,200,4.0,0.6633249580710799,0.3913333333333333,4.945858585858586
100,4,24,scale_free,1965508174,200,4.0,3.676955262170047,0.11339816908237964,3.00989898989899
100,4,25,er,1976145990,200,4.0,1.849324200890693,0.02741774891774892,3.4913131313131314
100,4,25,ring,3326886794,200,4.0,0.0,0.5,12.878787878787879
100,4,25,small_world,1808018825,200,4.0,0.7348469228349535,0.35609523809523824,4.891919191919192
100,4,25,scale_free,1905565168,200,4.0,3.6138621999185303,0.11201303768695073,3.033939393939394
100,4,26,er,1141238987,200,4.0,1.8601075237738274,0.035103174603174615,3.444040404040404
100,4,26,ring,1220023316,200,4.0,0.0,0.5,12.878787878787879
100,4,26,small_world,4282376676,200,4.0,0.6928203230275509,0.3737619047619048,5.0
100,4,26,scale_free,780391984,200,4.0,4.054626986542659,0.18355925750078675,2.929090909090909
100,4,27,er,905696842,200,4.0,1.9544820285692064,0.037491341991341985,3.4404040404040406
100,4,27,ring,1332160983,200,4.0,0.0,0.5,12.878787878787879
100,4,27,small_world,1382414479,200,4.0,0.6164414002968976,0.38666666666666666,4.914747474747474
100,4,27,scale_free,3432301894,200,4.0,3.215587038162705,0.05931639825602674,3.077777777777778
100,4,28,er,597503792,200,4.0,2.078460969082653,0.0472936507936508,3.414141414141414
100,4,28,ring,2327815547,200,4.0,0.0,0.5,12.878787878787879
100,4,28,small_world,536565232,200,4.0,0.6324555320336759,0.3213333333333334,4.514545454545455
100,4,28,scale_free,3157154084,200,4.0,3.5327043465311387,0.12381895555424968,3.0254545454545454
100,4,29,er,2610907404,200,4.0,1.9078784028338913,0.04571139971139971,3.4985858585858587
100,4,29,ring,2665730913,200,4.0,0.0,0.5,12.878787878787879
100,4,29,small_world,374056387,200,4.0,0.6633249580710799,0.35700000000000004,4.626060606060606
100,4,29,scale_free,30838070,200,4.0,4.106093033529562,0.18080183413078152,2.977777777777778
100,4,30,er,3060671613,200,4.0,1.876166303929372,0.032420634920634926,3.4305050505050505
100,4,30,ring,633505410,200,4.0,0.0,0.5,12.878787878787879
100,4,30,small_world,3798069152,200,4.0,0.6633249580710799,0.336,4.601414141414142
100,4,30,scale_free,175482428,200,4.0,3.4871191548325386,0.08153038189880295,3.021010101010101
100,4,31,er,4017740757,200,4.0,1.760681686165901,0.0353968253968254,3.4337373737373738
100,4,31,ring,1113464944,200,4.0,0.0,0.5,12.878787878787879
100,4,31,small_world,2679959019,200,4.0,0.6782329983125268,0.39342857142857157,4.962626262626262
100,4,31,scale_free,2253210090,200,4.0,3.111269837220809,0.06456471306471308,3.086060606060606
100,4,32,er,136290615,200,4.0,1.8547236990991407,0.029936507936507938,3.4816161616161616
100,4,32,ring,4281533812,200,4.0,0.0,0.5,12.878787878787879
100,4,32,small_world,1118141531,200,4.0,0.6324555320336759,0.3549999999999999,4.902020202020202
100,4,32,scale_free,3071137027,200,4.0,4.009987531152684,0.10712474358548527,2.9165656565656564
100,4,33,er,293355171,200,4.0,1.6852299546352716,0.027301587301587302,3.4925252525252524
100,4,33,ring,809232349,200,4.0,0.0,0.5,12.878787878787879
100,4,33,small_world,2050600573,200,4.0,0.6633249580710799,0.3754761904761906,4.7844444444444445
100,4,33,scale_free,932568177,200,4.0,3.4467375879228173,0.09105058734369077,3.0828282828282827
100,4,34,er,152782276,200,4.0,1.8275666882497066,0.050465367965367956,3.4725252525252523
100,4,34,ring,3067237663,200,4.0,0.0,0.5,12.878787878787879
100,4,34,small_world,2681830163,200,4.0,0.6164414002968976,0.3729999999999999,4.925050505050505
100,4,34,scale_free,2084657363,200,4.0,3.6138621999185303,0.062495472277980024,2.9993939393939395
100,4,35,er,786945043,200,4.0,2.0542638584174138,0.03516378066378067,3.3965656565656563
100,4,35,ring,850530303,200,4.0,0.0,0.5,12.878787878787879
100,4,35,small_world,3120246664,200,4.0,0.7071067811865476,0.3396666666666668,4.517171717171717
100,4,35,scale_free,1322714972,200,4.0,3.509985754956849,0.1288372777892902,3.0595959595959594
100,4,36,er,1522481591,200,4.0,1.9026297590440449,0.016753968253968257,3.476969696969697
100,4,36,ring,598382168,200,4.0,0.0,0.5,12.878787878787879
100,4,36,small_world,2488178155,200,4.0,0.648074069840786,0.3829999999999999,5.101616161616161
100,4,36,scale_free,556805733,200,4.0,3.8987177379235853,0.12119531784005469,2.942020202020202
100,4,37,er,1119655896,200,4.0,2.0,0.03537229437229437,3.423030303030303
100,4,37,ring,2283501350,200,4.0,0.0,0.5,12.878787878787879
100,4,37,small_world,3063168871,200,4.0,0.6324555320336759,0.371,4.874343434343435
100,4,37,scale_free,2381266708,200,4.0,3.1685959035509716,0.03363064713064714,3.134949494949495
100,4,38,er,2997013479,200,4.0,2.1118712081942874,0.06382683982683983,3.408888888888889
100,4,38,ring,2423791158,200,4.0,0.0,0.5,12.878787878787879
100,4,38,small_world,1352782166,200,4.0,0.7071067811865476,0.361404761904762,5.0488888888888885
100,4,38,scale_free,1998249693,200,4.0,3.529872518944558,0.1053341247675613,3.027070707070707
100,4,39,er,2625062885,200,4.0,2.186321110907545,0.04453607503607504,3.533737373737374
100,4,39,ring,2893034435,200,4.0,0.0,0.5,12.878787878787879
100,4,39,small_world,1541818955,200,4.0,0.648074069840786,0.37133333333333335,5.011111111111111
100,4,39,scale_free,1206618310,200,4.0,3.6687872655688283,0.11187791435617524,2.981010101010101
100,4,40,er,1561971849,200,4.0,1.8708286933869707,0.020984126984126984,3.374343434343434
100,4,40,ring,1649611026,200,4.0,0.0,0.5,12.878787878787879
100,4,40,small_world,3611188149,200,4.0,0.5830951894845301,0.3973333333333332,5.952727272727273
100,4,40,scale_free,3559108944,200,4.0,3.6796738985948196,0.07865221379927263,2.9872727272727273
100,4,41,er,77881378,200,4.0,1.9849433241279208,0.02420634920634921,3.4133333333333336
100,4,41,ring,3502255041,200,4.0,0.0,0.5,12.878787878787879
100,4,41,small_world,3775615371,200,4.0,0.6324555320336759,0.39809523809523817,5.209292929292929
100,4,41,scale_free,3847795888,200,4.0,4.2895221179054435,0.09718580530190439,2.882222222222222
100,4,42,er,4155097959,200,4.0,1.8814887722226779,0.0313968253968254,3.4872727272727273
100,4,42,ring,1916774199,200,4.0,0.0,0.5,12.878787878787879
100,4,42,small_world,2827532513,200,4.0,0.4898979485566356,0.4033333333333332,5.868484848484848
100,4,42,scale_free,1496469427,200,4.0,3.794733192202055,0.15313073593073592,2.9731313131313133
100,4,43,er,770243188,200,4.0,2.0199009876724157,0.02066666666666667,3.509292929292929
100,4,43,ring,1020765920,200,4.0,0.0,0.5,12.878787878787879
100,4,43,small_world,3908686295,200,4.0,0.7071067811865476,0.37066666666666676,4.7327272727272724
100,4,43,scale_free,1182223222,200,4.0,3.6851051545376556,0.13189373433583962,2.9842424242424244
100,4,44,er,3497428758,200,4.0,1.8055470085267789,0.021793650793650796,3.4575757575757575
100,4,44,ring,1083035379,200,4.0,0.0,0.5,12.878787878787879
100,4,44,small_world,3096447461,200,4.0,0.648074069840786,0.3553333333333332,5.120404040404041
100,4,44,scale_free,142218559,200,4.0,4.451965857910413,0.15041181205045134,2.914747474747475
100,4,45,er,3394824407,200,4.0,1.9339079605813716,0.03195238095238095,3.5153535353535355
100,4,45,ring,557499011,200,4.0,0.0,0.5,12.878787878787879
100,4,45,small_world,1552122011,200,4.0,0.5099019513592785,0.409,5.3933333333333335
100,4,45,scale_free,1445066513,200,4.0,3.987480407475377,0.09351571692785615,2.955959595959596
100,4,46,er,799286768,200,4.0,1.772004514666935,0.040007936507936506,3.413939393939394
100,4,46,ring,3882303137,200,4.0,0.0,0.5,12.878787878787879
100,4,46,small_world,450450136,200,4.0,0.6164414002968976,0.4073333333333332,5.084242424242424
100,4,46,scale_free,3086850660,200,4.0,3.7336309405188937,0.12509906698273235,2.946868686868687
100,4,47,er,91101437,200,4.0,1.6431676725154984,0.02147619047619048,3.4494949494949494
100,4,47,ring,397328387,200,4.0,0.0,0.5,12.878787878787879
100,4,47,small_world,483926924,200,4.0,0.6324555320336759,0.386904761904762,4.966666666666667
100,4,47,scale_free,193761928,200,4.0,4.1012193308819755,0.16558140008140007,2.901818181818182
100,4,48,er,585819498,200,4.0,1.9183326093250879,0.03230952380952381,3.426262626262626
100,4,48,ring,3908236947,200,4.0,0.0,0.5,12.878787878787879
100,4,48,small_world,445606733,200,4.0,0.6633249580710799,0.3486666666666666,4.797979797979798
100,4,48,scale_free,1069556147,200,4.0,3.690528417449187,0.13681881120853392,2.9943434343434343
100,4,49,er,3852847898,200,4.0,1.8,0.050849206349206366,3.5135353535353535
100,4,49,ring,305601585,200,4.0,0.0,0.5,12.878787878787879
100,4,49,small_world,1945504295,200,4.0,0.7874007874011811,0.37200000000000005,4.734141414141414
100,4,49,scale_free,442670395,200,4.0,3.388214869219483,0.10523311483837801,3.0816161616161617
100,4,50,er,902622681,200,4.0,1.9949937343260002,0.0368975468975469,3.3492929292929294
100,4,50,ring,2979342795,200,4.0,0.0,0.5,12.878787878787879
100,4,50,small_world,2659662112,200,4.0,0.5099019513592785,0.4083333333333334,5.634343434343434
100,4,50,scale_free,1764079858,200,4.0,3.8832975677895196,0.20626067821067817,2.9731313131313133
100,4,51,er,1953885380,200,4.0,1.6792855623746665,0.046833333333333324,3.488888888888889
100,4,51,ring,2780197129,200,4.0,0.0,0.5,12.878787878787879
100,4,51,small_world,1509411299,200,4.0,0.5830951894845301,0.4140952380952379,5.333333333333333
100,4,51,scale_free,3969093751,200,4.0,3.714835124201342,0.11109459381198512,2.9971717171717174
100,4,52,er,1762090821,200,4.0,1.833030277982336,0.039238095238095246,3.4315151515151516
100,4,52,ring,1840927419,200,4.0,0.0,0.5,12.878787878787879
100,4,52,small_world,378032751,200,4.0,0.565685424949238,0.4086666666666666,5.51010101010101
100,4,52,scale_free,1007988995,200,4.0,3.4409301068170506,0.11168977882021361,3.0739393939393937
100,4,53,er,2561183495,200,4.0,1.8275666882497066,0.026730158730158732,3.528888888888889
100,4,53,ring,570130522,200,4.0,0.0,0.5,12.878787878787879
100,4,53,small_world,3504835845,200,4.0,0.565685424949238,0.3819999999999999,5.14929292929293
100,4,53,scale_free,371804019,200,4.0,4.671188285650665,0.14932946186604723,2.835757575757576
100,4,54,er,134162630,200,4.0,1.8547236990991407,0.04113492063492064,3.443232323232323
100,4,54,ring,1661807355,200,4.0,0.0,0.5,12.878787878787879
100,4,54,small_world,1452513895,200,4.0,0.6,0.40700000000000003,5.220606060606061
100,4,54,scale_free,1050629547,200,4.0,3.7416573867739413,0.11938224610638402,2.9713131313131314
100,4,55,er,1795046353,200,4.0,2.078460969082653,0.026547619047619056,3.4416161616161616
100,4,55,ring,4198584839,200,4.0,0.0,0.5,12.878787878787879
100,4,55,small_world,3880143926,200,4.0,0.6,0.3523333333333332,4.797575757575758
100,4,55,scale_free,4097105756,200,4.0,3.972404813208241,0.1592582972582972,2.993737373737374
100,4,56,er,3371209855,200,4.0,1.9493588689617927,0.02111904761904762,3.42989898989899
100,4,56,ring,2961296567,200,4.0,0.0,0.5,12.878787878787879
100,4,56,small_world,1637511122,200,4.0,0.6633249580710799,0.3389999999999999,4.564242424242424
100,4,56,scale_free,4186027857,200,4.0,4.534313619501853,0.1715074275318178,2.866060606060606
100,4,57,er,3544045004,200,4.0,1.5937377450509227,0.0245,3.46
100,4,57,ring,3735411930,200,4.0,0.0,0.5,12.878787878787879
100,4,57,small_world,1286697765,200,4.0,0.469041575982343,0.4073333333333332,5.4393939393939394
100,4,57,scale_free,3685592297,200,4.0,3.880721582386451,0.1476680304186025,2.9515151515151516
100,4,58,er,1236009105,200,4.0,1.772004514666935,0.03418253968253968,3.4426262626262627
100,4,58,ring,2067616281,200,4.0,0.0,0.5,12.878787878787879
100,4,58,small_world,888460939,200,4.0,0.5099019513592785,0.405,5.631515151515152
100,4,58,scale_free,1683571583,200,4.0,3.939543120718442,0.13289522977022977,3.003030303030303
100,4,59,er,895764569,200,4.0,1.9026297590440449,0.034539682539682544,3.4313131313131313
100,4,59,ring,274814658,200,4.0,0.0,0.5,12.878787878787879
100,4,59,small_world,1258127967,200,4.0,0.5477225575051661,0.3940000000000001,5.541818181818182
100,4,59,scale_free,1982645894,200,4.0,3.255764119219941,0.11481123778182602,3.0773737373737373
100,4,60,er,1179219735,200,4.0,1.5811388300841898,0.050619047619047605,3.554949494949495
100,4,60,ring,1324744714,200,4.0,0.0,0.5,12.878787878787879
100,4,60,small_world,1430327410,200,4.0,0.5099019513592785,0.37266666666666665,5.192525252525252
100,4,60,scale_free,127346220,200,4.0,3.9824615503479754,0.07240691863917015,2.908080808080808
100,4,61,er,71196090,200,4.0,1.969771560359221,0.03091269841269842,3.4171717171717173
100,4,61,ring,3533148410,200,4.0,0.0,0.5,12.878787878787879
100,4,61,small_world,2485322629,200,4.0,0.4898979485566356,0.39500000000000013,5.2727272727272725
100,4,61,scale_free,2964469220,200,4.0,3.8026306683663087,0.1754454267954268,2.967878787878788
100,4,62,er,1225730043,200,4.0,1.783255450012701,0.02826190476190477,3.4454545454545453
100,4,62,ring,692137228,200,4.0,0.0,0.5,12.878787878787879
100,4,62,small_world,2239536614,200,4.0,0.6,0.4059999999999999,5.134747474747475
100,4,62,scale_free,505565648,200,4.0,4.303486958270002,0.15601732185942713,2.938989898989899
100,4,63,er,4222679372,200,4.0,1.760681686165901,0.04603102453102452,3.4096969696969697
100,4,63,ring,3986551366,200,4.0,0.0,0.5,12.878787878787879
100,4,63,small_world,3193401661,200,4.0,0.565685424949238,0.3776666666666667,5.065454545454545
100,4,63,scale_free,1764921344,200,4.0,3.472751070837068,0.11189142982621243,3.068080808080808
100,4,64,er,4117953848,200,4.0,1.9390719429665315,0.028158730158730157,3.4214141414141412
100,4,64,ring,506891695,200,4.0,0.0,0.5,12.878787878787879
100,4,64,small_world,3177988555,200,4.0,0.6928203230275509,0.3496666666666666,4.451919191919192
100,4,64,scale_free,2211354041,200,4.0,3.3376638536557275,0.06364256854256853,3.0985858585858588
100,4,65,er,1169168259,200,4.0,2.078460969082653,0.03164862914862915,3.4086868686868685
100,4,65,ring,3953231320,200,4.0,0.0,0.5,12.878787878787879
100,4,65,small_world,2472248979,200,4.0,0.5099019513592785,0.41600000000000015,5.936161616161616
100,4,65,scale_free,3759190848,200,4.0,3.736308338453881,0.20773468415642327,2.988080808080808
100,4,66,er,3463513272,200,4.0,2.0,0.035349206349206345,3.4072727272727272
100,4,66,ring,1449074023,200,4.0,0.0,0.5,12.878787878787879
100,4,66,small_world,594185592,200,4.0,0.6164414002968976,0.3886666666666666,5.354949494949495
100,4,66,scale_free,3107204478,200,4.0,4.064480286580315,0.1579338082969662,2.9254545454545453
100,4,67,er,3356927321,200,4.0,1.697056274847714,0.013380952380952382,3.4864646464646465
100,4,67,ring,1901720480,200,4.0,0.0,0.5,12.878787878787879
100,4,67,small_world,2419702641,200,4.0,0.6,0.3893333333333333,5.2002020202020205
100,4,67,scale_free,3362178070,200,4.0,3.3075670817082456,0.0695332896377788,3.0545454545454547
100,4,68,er,1240889785,200,4.0,1.8601075237738274,0.05134559884559883,3.525858585858586
100,4,68,ring,443877172,200,4.0,0.0,0.5,12.878787878787879
100,4,68,small_world,283104381,200,4.0,0.5830951894845301,0.4219999999999998,5.163232323232323
100,4,68,scale_free,3502468985,200,4.0,3.3970575502926055,0.07536368017946965,3.0662626262626262
100,4,69,er,2493208143,200,4.0,1.9131126469708992,0.03483333333333335,3.4416161616161616
100,4,69,ring,1329899833,200,4.0,0.0,0.5,12.878787878787879
100,4,69,small_world,3042327449,200,4.0,0.5291502622129182,0.4066666666666666,5.575757575757576
100,4,69,scale_free,3480447724,200,4.0,3.97994974842648,0.15340149295149297,2.9145454545454546
100,4,70,er,1824281731,200,4.0,2.0,0.03747619047619048,3.433333333333333
100,4,70,ring,436560397,200,4.0,0.0,0.5,12.878787878787879
100,4,70,small_world,1433556704,200,4.0,0.5830951894845301,0.3683333333333335,5.145656565656566
100,4,70,scale_free,2403820669,200,4.0,3.4899856733230297,0.10910656565656567,3.070909090909091
100,4,71,er,2379026718,200,4.0,1.876166303929372,0.03098412698412699,3.410909090909091
100,4,71,ring,328846555,200,4.0,0.0,0.5,12.878787878787879
100,4,71,small_world,3423596106,200,4.0,0.6324555320336759,0.3616666666666667,4.99030303030303
100,4,71,scale_free,1042566136,200,4.0,3.54400902933387,0.13976080586080586,3.064040404040404
100,4,72,er,1881595082,200,4.0,1.9493588689617927,0.028920634920634923,3.408080808080808
100,4,72,ring,551982515,200,4.0,0.0,0.5,12.878787878787879
100,4,72,small_world,451769983,200,4.0,0.5477225575051661,0.41766666666666663,5.678585858585858
100,4,72,scale_free,3487958565,200,4.0,4.052159917870962,0.1268261447358971,2.9404040404040406
100,4,73,er,909179995,200,4.0,2.1400934559032696,0.05800000000000001,3.3993939393939394
100,4,73,ring,944801324,200,4.0,0.0,0.5,12.878787878787879
100,4,73,small_world,3240382266,200,4.0,0.6164414002968976,0.3876666666666668,5.058989898989899
100,4,73,scale_free,505574380,200,4.0,3.5468295701936396,0.0886806818912082,2.9963636363636366
100,4,74,er,2953234875,200,4.0,1.7204650534085253,0.0208968253968254,3.4923232323232325
100,4,74,ring,3904460463,200,4.0,0.0,0.5,12.878787878787879
100,4,74,small_world,2345454227,200,4.0,0.6324555320336759,0.36699999999999994,5.068282828282828
100,4,74,scale_free,193159667,200,4.0,3.5972211497209896,0.1027579413975295,3.0064646464646465
100,4,75,er,3622495407,200,4.0,1.760681686165901,0.02134126984126984,3.4838383838383837
100,4,75,ring,1075203736,200,4.0,0.0,0.5,12.878787878787879
100,4,75,small_world,2291801325,200,4.0,0.6324555320336759,0.36833333333333323,4.834949494949495
100,4,75,scale_free,3184682698,200,4.0,4.280186911806539,0.169909207280175,2.8913131313131313
100,4,76,er,781423583,200,4.0,1.865475810617763,0.029412698412698418,3.501818181818182
100,4,76,ring,2521365341,200,4.0,0.0,0.5,12.878787878787879
100,4,76,small_world,3380751216,200,4.0,0.6633249580710799,0.3836666666666668,4.803636363636364
100,4,76,scale_free,620144540,200,4.0,3.423448553724738,0.061029276279276276,3.0802020202020204
100,4,77,er,3381048824,200,4.0,1.8547236990991407,0.04631746031746032,3.463030303030303
100,4,77,ring,3781762990,200,4.0,0.0,0.5,12.878787878787879
100,4,77,small_world,3395876865,200,4.0,0.6,0.37300000000000005,5.21050505050505
100,4,77,scale_free,1035956462,200,4.0,3.954743986657038,0.15195087687248812,2.9604040404040406
100,4,78,er,4241891780,200,4.0,1.9544820285692064,0.0572142857142857,3.4985858585858587
100,4,78,ring,3885133955,200,4.0,0.0,0.5,12.878787878787879
100,4,78,small_world,422662785,200,4.0,0.5099019513592785,0.41233333333333344,5.352727272727273
100,4,78,scale_free,1442999101,200,4.0,4.352011029397789,0.2070829019977093,2.906262626262626
100,4,79,er,1678394292,200,4.0,1.6733200530681511,0.029333333333333336,3.430909090909091
100,4,79,ring,2645010587,200,4.0,0.0,0.5,12.878787878787879
100,4,79,small_world,479117501,200,4.0,0.5830951894845301,0.38333333333333336,4.891717171717172
100,4,79,scale_free,1754996880,200,4.0,4.019950248448356,0.14363569441830312,2.9315151515151516
100,4,80,er,1455510061,200,4.0,1.944222209522358,0.05458513708513709,3.4634343434343435
100,4,80,ring,2430957323,200,4.0,0.0,0.5,12.878787878787879
100,4,80,small_world,1838421101,200,4.0,0.6164414002968976,0.3936666666666669,5.32060606060606
100,4,80,scale_free,3606551142,200,4.0,4.5563142999578075,0.1626249666936166,2.8626262626262626
100,4,81,er,1006120050,200,4.0,1.98997487421324,0.03497619047619047,3.4337373737373738
100,4,81,ring,266388491,200,4.0,0.0,0.5,12.878787878787879
100,4,81,small_world,1820647164,200,4.0,0.648074069840786,0.345,4.881212121212121
100,4,81,scale_free,2467483771,200,4.0,3.9140771581561853,0.1281490438974286,2.9402020202020203
100,4,82,er,2459347628,200,4.0,2.0149441679609885,0.05938311688311689,3.4016161616161615
100,4,82,ring,2256739528,200,4.0,0.0,0.5,12.878787878787879
100,4,82,small_world,3049460651,200,4.0,0.6324555320336759,0.38299999999999995,5.111717171717172
100,4,82,scale_free,3081141807,200,4.0,3.794733192202055,0.10065940921823274,2.9725252525252523
100,4,83,er,2046094729,200,4.0,1.7888543819998317,0.039974025974025974,3.4812121212121214
100,4,83,ring,3666836832,200,4.0,0.0,0.5,12.878787878787879
100,4,83,small_world,1784973660,200,4.0,0.648074069840786,0.3893333333333333,4.893939393939394
100,4,83,scale_free,76376285,200,4.0,3.2526911934581184,0.08184914208598418,3.0735353535353536
100,4,84,er,97102845,200,4.0,1.7435595774162693,0.06679365079365078,3.46
100,4,84,ring,3683527304,200,4.0,0.0,0.5,12.878787878787879
100,4,84,small_world,1280329857,200,4.0,0.5291502622129182,0.3856666666666667,5.281818181818182
100,4,84,scale_free,3922822984,200,4.0,3.8131351929875237,0.1216523019464196,2.9826262626262627
100,4,85,er,2009440921,200,4.0,1.8384776310850235,0.016166666666666666,3.4486868686868686
100,4,85,ring,63052487,200,4.0,0.0,0.5,12.878787878787879
100,4,85,small_world,773162207,200,4.0,0.7071067811865476,0.35100000000000003,4.654949494949495
100,4,85,scale_free,1029676804,200,4.0,3.388214869219483,0.09535099803578065,3.0646464646464646
100,4,86,er,1333309919,200,4.0,1.98997487421324,0.02011904761904762,3.446262626262626
100,4,86,ring,3777017132,200,4.0,0.0,0.5,12.878787878787879
100,4,86,small_world,2951017777,200,4.0,0.6,0.39433333333333354,4.963636363636364
100,4,86,scale_free,3019334989,200,4.0,3.652396473549935,0.11245249720441537,3.021010101010101
100,4,87,er,1370956843,200,4.0,1.8814887722226779,0.018500000000000003,3.481818181818182
100,4,87,ring,2227858996,200,4.0,0.0,0.5,12.878787878787879
100,4,87,small_world,2432433098,200,4.0,0.565685424949238,0.3779999999999999,5.196565656565657
100,4,87,scale_free,101372963,200,4.0,3.6359317925395684,0.09643650793650792,3.0109090909090908
100,4,88,er,869421608,200,4.0,1.944222209522358,0.053396825396825394,3.461010101010101
100,4,88,ring,1737701850,200,4.0,0.0,0.5,12.878787878787879
100,4,88,small_world,2631435567,200,4.0,0.6164414002968976,0.376,5.027676767676768
100,4,88,scale_free,3859138114,200,4.0,3.736308338453881,0.16693890417574628,3.023030303030303
100,4,89,er,1773741775,200,4.0,1.9287301521985911,0.034746031746031754,3.4004040404040405
100,4,89,ring,2388989325,200,4.0,0.0,0.5,12.878787878787879
100,4,89,small_world,1007330417,200,4.0,0.5099019513592785,0.38433333333333314,5.552525252525252
100,4,89,scale_free,2233862453,200,4.0,3.5832945734337835,0.09246031746031745,2.995959595959596
100,4,90,er,4003115600,200,4.0,1.5874507866387544,0.030880952380952384,3.500808080808081
100,4,90,ring,219115270,200,4.0,0.0,0.5,12.878787878787879
100,4,90,small_world,1094295390,200,4.0,0.6633249580710799,0.3559999999999999,4.707272727272727
100,4,90,scale_free,4210508928,200,4.0,3.4,0.12119003701612396,3.0597979797979797
100,4,91,er,600513330,200,4.0,1.944222209522358,0.032317460317460314,3.4256565656565656
100,4,91,ring,273024748,200,4.0,0.0,0.5,12.878787878787879
100,4,91,small_world,3026813765,200,4.0,0.7211102550927979,0.36466666666666664,4.75939393939394
100,4,91,scale_free,527868810,200,4.0,3.8157568056677826,0.10452583098016534,2.9767676767676767
100,4,92,er,801750291,200,4.0,1.8814887722226779,0.018571428571428572,3.456969696969697
100,4,92,ring,651296141,200,4.0,0.0,0.5,12.878787878787879
100,4,92,small_world,2350883962,200,4.0,0.7348469228349535,0.35076190476190483,4.593333333333334
100,4,92,scale_free,2575146536,200,4.0,3.1559467676119,0.05478218513512631,3.1024242424242425
100,4,93,er,668449045,200,4.0,1.7663521732655694,0.03032539682539683,3.433333333333333
100,4,93,ring,3289314909,200,4.0,0.0,0.5,12.878787878787879
100,4,93,small_world,1766324199,200,4.0,0.648074069840786,0.36099999999999993,4.779191919191919
100,4,93,scale_free,2727844127,200,4.0,3.3466401061363023,0.11257469431153641,3.0539393939393937
100,4,94,er,2788322597,200,4.0,1.9131126469708992,0.024523809523809524,3.4442424242424243
100,4,94,ring,2644130938,200,4.0,0.0,0.5,12.878787878787879
100,4,94,small_world,621806385,200,4.0,0.4898979485566356,0.40499999999999986,5.3133333333333335
100,4,94,scale_free,1084985250,200,4.0,3.7202150475476548,0.11516986955696633,3.0414141414141413
100,4,95,er,1840868199,200,4.0,1.9026297590440449,0.03247619047619047,3.466262626262626
100,4,95,ring,3180254143,200,4.0,0.0,0.5,12.878787878787879
100,4,95,small_world,3467612303,200,4.0,0.6782329983125268,0.3366666666666667,4.882424242424243
100,4,95,scale_free,2370782711,200,4.0,3.57211421989835,0.13307760376878025,3.0242424242424244
100,4,96,er,2039795929,200,4.0,2.172556098240043,0.038682539682539686,3.637171717171717
100,4,96,ring,3553162972,200,4.0,0.0,0.5,12.878787878787879
100,4,96,small_world,1970773469,200,4.0,0.4898979485566356,0.43099999999999994,6.26020202020202
100,4,96,scale_free,1768337364,200,4.0,3.5496478698597698,0.11379562707823576,3.04969696969697
100,4,97,er,3299174748,200,4.0,1.9339079605813716,0.03825252525252525,3.434747474747475
100,4,97,ring,3790843883,200,4.0,0.0,0.5,12.878787878787879
100,4,97,small_world,801442119,200,4.0,0.6,0.3726666666666667,5.285252525252525
100,4,97,scale_free,1924138906,200,4.0,3.627671429443411,0.13046470686176567,3.001010101010101
100,4,98,er,2830532143,200,4.0,1.6552945357246849,0.04230952380952382,3.417373737373737
100,4,98,ring,3400706732,200,4.0,0.0,0.5,12.878787878787879
100,4,98,small_world,1824671134,200,4.0,0.565685424949238,0.4039999999999999,5.026666666666666
100,4,98,scale_free,736452329,200,4.0,3.7416573867739413,0.07742821067821068,2.986060606060606
100,4,99,er,3393394680,200,4.0,1.8110770276274832,0.05306349206349204,3.4945454545454546
100,4,99,ring,3890274417,200,4.0,0.0,0.5,12.878787878787879
100,4,99,small_world,2659941195,200,4.0,0.6164414002968976,0.39599999999999996,5.032121212121212
100,4,99,scale_free,3853295348,200,4.0,3.7175260590882213,0.12285850750556632,3.004040404040404
200,4,0,er,3582984163,400,4.0,1.794435844492636,0.010809523809523809,3.9660804020100504
200,4,0,ring,3771307175,400,4.0,0.0,0.5,25.376884422110553
200,4,0,small_world,2442829619,400,4.0,0.648074069840786,0.38066666666666665,6.140251256281407
200,4,0,scale_free,700766869,400,4.0,4.1340053217188775,0.06508110446552699,3.381105527638191
200,4,1,er,444072499,400,4.0,1.797220075561143,0.022484126984126985,3.9757286432160805
200,4,1,ring,4144153848,400,4.0,0.0,0.5,25.376884422110553
200,4,1,small_world,2949380187,400,4.0,0.648074069840786,0.38054761904761897,6.0409547738693465
200,4,1,scale_free,2864267537,400,4.0,3.9484174044799265,0.07061745988216576,3.38356783919598
200,4,2,er,3983073426,400,4.0,1.944222209522358,0.024003968253968253,4.024321608040201
200,4,2,ring,2594008470,400,4.0,0.0,0.5,25.376884422110553
200,4,2,small_world,509401488,400,4.0,0.5830951894845301,0.4148333333333332,6.520804020100503
200,4,2,scale_free,3552982899,400,4.0,4.069397989875161,0.09672324753023878,3.381608040201005
200,4,3,er,3038897744,400,4.0,1.9467922333931784,0.027055555555555545,3.957638190954774
200,4,3,ring,1195955368,400,4.0,0.0,0.5,25.376884422110553
200,4,3,small_world,4220954876,400,4.0,0.6244997998398398,0.3648333333333333,6.018793969849246
200,4,3,scale_free,4037217537,400,4.0,4.066939881532551,0.051147530691514904,3.364673366834171
200,4,4,er,851100860,400,4.0,1.8973665961010275,0.009856782106782107,3.999045226130653
200,4,4,ring,3802558415,400,4.0,0.0,0.5,25.376884422110553
200,4,4,small_world,1296139810,400,4.0,0.6244997998398398,0.3314999999999999,5.791356783919598
200,4,4,scale_free,3053555274,400,4.0,4.56398948289761,0.07856047169205063,3.263668341708543
200,4,5,er,1797948266,400,4.0,1.9493588689617927,0.01861507936507937,4.01502512562814
200,4,5,ring,1212202058,400,4.0,0.0,0.5,25.376884422110553
200,4,5,small_world,1769673280,400,4.0,0.5385164807134504,0.4093333333333333,6.889447236180905
200,4,5,scale_free,2746001647,400,4.0,3.7107950630558943,0.08760966729349082,3.438140703517588
200,4,6,er,1274521481,400,4.0,1.9287301521985911,0.014440115440115442,3.970150753768844
200,4,6,ring,3686630109,400,4.0,0.0,0.5,25.376884422110553
200,4,6,small_world,2920156189,400,4.0,0.6708203932499369,0.3813333333333334,5.988090452261306
200,4,6,scale_free,3169515121,400,4.0,3.9127995093027703,0.05022243371533431,3.391859296482412
200,4,7,er,658990882,400,4.0,1.7748239349298849,0.018908730158730156,4.063618090452262
200,4,7,ring,1987267773,400,4.0,0.0,0.5,25.376884422110553
200,4,7,small_world,3945279391,400,4.0,0.6164414002968976,0.3921666666666666,6.242964824120603
200,4,7,scale_free,105067204,400,4.0,3.8288379438153295,0.07772418406663259,3.4474371859296484
200,4,8,er,2050973371,400,4.0,1.7916472867168918,0.0280515873015873,4.033869346733669
200,4,8,ring,2229640342,400,4.0,0.0,0.5,25.376884422110553
200,4,8,small_world,34186752,400,4.0,0.648074069840786,0.3521666666666667,5.897286432160804
200,4,8,scale_free,3383206022,400,4.0,4.540925015897091,0.10273242483424543,3.292462311557789
200,4,9,er,2822532919,400,4.0,1.9390719429665315,0.011043650793650793,3.9679396984924624
200,4,9,ring,3428836309,400,4.0,0.0,0.5,25.376884422110553
200,4,9,small_world,422866244,400,4.0,0.5477225575051661,0.40416666666666656,6.841206030150754
200,4,9,scale_free,294918764,400,4.0,4.253234063627348,0.054705192683133855,3.34964824120603
200,4,10,er,1407367251,400,4.0,1.7320508075688772,0.016154761904761908,4.035125628140704
200,4,10,ring,1251216532,400,4.0,0.0,0.5,25.376884422110553
200,4,10,small_world,4260374195,400,4.0,0.6164414002968976,0.387142857142857,6.5274371859296485
200,4,10,scale_free,2845755452,400,4.0,4.241462012089699,0.10299833925353541,3.366331658291457
200,4,11,er,3878426344,400,4.0,1.8110770276274832,0.029670634920634913,4.051507537688442
200,4,11,ring,2328983500,400,4.0,0.0,0.5,25.376884422110553
200,4,11,small_world,1350521344,400,4.0,0.6633249580710799,0.3696666666666666,6.397386934673367
200,4,11,scale_free,746879419,400,4.0,4.180908992073374,0.09515163718539679,3.345025125628141
200,4,12,er,1674879246,400,4.0,2.0542638584174138,0.02581349206349206,3.9932663316582913
200,4,12,ring,1459626548,400,4.0,0.0,0.5,25.376884422110553
200,4,12,small_world,2043311669,400,4.0,0.6,0.37433333333333324,6.186231155778894
200,4,12,scale_free,3379249988,400,4.0,4.414748010928823,0.08177293416651002,3.307638190954774
200,4,13,er,2099937255,400,4.0,1.9209372712298547,0.012698051948051951,3.9314572864321606
200,4,13,ring,1636059408,400,4.0,0.0,0.5,25.376884422110553
200,4,13,small_world,3833668974,400,4.0,0.5830951894845301,0.3843095238095236,6.600150753768844
200,4,13,scale_free,98403691,400,4.0,4.658325879540846,0.11235092155893862,3.2585929648241208
200,4,14,er,1567971986,400,4.0,1.760681686165901,0.01984126984126984,4.006984924623116
200,4,14,ring,3046878750,400,4.0,0.0,0.5,25.376884422110553
200,4,14,small_world,2269274430,400,4.0,0.5744562646538028,0.38566666666666655,6.279849246231156
200,4,14,scale_free,4181096602,400,4.0,4.354308211415448,0.08909984282129865,3.302964824120603
200,4,15,er,3649778407,400,4.0,1.977371993328519,0.01935642135642136,3.9846231155778895
200,4,15,ring,4164968903,400,4.0,0.0,0.5,25.376884422110553
200,4,15,small_world,479598359,400,4.0,0.5477225575051661,0.4098333333333331,6.857185929648241
200,4,15,scale_free,592650202,400,4.0,4.106093033529562,0.08525194072017332,3.3830150753768846
200,4,16,er,3569342298,400,4.0,1.9364916731037085,0.013511904761904758,3.9295979899497486
200,4,16,ring,2703134082,400,4.0,0.0,0.5,25.376884422110553
200,4,16,small_world,3707928081,400,4.0,0.6557438524302001,0.3875000000000001,6.194472361809045
200,4,16,scale_free,223993410,400,4.0,3.9862262855989496,0.03495786889021184,3.3813065326633165
200,4,17,er,2254855265,400,4.0,1.8547236990991407,0.01513095238095238,3.977185929648241
200,4,17,ring,2479941084,400,4.0,0.0,0.5,25.376884422110553
200,4,17,small_world,2498275037,400,4.0,0.5830951894845301,0.37449999999999983,6.288291457286432
200,4,17,scale_free,2537042146,400,4.0,3.9471508711981103,0.0735074109211409,3.3803015075376885
200,4,18,er,828619245,400,4.0,1.9,0.022162698412698415,3.9560301507537687
200,4,18,ring,2120631318,400,4.0,0.0,0.5,25.376884422110553
200,4,18,small_world,1898474507,400,4.0,0.6082762530298219,0.3735,6.271256281407036
200,4,18,scale_free,752121951,400,4.0,4.102438299353203,0.060339830309328456,3.3707537688442213
200,4,19,er,137880277,400,4.0,1.8275666882497066,0.01972619047619048,3.974422110552764
200,4,19,ring,3235395083,400,4.0,0.0,0.5,25.376884422110553
200,4,19,small_world,3755479736,400,4.0,0.5477225575051661,0.4071666666666667,6.691959798994975
200,4,19,scale_free,3971602776,400,4.0,4.069397989875161,0.08837474508413788,3.3974874371859296
200,4,20,er,1520779055,400,4.0,1.9493588689617927,0.004842490842490842,3.939899497487437
200,4,20,ring,984056023,400,4.0,0.0,0.5,25.376884422110553
200,4,20,small_world,742826849,400,4.0,0.6082762530298219,0.3641666666666667,6.1693969849246235
200,4,20,scale_free,3622793528,400,4.0,3.7616485747608057,0.07564405491851145,3.4351256281407037
200,4,21,er,1503178284,400,4.0,1.9131126469708992,0.012281385281385282,3.93
200,4,21,ring,2663547967,400,4.0,0.0,0.5,25.376884422110553
200,4,21,small_world,1857233404,400,4.0,0.5916079783099616,0.3798333333333331,6.078442211055276
200,4,21,scale_free,3877937947,400,4.0,4.106093033529562,0.05663254094117098,3.341859296482412
200,4,22,er,3521323016,400,4.0,1.8814887722226779,0.022743506493506493,4.022512562814071
200,4,22,ring,4225458430,400,4.0,0.0,0.5,25.376884422110553
200,4,22,small_world,503589194,400,4.0,0.6164414002968976,0.3618333333333333,5.768140703517588
200,4,22,scale_free,3608534155,400,4.0,3.9357337308308855,0.0358901997121946,3.3715577889447235
200,4,23,er,1848451899,400,4.0,1.8547236990991407,0.017972222222222223,4.004221105527638
200,4,23,ring,2762020830,400,4.0,0.0,0.5,25.376884422110553
200,4,23,small_world,3282090736,400,4.0,0.5567764362830022,0.37183333333333335,6.434723618090453
200,4,23,scale_free,1188325205,400,4.0,4.369210454990696,0.08862561388352465,3.3244221105527636
200,4,24,er,1632265996,400,4.0,1.9157244060668017,0.022666666666666665,4.000251256281407
200,4,24,ring,968171764,400,4.0,0.0,0.5,25.376884422110553
200,4,24,small_world,3726382748,400,4.0,0.6782329983125268,0.3525476190476191,5.891507537688442
200,4,24,scale_free,2205113543,400,4.0,4.142463035441596,0.08095105333604634,3.3434170854271357
200,4,25,er,997401923,400,4.0,1.8384776310850235,0.012718253968253969,3.991608040201005
200,4,25,ring,1181335274,400,4.0,0.0,0.5,25.376884422110553
200,4,25,small_world,1694755846,400,4.0,0.5916079783099616,0.3869999999999999,6.341758793969849
200,4,25,scale_free,1998619509,400,4.0,4.46318272088428,0.08849657824254598,3.266683417085427
200,4,26,er,1475974623,400,4.0,1.833030277982336,0.02371031746031746,3.9960301507537688
200,4,26,ring,3226084350,400,4.0,0.0,0.5,25.376884422110553
200,4,26,small_world,2557992708,400,4.0,0.6244997998398398,0.3528333333333336,5.858643216080402
200,4,26,scale_free,177484319,400,4.0,3.8249182997810554,0.08517607300275178,3.442814070351759
200,4,27,er,92255802,400,4.0,1.7663521732655694,0.019000000000000003,4.0201005025125625
200,4,27,ring,3585807687,400,4.0,0.0,0.5,25.376884422110553
200,4,27,small_world,3894356097,400,4.0,0.6244997998398398,0.34216666666666673,5.815678391959799
200,4,27,scale_free,2176606386,400,4.0,4.246174749112429,0.06116990268497879,3.3453768844221106
200,4,28,er,4291838494,400,4.0,1.835755975068582,0.019396825396825402,3.962211055276382
200,4,28,ring,2086939565,400,4.0,0.0,0.5,25.376884422110553
200,4,28,small_world,2014685302,400,4.0,0.648074069840786,0.3723333333333331,5.999095477386935
200,4,28,scale_free,2168045810,400,4.0,4.3220365569948616,0.10297011384015485,3.351959798994975
200,4,29,er,58317446,400,4.0,1.833030277982336,0.007952380952380952,3.9430150753768842
200,4,29,ring,1859656448,400,4.0,0.0,0.5,25.376884422110553
200,4,29,small_world,3359606925,400,4.0,0.565685424949238,0.385,6.742010050251256
200,4,29,scale_free,2392708151,400,4.0,4.27668095606862,0.05711254794023672,3.3308040201005027
200,4,30,er,3347884442,400,4.0,1.849324200890693,0.03184487734487734,4.037035175879397
200,4,30,ring,1540328368,400,4.0,0.0,0.5,25.376884422110553
200,4,30,small_world,3416315828,400,4.0,0.6633249580710799,0.33849999999999997,5.752914572864322
200,4,30,scale_free,3838654736,400,4.0,4.00374824383352,0.13599950841523728,3.406532663316583
200,4,31,er,788284790,400,4.0,1.865475810617763,0.016892496392496393,4.007135678391959
200,4,31,ring,2887960745,400,4.0,0.0,0.5,25.376884422110553
200,4,31,small_world,2794857838,400,4.0,0.6082762530298219,0.38066666666666676,6.400753768844221
200,4,31,scale_free,810005934,400,4.0,4.648655719667784,0.10959410623381208,3.278492462311558
200,4,32,er,2277567561,400,4.0,1.9924858845171276,0.03031060606060606,3.951608040201005
200,4,32,ring,1165552715,400,4.0,0.0,0.5,25.376884422110553
200,4,32,small_world,248988907,400,4.0,0.7549834435270749,0.33016666666666666,5.447437185929648
200,4,32,scale_free,1909346690,400,4.0,4.310452412450461,0.07336940849715785,3.2974874371859295
200,4,33,er,3384176981,400,4.0,2.0346989949375804,0.02856629481629482,3.9596984924623118
200,4,33,ring,97281765,400,4.0,0.0,0.5,25.376884422110553
200,4,33,small_world,1454881487,400,4.0,0.7071067811865476,0.3438333333333334,5.647738693467336
200,4,33,scale_free,3638780259,400,4.0,4.113392760240627,0.07447573254533328,3.357537688442211
200,4,34,er,3008050460,400,4.0,1.9026297590440449,0.009971861471861474,3.9685427135678393
200,4,34,ring,206455872,400,4.0,0.0,0.5,25.376884422110553
200,4,34,small_world,4177399606,400,4.0,0.7071067811865476,0.3350000000000001,5.414321608040201
200,4,34,scale_free,744436879,400,4.0,4.616275555033516,0.10218679162255011,3.3131658291457287
200,4,35,er,3222899216,400,4.0,1.8138357147217055,0.025904761904761892,3.952110552763819
200,4,35,ring,3028594908,400,4.0,0.0,0.5,25.376884422110553
200,4,35,small_world,70327907,400,4.0,0.6082762530298219,0.3723333333333333,5.9715577889447236
200,4,35,scale_free,863787798,400,4.0,3.9899874686520005,0.08982434669851518,3.3960301507537687
200,4,36,er,3622875001,400,4.0,1.944222209522358,0.025317460317460308,3.96678391959799
200,4,36,ring,317073856,400,4.0,0.0,0.5,25.376884422110553
200,4,36,small_world,1940801578,400,4.0,0.6928203230275509,0.3821666666666669,5.774874371859297
200,4,36,scale_free,1100479795,400,4.0,4.784349485562275,0.09527926104991608,3.223819095477387
200,4,37,er,975355084,400,4.0,1.7291616465790582,0.01729365079365079,3.9937185929648242
200,4,37,ring,1852889041,400,4.0,0.0,0.5,25.376884422110553
200,4,37,small_world,842003604,400,4.0,0.6708203932499369,0.3980357142857141,6.269949748743719
200,4,37,scale_free,1551458122,400,4.0,4.462062303464621,0.08069677763618141,3.3019597989949747
200,4,38,er,2127843699,400,4.0,1.8466185312619388,0.011769841269841274,3.976884422110553
200,4,38,ring,90389871,400,4.0,0.0,0.5,25.376884422110553
200,4,38,small_world,2308635791,400,4.0,0.6244997998398398,0.35716666666666647,5.917336683417085
200,4,38,scale_free,3810852919,400,4.0,4.551922670696417,0.084553035749755,3.283668341708543
200,4,39,er,281409368,400,4.0,1.8027756377319946,0.010785714285714286,3.991809045226131
200,4,39,ring,1180288559,400,4.0,0.0,0.5,25.376884422110553
200,4,39,small_world,3404446324,400,4.0,0.6082762530298219,0.37149999999999994,6.439346733668342
200,4,39,scale_free,3454370933,400,4.0,4.2731721238443,0.09965666951287766,3.34035175879397
200,4,40,er,2457671894,400,4.0,1.91049731745428,0.017202380952380955,3.9489447236180903
200,4,40,ring,2018884735,400,4.0,0.0,0.5,25.376884422110553
200,4,40,small_world,2208404620,400,4.0,0.648074069840786,0.3769999999999999,5.9208542713567835
200,4,40,scale_free,868235060,400,4.0,3.7080992435478315,0.04057183695703349,3.4826633165829146
200,4,41,er,940761057,400,4.0,1.7691806012954132,0.019658369408369406,4.007035175879397
200,4,41,ring,648214302,400,4.0,0.0,0.5,25.376884422110553
200,4,41,small_world,3273451993,400,4.0,0.5916079783099616,0.38233333333333314,6.326834170854271
200,4,41,scale_free,638021769,400,4.0,4.38520238985614,0.08924906687493696,3.30035175879397
200,4,42,er,1071290972,400,4.0,1.977371993328519,0.01083658008658009,3.9575879396984925
200,4,42,ring,443795934,400,4.0,0.0,0.5,25.376884422110553
200,4,42,small_world,385762125,400,4.0,0.6,0.3741190476190476,6.082361809045226
200,4,42,scale_free,2040844015,400,4.0,4.621688003316537,0.13684766883443353,3.317336683417085
200,4,43,er,1941462640,400,4.0,1.8547236990991407,0.02495238095238095,4.035628140703517
200,4,43,ring,1807019234,400,4.0,0.0,0.5,25.376884422110553
200,4,43,small_world,151710725,400,4.0,0.5477225575051661,0.38816666666666677,6.251206030150754
200,4,43,scale_free,2630909327,400,4.0,4.822862220714998,0.06770897532312548,3.2328643216080404
200,4,44,er,486015461,400,4.0,1.9416487838947598,0.019380952380952384,4.045477386934674
200,4,44,ring,399035036,400,4.0,0.0,0.5,25.376884422110553
200,4,44,small_world,2160183130,400,4.0,0.7681145747868608,0.3211428571428574,5.480301507537688
200,4,44,scale_free,1782177690,400,4.0,4.144876355212541,0.09165897588043154,3.3794472361809045
200,4,45,er,1190432212,400,4.0,1.8520259177452134,0.027559523809523805,4.038643216080402
200,4,45,ring,346436649,400,4.0,0.0,0.5,25.376884422110553
200,4,45,small_world,1641231957,400,4.0,0.6082762530298219,0.3802142857142858,6.075025125628141
200,4,45,scale_free,2506448520,400,4.0,4.644351407893248,0.08976878045553768,3.2592964824120605
200,4,46,er,1842722282,400,4.0,1.7804493814764855,0.02328174603174603,3.9932663316582913
200,4,46,ring,213115349,400,4.0,0.0,0.5,25.376884422110553
200,4,46,small_world,1403726838,400,4.0,0.6855654600401044,0.358404761904762,5.876180904522613
200,4,46,scale_free,3903001607,400,4.0,4.404543109109048,0.08205395263186385,3.309748743718593
200,4,47,er,2001375994,400,4.0,1.8788294228055935,0.030488095238095238,4.040703517587939
200,4,47,ring,2182511529,400,4.0,0.0,0.5,25.376884422110553
200,4,47,small_world,3133689365,400,4.0,0.6557438524302001,0.34999999999999987,5.910251256281407
200,4,47,scale_free,126533559,400,4.0,4.412482294582041,0.07151362545288377,3.2974874371859295
200,4,48,er,985183103,400,4.0,1.977371993328519,0.020571428571428577,3.9818090452261306
200,4,48,ring,3181920886,400,4.0,0.0,0.5,25.376884422110553
200,4,48,small_world,3635421264,400,4.0,0.6,0.39649999999999985,6.984874371859297
200,4,48,scale_free,1867071105,400,4.0,4.558508528016593,0.11302854698788525,3.3141708542713566
200,4,49,er,2132512210,400,4.0,1.760681686165901,0.019035714285714288,3.9979396984924622
200,4,49,ring,1056287677,400,4.0,0.0,0.5,25.376884422110553
200,4,49,small_world,4230837254,400,4.0,0.6708203932499369,0.36197619047619023,6.036834170854271
200,4,49,scale_free,1602254419,400,4.0,4.389760813529594,0.1070054457282528,3.3260804020100503
200,4,50,er,3503831922,400,4.0,1.841195263952197,0.011900793650793651,3.9726633165829144
200,4,50,ring,3188002753,400,4.0,0.0,0.5,25.376884422110553
200,4,50,small_world,593824714,400,4.0,0.6164414002968976,0.38816666666666655,6.119346733668341
200,4,50,scale_free,4168020625,400,4.0,4.710626285325551,0.10248636747410977,3.269396984924623
200,4,51,er,2469161843,400,4.0,1.752141546793523,0.014781746031746033,4.014673366834171
200,4,51,ring,1906605197,400,4.0,0.0,0.5,25.376884422110553
200,4,51,small_world,3372375432,400,4.0,0.6082762530298219,0.40833333333333327,6.426381909547739
200,4,51,scale_free,2322080122,400,4.0,4.342810150121693,0.0968043577595435,3.314221105527638
200,4,52,er,345598256,400,4.0,1.797220075561143,0.025603174603174593,3.9969346733668343
200,4,52,ring,421273894,400,4.0,0.0,0.5,25.376884422110553
200,4,52,small_world,3694067397,400,4.0,0.5567764362830022,0.403333333333333,6.892412060301507
200,4,52,scale_free,1316428452,400,4.0,4.778074926160116,0.10227607694592987,3.2767839195979898
200,4,53,er,2530085159,400,4.0,1.8055470085267789,0.020674603174603175,4.0623618090452265
200,4,53,ring,3026554175,400,4.0,0.0,0.5,25.376884422110553
200,4,53,small_world,3846721836,400,4.0,0.6557438524302001,0.38316666666666654,6.25643216080402
200,4,53,scale_free,1349489707,400,4.0,4.508880127038198,0.0827646877471551,3.312060301507538
200,4,54,er,527484636,400,4.0,1.816590212458495,0.019313492063492067,4.027085427135678
200,4,54,ring,303316662,400,4.0,0.0,0.5,25.376884422110553
200,4,54,small_world,367291013,400,4.0,0.6082762530298219,0.36333333333333334,5.986482412060301
200,4,54,scale_free,4079829588,400,4.0,3.4985711369071804,0.05298361550425118,3.4974371859296483
200,4,55,er,1907112334,400,4.0,1.9183326093250879,0.016531746031746036,3.9890954773869347
200,4,55,ring,78850206,400,4.0,0.0,0.5,25.376884422110553
200,4,55,small_world,2143339535,400,4.0,0.6324555320336759,0.35283333333333333,6.003115577889448
200,4,55,scale_free,62570901,400,4.0,4.458699361921591,0.06927635679496408,3.294422110552764
200,4,56,er,3103475832,400,4.0,1.8708286933869707,0.010769841269841271,3.9459798994974875
200,4,56,ring,3078347499,400,4.0,0.0,0.5,25.376884422110553
200,4,56,small_world,1660755468,400,4.0,0.6324555320336759,0.3726666666666667,6.169798994974874
200,4,56,scale_free,2513794379,400,4.0,4.260281680828158,0.12893490090061296,3.309899497487437
200,4,57,er,1690214256,400,4.0,1.9467922333931784,0.019059523809523814,4.004221105527638
200,4,57,ring,3641119536,400,4.0,0.0,0.5,25.376884422110553
200,4,57,small_world,2799165959,400,4.0,0.6082762530298219,0.3644999999999998,6.155879396984925
200,4,57,scale_free,1314571570,400,4.0,4.447471191587417,0.1071841026813163,3.307537688442211
200,4,58,er,1240599254,400,4.0,1.841195263952197,0.03390043290043289,4.06035175879397
200,4,58,ring,1478510381,400,4.0,0.0,0.5,25.376884422110553
200,4,58,small_world,1909939473,400,4.0,0.5744562646538028,0.3796666666666665,6.7136683417085425
200,4,58,scale_free,3894180970,400,4.0,4.595650117230423,0.10586044166926518,3.3030150753768845
200,4,59,er,631679846,400,4.0,1.833030277982336,0.01720887445887446,3.9653266331658292
200,4,59,ring,4044240436,400,4.0,0.0,0.5,25.376884422110553
200,4,59,small_world,3539129663,400,4.0,0.648074069840786,0.38749999999999984,6.145175879396985
200,4,59,scale_free,3278989180,400,4.0,4.583666654546336,0.13718221543290202,3.2683417085427138
200,4,60,er,480977762,400,4.0,1.8867962264113207,0.016071428571428573,4.009748743718593
200,4,60,ring,809370724,400,4.0,0.0,0.5,25.376884422110553
200,4,60,small_world,1301229291,400,4.0,0.6708203932499369,0.36033333333333334,5.8310552763819095
200,4,60,scale_free,1591899174,400,4.0,4.810405388322278,0.12422293495977704,3.2646231155778893
200,4,61,er,3142431317,400,4.0,1.9544820285692064,0.018515151515151516,4.016532663316583
200,4,61,ring,2607266798,400,4.0,0.0,0.5,25.376884422110553
200,4,61,small_world,2342978944,400,4.0,0.5916079783099616,0.38233333333333325,6.170804020100502
200,4,61,scale_free,3877418699,400,4.0,4.596737973824482,0.09399089116463541,3.2517085427135677
200,4,62,er,1059135763,400,4.0,1.8248287590894658,0.020551587301587303,3.9596482412060303
200,4,62,ring,3414052125,400,4.0,0.0,0.5,25.376884422110553
200,4,62,small_world,470245066,400,4.0,0.6403124237432849,0.3660000000000001,6.172914572864322
200,4,62,scale_free,979406925,400,4.0,4.261455150532504,0.09646608017729669,3.3393467336683416
200,4,63,er,2596158587,400,4.0,1.865475810617763,0.024702380952380948,3.971859296482412
200,4,63,ring,3822465137,400,4.0,0.0,0.5,25.376884422110553
200,4,63,small_world,1451885690,400,4.0,0.6164414002968976,0.37899999999999984,6.164673366834171
200,4,63,scale_free,1731462316,400,4.0,4.878524367060187,0.0969773237963961,3.2040201005025124
200,4,64,er,4190903167,400,4.0,1.7916472867168918,0.02602777777777777,3.961758793969849
200,4,64,ring,2126458054,400,4.0,0.0,0.5,25.376884422110553
200,4,64,small_world,3285415067,400,4.0,0.6324555320336759,0.37583333333333313,6.13070351758794
200,4,64,scale_free,3716078126,400,4.0,4.179712908801273,0.07945046847866541,3.348743718592965
200,4,65,er,3724254466,400,4.0,1.9748417658131499,0.018035714285714283,3.997386934673367
200,4,65,ring,655138883,400,4.0,0.0,0.5,25.376884422110553
200,4,65,small_world,3706504472,400,4.0,0.6164414002968976,0.36899999999999994,5.977437185929649
200,4,65,scale_free,582283392,400,4.0,4.777028364998475,0.07221204072871988,3.2017587939698493
200,4,66,er,1643710644,400,4.0,1.9287301521985911,0.0235508658008658,3.9526130653266334
200,4,66,ring,3894547585,400,4.0,0.0,0.5,25.376884422110553
200,4,66,small_world,2453708768,400,4.0,0.6324555320336759,0.3729999999999999,5.803115577889447
200,4,66,scale_free,2293773184,400,4.0,4.177319714841085,0.07998807047695525,3.3522110552763817
200,4,67,er,1958616520,400,4.0,1.835755975068582,0.006805555555555554,3.973718592964824
200,4,67,ring,2913486233,400,4.0,0.0,0.5,25.376884422110553
200,4,67,small_world,2806389494,400,4.0,0.6,0.3651666666666664,6.34859296482412
200,4,67,scale_free,4231988476,400,4.0,3.893584466786357,0.06150962175316394,3.422713567839196
200,4,68,er,2061711737,400,4.0,2.0174241001832014,0.0328095238095238,3.9588442211055277
200,4,68,ring,999594093,400,4.0,0.0,0.5,25.376884422110553
200,4,68,small_world,1473297127,400,4.0,0.6244997998398398,0.3451666666666667,6.1359296482412065
200,4,68,scale_free,4261639300,400,4.0,4.214261501141095,0.07465345430083711,3.3683417085427134
200,4,69,er,3226688722,400,4.0,1.816590212458495,0.00592857142857143,3.9509547738693467
200,4,69,ring,3936851008,400,4.0,0.0,0.5,25.376884422110553
200,4,69,small_world,1025900443,400,4.0,0.714142842854285,0.36859523809523814,6.057688442211055
200,4,69,scale_free,2239170841,400,4.0,4.198809355043403,0.07713495573054398,3.351005025125628
200,4,70,er,1196351680,400,4.0,1.8947295321496416,0.008091269841269842,3.9421608040201006
200,4,70,ring,1932888761,400,4.0,0.0,0.5,25.376884422110553
200,4,70,small_world,2080972892,400,4.0,0.6324555320336759,0.37233333333333335,6.028241206030151
200,4,70,scale_free,2828123828,400,4.0,4.426059195266146,0.08758081491602521,3.290201005025126
200,4,71,er,1999100154,400,4.0,1.9026297590440449,0.02271031746031745,3.95
200,4,71,ring,1567443038,400,4.0,0.0,0.5,25.376884422110553
200,4,71,small_world,351073166,400,4.0,0.6324555320336759,0.36700000000000016,5.978140703517588
200,4,71,scale_free,4179303841,400,4.0,4.146082488325576,0.09208580189048625,3.368040201005025
200,4,72,er,22189067,400,4.0,1.9544820285692064,0.019782467532467533,3.9979396984924622
200,4,72,ring,336016125,400,4.0,0.0,0.5,25.376884422110553
200,4,72,small_world,478710579,400,4.0,0.6928203230275509,0.37416666666666665,6.122010050251256
200,4,72,scale_free,3158881147,400,4.0,4.136423575989287,0.07962494100177504,3.3459798994974874
200,4,73,er,3341854758,400,4.0,1.8734993995195195,0.018964285714285715,4.007638190954774
200,4,73,ring,4257289624,400,4.0,0.0,0.5,25.376884422110553
200,4,73,small_world,2388476350,400,4.0,0.5916079783099616,0.3868809523809525,6.704271356783919
200,4,73,scale_free,2339587848,400,4.0,4.2708313008125245,0.09683855905135397,3.353718592964824
200,4,74,er,822212502,400,4.0,1.7888543819998317,0.011191558441558445,4.0237185929648245
200,4,74,ring,3865307990,400,4.0,0.0,0.5,25.376884422110553
200,4,74,small_world,1872436887,400,4.0,0.6082762530298219,0.3718333333333333,6.058643216080402
200,4,74,scale_free,2313820758,400,4.0,4.029888335921977,0.08124352141246806,3.4123115577889447
200,4,75,er,2196648642,400,4.0,2.172556098240043,0.01957142857142858,3.8915577889447235
200,4,75,ring,1869554181,400,4.0,0.0,0.5,25.376884422110553
200,4,75,small_world,758957207,400,4.0,0.6633249580710799,0.36766666666666664,6.053517587939698
200,4,75,scale_free,2236123307,400,4.0,4.183300132670378,0.07937840198434572,3.329145728643216
200,4,76,er,3971539645,400,4.0,1.835755975068582,0.024003968253968257,4.033869346733669
200,4,76,ring,4047983749,400,4.0,0.0,0.5,25.376884422110553
200,4,76,small_world,792555694,400,4.0,0.5830951894845301,0.3573333333333333,6.018592964824121
200,4,76,scale_free,4062715715,400,4.0,5.050742519669757,0.10822210089404115,3.1962814070351757
200,4,77,er,3335445380,400,4.0,1.8384776310850235,0.008603174603174604,4.047738693467337
200,4,77,ring,4042052135,400,4.0,0.0,0.5,25.376884422110553
200,4,77,small_world,200400556,400,4.0,0.5567764362830022,0.38066666666666665,6.327386934673367
200,4,77,scale_free,2652588086,400,4.0,3.7549966711037173,0.08528543734387388,3.424924623115578
200,4,78,er,331542367,400,4.0,1.8867962264113207,0.024218253968253972,3.9805527638190954
200,4,78,ring,2468901470,400,4.0,0.0,0.5,25.376884422110553
200,4,78,small_world,2977007657,400,4.0,0.5916079783099616,0.3760000000000001,6.273366834170854
200,4,78,scale_free,2153251880,400,4.0,4.191658383026938,0.08505452437139743,3.360251256281407
200,4,79,er,71419583,400,4.0,1.8220867158288598,0.022424603174603173,3.990050251256281
200,4,79,ring,615686229,400,4.0,0.0,0.5,25.376884422110553
200,4,79,small_world,67299626,400,4.0,0.5830951894845301,0.3691666666666666,6.107185929648241
200,4,79,scale_free,1535398429,400,4.0,4.296510211788167,0.07184797179132098,3.298040201005025
200,4,80,er,2317785573,400,4.0,1.8520259177452134,0.023484126984126975,4.059045226130653
200,4,80,ring,389486307,400,4.0,0.0,0.5,25.376884422110553
200,4,80,small_world,1971174384,400,4.0,0.5567764362830022,0.39166666666666666,6.527286432160804
200,4,80,scale_free,3063648070,400,4.0,3.998749804626441,0.08604229298916335,3.37391959798995
200,4,81,er,2283597821,400,4.0,1.9364916731037085,0.017936507936507938,3.959145728643216
200,4,81,ring,3758119867,400,4.0,0.0,0.5,25.376884422110553
200,4,81,small_world,2349749274,400,4.0,0.6,0.3686666666666668,6.548241206030151
200,4,81,scale_free,4225495327,400,4.0,4.13763217311544,0.0918963427654217,3.368291457286432
200,4,82,er,1973594063,400,4.0,1.8275666882497066,0.0180515873015873,4.024874371859297
200,4,82,ring,1484320483,400,4.0,0.0,0.5,25.376884422110553
200,4,82,small_world,2229027652,400,4.0,0.7348469228349535,0.35354761904761905,5.848391959798995
200,4,82,scale_free,2309905678,400,4.0,3.7616485747608057,0.05576090705147443,3.4303015075376884
200,4,83,er,2754923125,400,4.0,1.740689518552921,0.019793650793650794,4.011758793969849
200,4,83,ring,4049991893,400,4.0,0.0,0.5,25.376884422110553
200,4,83,small_world,166220786,400,4.0,0.6928203230275509,0.35230952380952396,5.7081407035175875
200,4,83,scale_free,2476205093,400,4.0,4.859012245302536,0.09309855045522891,3.237989949748744
200,4,84,er,1982020673,400,4.0,1.816590212458495,0.008488095238095239,4.005477386934674
200,4,84,ring,3011784225,400,4.0,0.0,0.5,25.376884422110553
200,4,84,small_world,1517522740,400,4.0,0.6557438524302001,0.3543333333333332,5.786884422110552
200,4,84,scale_free,2382722002,400,4.0,4.302324952859791,0.08885082262055946,3.3277386934673365
200,4,85,er,1625509014,400,4.0,1.9519221295943134,0.006952380952380953,3.9830150753768843
200,4,85,ring,4103613812,400,4.0,0.0,0.5,25.376884422110553
200,4,85,small_world,3719679259,400,4.0,0.5916079783099616,0.39266666666666644,6.241909547738693
200,4,85,scale_free,3944827359,400,4.0,3.83275357934736,0.07300318464087195,3.432713567839196
200,4,86,er,2854721728,400,4.0,1.794435844492636,0.009015873015873017,4.0140201005025125
200,4,86,ring,2762263021,400,4.0,0.0,0.5,25.376884422110553
200,4,86,small_world,534895865,400,4.0,0.5830951894845301,0.38499999999999995,6.138492462311558
200,4,86,scale_free,1513673656,400,4.0,4.282522621072771,0.10157991324128643,3.33070351758794
200,4,87,er,2727423360,400,4.0,1.8867962264113207,0.03819047619047617,4.0158291457286435
200,4,87,ring,3545222303,400,4.0,0.0,0.5,25.376884422110553
200,4,87,small_world,3666958066,400,4.0,0.6633249580710799,0.37483333333333313,5.790703517587939
200,4,87,scale_free,4069400741,400,4.0,4.571651780264984,0.11464940975698648,3.267537688442211
200,4,88,er,3539460222,400,4.0,1.8303005217723127,0.03345238095238094,3.966180904522613
200,4,88,ring,1354595966,400,4.0,0.0,0.5,25.376884422110553
200,4,88,small_world,4009896878,400,4.0,0.6,0.3818333333333333,6.122713567839196
200,4,88,scale_free,1713682392,400,4.0,4.414748010928823,0.06531546283651546,3.302311557788945
200,4,89,er,1438628935,400,4.0,1.7776388834631178,0.011948412698412698,3.9468341708542716
200,4,89,ring,1114530401,400,4.0,0.0,0.5,25.376884422110553
200,4,89,small_world,1879932848,400,4.0,0.648074069840786,0.3653333333333333,5.921155778894472
200,4,89,scale_free,3300921677,400,4.0,4.13158565202272,0.08714612073305147,3.3529145728643215
200,4,90,er,658148359,400,4.0,1.797220075561143,0.019821428571428577,4.018040201005025
200,4,90,ring,4089194382,400,4.0,0.0,0.5,25.376884422110553
200,4,90,small_world,4024988315,400,4.0,0.5385164807134504,0.4053333333333331,6.79819095477387
200,4,90,scale_free,4150286928,400,4.0,4.410215414239989,0.10558131893823453,3.336633165829146
200,4,91,er,2346618082,400,4.0,2.0615528128088303,0.010023448773448775,3.8795477386934674
200,4,91,ring,3521057722,400,4.0,0.0,0.5,25.376884422110553
200,4,91,small_world,2152787742,400,4.0,0.4472135954999579,0.4149999999999999,7.023869346733668
200,4,91,scale_free,4076619499,400,4.0,4.449719092257398,0.08481042135144304,3.2617587939698494
200,4,92,er,2408051271,400,4.0,1.857417562100671,0.02423809523809524,4.028743718592965
200,4,92,ring,1383907821,400,4.0,0.0,0.5,25.376884422110553
200,4,92,small_world,1483097444,400,4.0,0.6557438524302001,0.35466666666666646,6.006331658291457
200,4,92,scale_free,1287559476,400,4.0,4.254409477236529,0.07814481896324002,3.33321608040201
200,4,93,er,2406085470,400,4.0,1.8275666882497066,0.009638528138528137,4.012261306532663
200,4,93,ring,1947862388,400,4.0,0.0,0.5,25.376884422110553
200,4,93,small_world,2321362108,400,4.0,0.6,0.37249999999999994,6.060954773869347
200,4,93,scale_free,1887682275,400,4.0,3.928103868280471,0.08535081139028505,3.40964824120603
200,4,94,er,944133848,400,4.0,1.8083141320025125,0.008424603174603177,3.9759798994974873
200,4,94,ring,2392992037,400,4.0,0.0,0.5,25.376884422110553
200,4,94,small_world,1965801223,400,4.0,0.6403124237432849,0.36816666666666653,6.192562814070352
200,4,94,scale_free,4054307515,400,4.0,4.540925015897091,0.1236864854429558,3.2737688442211055
200,4,95,er,297459768,400,4.0,1.944222209522358,0.032765873015873,3.984070351758794
200,4,95,ring,2819186120,400,4.0,0.0,0.5,25.376884422110553
200,4,95,small_world,331032251,400,4.0,0.5,0.4025000000000002,6.6861809045226135
200,4,95,scale_free,1365929154,400,4.0,4.621688003316537,0.05831478167626175,3.2725628140703518
200,4,96,er,871827676,400,4.0,2.0371548787463363,0.01984321234321234,3.931507537688442
200,4,96,ring,4240395310,400,4.0,0.0,0.5,25.376884422110553
200,4,96,small_world,2935585001,400,4.0,0.6782329983125268,0.3325000000000001,5.582311557788945
200,4,96,scale_free,1142266509,400,4.0,4.349712634186309,0.08929137816115994,3.3349748743718592
200,4,97,er,1188715586,400,4.0,1.835755975068582,0.03353571428571428,4.018793969849246
200,4,97,ring,543430573,400,4.0,0.0,0.5,25.376884422110553
200,4,97,small_world,4228913978,400,4.0,0.6782329983125268,0.3818095238095238,5.798241206030151
200,4,97,scale_free,2816705064,400,4.0,4.340506882842141,0.08296778453252131,3.2826633165829144
200,4,98,er,790873469,400,4.0,1.8681541692269406,0.023045981795981794,3.9797487437185928
200,4,98,ring,3635930480,400,4.0,0.0,0.5,25.376884422110553
200,4,98,small_world,1549215131,400,4.0,0.6557438524302001,0.3615,6.252010050251256
200,4,98,scale_free,2537152293,400,4.0,3.8987177379235853,0.06620813454589547,3.390502512562814
200,4,99,er,387223408,400,4.0,1.7748239349298849,0.02992460317460317,4.016984924623116
200,4,99,ring,1401507082,400,4.0,0.0,0.5,25.376884422110553
200,4,99,small_world,3218646897,400,4.0,0.5744562646538028,0.4093333333333332,6.777386934673367
200,4,99,scale_free,2377085086,400,4.0,4.209513035969837,0.04894973287604332,3.337236180904523
