num_nodes,mean_degree,topology,corrupt_ratio,direct_recovery_rate_mean,direct_recovery_rate_ci_low,direct_recovery_rate_ci_high,hssp_eligible_rate_mean,hssp_eligible_rate_ci_low,hssp_eligible_rate_ci_high,structural_attackable_rate_mean,structural_attackable_rate_ci_low,structural_attackable_rate_ci_high,hssp_rank_attackable_rate_mean,hssp_rank_attackable_rate_ci_low,hssp_rank_attackable_rate_ci_high,hlcp_rank_attackable_rate_mean,hlcp_rank_attackable_rate_ci_low,hlcp_rank_attackable_rate_ci_high,hssp_tractable_attackable_rate_mean,hssp_tractable_attackable_rate_ci_low,hssp_tractable_attackable_rate_ci_high,hlcp_tractable_attackable_rate_mean,hlcp_tractable_attackable_rate_ci_low,hlcp_tractable_attackable_rate_ci_high,max_core_fraction_mean,max_core_fraction_ci_low,max_core_fraction_ci_high,hssp_feasible_core_probability_mean,hssp_feasible_core_probability_ci_low,hssp_feasible_core_probability_ci_high,hlcp_feasible_core_probability_mean,hlcp_feasible_core_probability_ci_low,hlcp_feasible_core_probability_ci_high,eligible_core_count_mean,eligible_core_count_ci_low,eligible_core_count_ci_high,max_core_honest_size_mean,max_core_honest_size_ci_low,max_core_honest_size_ci_high
100,4,er,0.1,0.006888888888888889,0.005063414470422453,0.008714363307355324,0.0,0.0,0.0,0.006888888888888889,0.005063414470422453,0.008714363307355324,0.006888888888888889,0.005063414470422453,0.008714363307355324,0.006888888888888889,0.005063414470422453,0.008714363307355324,0.006888888888888889,0.005063414470422453,0.008714363307355324,0.006888888888888889,0.005063414470422453,0.008714363307355324,0.0,0.0,0.0,0.0,0.0,0.0,0.0,0.0,0.0,0.0,0.0,0.0,0.0,0.0,0.0
100,4,er,0.2,0.013499999999999998,0.011146433181811747,0.01585356681818825,0.0005,-0.0001894559412678198,0.0011894559412678198,0.014000000000000002,0.011605569593891491,0.016394430406108513,0.014000000000000002,0.011605569593891491,0.016394430406108513,0.014000000000000002,0.011605569593891491,0.016394430406108513,0.014000000000000002,0.011605569593891491,0.016394430406108513,0.014000000000000002,0.011605569593891491,0.016394430406108513,0.0005,-0.0001894559412678198,0.0011894559412678198,0.02,-0.007578237650712773,0.04757823765071277,0.02,-0.007578237650712773,0.04757823765071277,0.02,-0.007578237650712773,0.04757823765071277,0.04,-0.015156475301425547,0.09515647530142554
100,4,er,0.3,0.021571428571428575,0.018501730464994252,0.024641126677862897,0.0037142857142857142,0.0015120792908746095,0.005916492137696819,0.025285714285714286,0.021492303731033495,0.029079124840395078,0.025285714285714286,0.021492303731033495,0.029079124840395078,0.025285714285714286,0.021492303731033495,0.029079124840395078,0.025285714285714286,0.021492303731033495,0.029079124840395078,0.025285714285714286,0.021492303731033495,0.029079124840395078,0.0034285714285714284,0.001433928096995074,0.005423214760147782,0.11,0.048364656603896855,0.17163534339610315,0.11,0.048364656603896855,0.17163534339610315,0.12,0.05018748339482758,0.1898125166051724,0.24,0.10037496678965516,0.3796250332103448
100,4,er,0.4,0.03166666666666666,0.02742393603799957,0.03590939729533375,0.005666666666666666,0.0021853170309369704,0.009148016302396362,0.03733333333333333,0.03158796096039668,0.04307870570626998,0.03733333333333333,0.03158796096039668,0.04307870570626998,0.03733333333333333,0.03158796096039668,0.04307870570626998,0.03733333333333333,0.03158796096039668,0.04307870570626998,0.03733333333333333,0.03158796096039668,0.04307870570626998,0.004666666666666667,0.0022062946819801435,0.007127038651353191,0.13,0.06375245687803231,0.19624754312196768,0.13,0.06375245687803231,0.19624754312196768,0.16,0.06878823396827434,0.2512117660317257,0.28,0.1323776809188086,0.4276223190811914
100,4,er,0.5,0.045200000000000004,0.040105066156593705,0.0502949338434063,0.5344,0.460135839807271,0.608664160192729,0.5796000000000001,0.5053005262778132,0.653899473722187,0.06280000000000001,0.045031604423197424,0.08056839557680259,0.07120000000000001,0.04701418111137994,0.09538581888862008,0.0546,0.04817796867782239,0.061022031322177615,0.0546,0.04817796867782239,0.061022031322177615,0.5274,0.4535223037181099,0.60127769628189,0.17,0.09600506705854718,0.24399493294145286,0.18,0.10431990774558765,0.25568009225441235,0.87,0.7403619272783265,0.9996380727216735,26.37,22.6761151859055,30.063884814094504
100,4,er,0.6,0.061750000000000006,0.054631998138167534,0.06886800186183248,0.8532500000000001,0.8393792499092224,0.8671207500907777,0.9149999999999998,0.9043008449309339,0.9256991550690657,0.48275000000000007,0.3995688872751668,0.5659311127248333,0.50125,0.41800570044086555,0.5844942995591345,0.07775,0.06864545684503577,0.08685454315496423,0.07775,0.06864545684503577,0.08685454315496423,0.8357499999999999,0.8207599342323932,0.8507400657676065,0.58,0.4827751871052237,0.6772248128947762,0.6,0.5034962710722031,0.6965037289277969,1.31,1.199634297524873,1.420365702475127,33.43,32.83039736929574,34.02960263070426
100,4,er,0.7,0.08633333333333333,0.0752251139924667,0.09744155267419996,0.8703333333333334,0.8555659911381155,0.8851006755285513,0.9566666666666669,0.9492088436210909,0.9641244897122428,0.7706666666666667,0.7017850136612169,0.8395483196721165,0.779,0.7110232940010064,0.8469767059989937,0.11966666666666667,0.10244118406879682,0.13689214926453652,0.11966666666666667,0.10244118406879682,0.13689214926453652,0.8370000000000002,0.8177015999337293,0.8562984000662711,0.85,0.7796614248686031,0.9203385751313968,0.85,0.7796614248686031,0.9203385751313968,1.39,1.2538219881585468,1.526178011841453,25.11,24.53104799801187,25.688952001988127
100,4,er,0.8,0.154,0.1345650178983121,0.1734349821016879,0.8200000000000002,0.7986470733915122,0.8413529266084881,0.9740000000000001,0.9668322563177142,0.981167743682286,0.9740000000000001,0.9668322563177142,0.981167743682286,0.9740000000000001,0.9668322563177142,0.981167743682286,0.28850000000000003,0.23322308933627667,0.3437769106637234,0.28850000000000003,0.23322308933627667,0.3437769106637234,0.7405000000000002,0.7074878541482478,0.7735121458517525,1.0,1.0,1.0,1.0,1.0,1.0,1.59,1.4397333333333333,1.7402666666666669,14.81,14.149757082964951,15.47024291703505
100,4,er,0.9,0.33199999999999996,0.2931100748420895,0.3708899251579104,0.6559999999999999,0.6164727197643414,0.6955272802356585,0.9880000000000001,0.9815986668055268,0.9944013331944734,0.9880000000000001,0.9815986668055268,0.9944013331944734,0.9880000000000001,0.9815986668055268,0.9944013331944734,0.9880000000000001,0.9815986668055268,0.9944013331944734,0.9880000000000001,0.9815986668055268,0.9944013331944734,0.49200000000000005,0.4471076104175303,0.5368923895824699,0.99,0.9704,1.0096,0.99,0.9704,1.0096,1.75,1.589059958463728,1.910940041536272,4.92,4.471076104175302,5.368923895824698
100,4,ring,0.1,0.0,0.0,0.0,0.00044444444444444447,-0.0004266666666666668,0.0013155555555555557,0.00044444444444444447,-0.0004266666666666668,0.0013155555555555557,0.00044444444444444447,-0.0004266666666666668,0.0013155555555555557,0.00044444444444444447,-0.0004266666666666668,0.0013155555555555557,0.00044444444444444447,-0.0004266666666666668,0.0013155555555555557,0.00044444444444444447,-0.0004266666666666668,0.0013155555555555557,0.00022222222222222223,-0.0002133333333333334,0.0006577777777777779,0.01,-0.009599999999999996,0.029599999999999994,0.01,-0.009599999999999996,0.029599999999999994,0.02,-0.01919999999999999,0.05919999999999999,0.02,-0.01919999999999999,0.05919999999999999
100,4,ring,0.2,0.0,0.0,0.0,0.00525,0.001961504749874039,0.008538495250125962,0.00525,0.001961504749874039,0.008538495250125962,0.004375,0.0015166666666666666,0.007233333333333335,0.004375,0.0015166666666666666,0.007233333333333335,0.004375,0.0015166666666666666,0.007233333333333335,0.004375,0.0015166666666666666,0.007233333333333335,0.004,0.0012829301284529534,0.006717069871547047,0.09,0.03362579571212636,0.14637420428787362,0.09,0.03362579571212636,0.14637420428787362,0.15,0.056042992853543944,0.24395700714645605,0.32,0.10263441027623624,0.5373655897237638
100,4,ring,0.3,0.0,0.0,0.0,0.040142857142857154,0.029729182372526454,0.050556531913187853,0.040142857142857154,0.029729182372526454,0.050556531913187853,0.019857142857142858,0.013705955405056303,0.026008330309229413,0.019857142857142858,0.013705955405056303,0.026008330309229413,0.019857142857142858,0.013705955405056303,0.026008330309229413,0.019857142857142858,0.013705955405056303,0.026008330309229413,0.029857142857142856,0.021956618900601823,0.03775766681368389,0.38,0.28438498068194557,0.47561501931805444,0.38,0.28438498068194557,0.47561501931805444,0.79,0.59640035478787,0.9835996452121301,2.09,1.5369633230421273,2.6430366769578724
100,4,ring,0.4,0.0005,-6.005891945936638e-05,0.0010600589194593663,0.1545,0.13122520116455294,0.17777479883544706,0.15500000000000003,0.13175001418003646,0.1782499858199636,0.0555,0.043294417001175665,0.06770558299882434,0.0555,0.043294417001175665,0.06770558299882434,0.05366666666666666,0.0418786528947512,0.06545468043858213,0.05366666666666666,0.0418786528947512,0.06545468043858213,0.09733333333333334,0.08211918161297292,0.11254748505369376,0.63,0.5348936289295937,0.7251063710704063,0.63,0.5348936289295937,0.7251063710704063,2.02,1.7386732845816437,2.301326715418356,5.84,4.927150896778374,6.752849103221625
100,4,ring,0.5,0.0028000000000000004,0.0013237768091880861,0.004276223190811915,0.49620000000000003,0.4598487177923335,0.5325512822076666,0.49900000000000005,0.4628513339028111,0.535148666097189,0.17559999999999998,0.1482672317456785,0.20293276825432147,0.17559999999999998,0.1482672317456785,0.20293276825432147,0.15219999999999997,0.12910020415149898,0.17529979584850097,0.15219999999999997,0.12910020415149898,0.17529979584850097,0.256,0.23068117799986051,0.28131882200013947,0.85,0.7796614248686031,0.9203385751313968,0.85,0.7796614248686031,0.9203385751313968,3.89,3.5700606648412574,4.209939335158743,12.8,11.534058899993026,14.065941100006976
100,4,ring,0.6,0.011249999999999998,0.00818440812642101,0.014315591873578986,0.8452500000000001,0.8125559122664775,0.8779440877335226,0.8564999999999998,0.8244129636296789,0.8885870363703208,0.48275,0.4423994534727161,0.523100546527284,0.48275,0.4423994534727161,0.523100546527284,0.3929999999999999,0.35523000742131466,0.43076999257868515,0.3929999999999999,0.35523000742131466,0.43076999257868515,0.32824999999999993,0.2995880354279174,0.35691196457208246,1.0,1.0,1.0,1.0,1.0,1.0,5.44,5.123199163351783,5.7568008366482175,13.13,11.9835214171167,14.276478582883302
100,4,ring,0.7,0.04799999999999999,0.03957470922880849,0.05642529077119148,0.9233333333333335,0.9036893870898223,0.9429772795768446,0.9713333333333334,0.9550622844121165,0.9876043822545503,0.8153333333333334,0.7753662967697816,0.8553003698968851,0.8153333333333334,0.7753662967697816,0.8553003698968851,0.7536666666666666,0.7105199276864839,0.7968134056468493,0.7536666666666666,0.7105199276864839,0.7968134056468493,0.30199999999999994,0.28376001043574434,0.32023998956425553,1.0,1.0,1.0,1.0,1.0,1.0,6.21,5.951210716347579,6.468789283652421,9.06,8.512800313072333,9.607199686927668
100,4,ring,0.8,0.17800000000000002,0.1630419220161915,0.19295807798380854,0.8144999999999999,0.7955904909817009,0.8334095090182989,0.9925000000000002,0.9839844230668118,1.0010155769331885,0.958,0.9348290547661451,0.9811709452338548,0.958,0.9348290547661451,0.9811709452338548,0.9520000000000001,0.9263946672221066,0.9776053327778935,0.9520000000000001,0.9263946672221066,0.9776053327778935,0.287,0.2694018453676345,0.30459815463236545,1.0,1.0,1.0,1.0,1.0,1.0,4.89,4.678030194641221,5.101969805358778,5.74,5.38803690735269,6.09196309264731
100,4,ring,0.9,0.44599999999999995,0.4101699445614819,0.481830055438518,0.554,0.518169944561482,0.5898300554385181,1.0,1.0,1.0,1.0,1.0,1.0,1.0,1.0,1.0,1.0,1.0,1.0,1.0,1.0,1.0,0.283,0.26450939698116904,0.3014906030188309,0.99,0.9704,1.0096,0.99,0.9704,1.0096,2.3,2.1340154564820306,2.465984543517969,2.83,2.6450939698116906,3.0149060301883095
100,4,scale_free,0.1,0.004777777777777778,0.0033507201307742297,0.006204835424781327,0.0005555555555555556,-0.00022598416812663136,0.0013370952792377425,0.005333333333333333,0.0037107039854081137,0.006955962681258553,0.005333333333333333,0.0037107039854081137,0.006955962681258553,0.005333333333333333,0.0037107039854081137,0.006955962681258553,0.005333333333333333,0.0037107039854081137,0.006955962681258553,0.005333333333333333,0.0037107039854081137,0.006955962681258553,0.0005555555555555556,-0.00022598416812663136,0.0013370952792377425,0.02,-0.007578237650712773,0.04757823765071277,0.02,-0.007578237650712773,0.04757823765071277,0.02,-0.007578237650712773,0.04757823765071277,0.05,-0.02033857513139678,0.12033857513139679
100,4,scale_free,0.2,0.012624999999999997,0.010521317622487996,0.014728682377511999,0.002125,0.0006868991374353848,0.0035631008625646157,0.01475,0.012253908307498753,0.017246091692501245,0.01475,0.012253908307498753,0.017246091692501245,0.01475,0.012253908307498753,0.017246091692501245,0.01475,0.012253908307498753,0.017246091692501245,0.01475,0.012253908307498753,0.017246091692501245,0.002125,0.0006868991374353848,0.0035631008625646157,0.08,0.026558654828519018,0.13344134517148099,0.08,0.026558654828519018,0.13344134517148099,0.08,0.026558654828519018,0.13344134517148099,0.17,0.05495193099483074,0.28504806900516927
100,4,scale_free,0.3,0.022,0.018660330869833076,0.02533966913016692,0.0051428571428571435,0.002177478464328766,0.00810823582138552,0.02714285714285714,0.022613982329980648,0.031671731955733626,0.02714285714285714,0.022613982329980648,0.031671731955733626,0.02714285714285714,0.022613982329980648,0.031671731955733626,0.02714285714285714,0.022613982329980648,0.031671731955733626,0.02714285714285714,0.022613982329980648,0.031671731955733626,0.004571428571428572,0.0020268792374341783,0.007115977905422965,0.12,0.05598666805526627,0.18401333194473374,0.12,0.05598666805526627,0.18401333194473374,0.14,0.061106603059520384,0.21889339694047966,0.32,0.14188154662039243,0.4981184533796076
100,4,scale_free,0.4,0.02916666666666666,0.02510898630450941,0.03322434702882391,0.016333333333333335,-0.0005419216100790054,0.03320858827674568,0.0455,0.02863832374434876,0.06236167625565124,0.033999999999999996,0.02959718567711053,0.03840281432288946,0.033999999999999996,0.02959718567711053,0.03840281432288946,0.033999999999999996,0.02959718567711053,0.03840281432288946,0.033999999999999996,0.02959718567711053,0.03840281432288946,0.015,-0.0009121451613653755,0.030912145161365374,0.11,0.04836465660389684,0.17163534339610315,0.11,0.04836465660389684,0.17163534339610315,0.16,0.06462879328273616,0.2553712067172639,0.9,-0.05472870968192256,1.8547287096819227
100,4,scale_free,0.5,0.039200000000000006,0.033358534347469215,0.045041465652530796,0.386,0.310403016895213,0.46159698310478703,0.42519999999999997,0.35009715485516885,0.500302845144831,0.044199999999999996,0.037938526510267225,0.05046147348973277,0.044199999999999996,0.037938526510267225,0.05046147348973277,0.044199999999999996,0.037938526510267225,0.05046147348973277,0.044199999999999996,0.037938526510267225,0.05046147348973277,0.38280000000000003,0.3078018035330654,0.45779819646693465,0.12,0.05598666805526627,0.18401333194473374,0.12,0.05598666805526627,0.18401333194473374,0.63,0.5096763220527752,0.7503236779472248,19.14,15.390090176653269,22.889909823346734
100,4,scale_free,0.6,0.05125000000000001,0.04403319336688326,0.058466806633116764,0.8300000000000002,0.7985282169028649,0.8614717830971355,0.88125,0.8507537098629815,0.9117462901370185,0.06775000000000002,0.05057286994373925,0.08492713005626079,0.06775000000000002,0.05057286994373925,0.08492713005626079,0.061000000000000006,0.05243274592274501,0.069567254077255,0.061000000000000006,0.05243274592274501,0.069567254077255,0.82025,0.7889195949305123,0.8515804050694877,0.18,0.10431990774558765,0.25568009225441235,0.18,0.10431990774558765,0.25568009225441235,1.15,1.060267963447616,1.2397320365523838,32.81,31.556783797220493,34.06321620277951
100,4,scale_free,0.7,0.05899999999999998,0.048918939449731386,0.06908106055026858,0.8869999999999999,0.8654032351011425,0.9085967648988573,0.9460000000000001,0.9272711111111112,0.964728888888889,0.267,0.1961119268087841,0.33788807319121594,0.28366666666666673,0.2105333232169776,0.35680001011635587,0.07899999999999999,0.06634723208041275,0.09165276791958722,0.07899999999999999,0.06634723208041275,0.09165276791958722,0.8653333333333333,0.8422873963254756,0.888379270341191,0.41,0.31311503019695275,0.5068849698030472,0.43,0.3324763090165764,0.5275236909834236,1.25,1.152,1.348,25.96,25.26862188976427,26.651378110235733
100,4,scale_free,0.8,0.08850000000000004,0.07465086029000105,0.10234913970999902,0.8919999999999999,0.8763199999999999,0.9076799999999999,0.9805000000000001,0.9736910994079275,0.9873089005920728,0.7325000000000002,0.654791337274238,0.8102086627257623,0.7325000000000002,0.654791337274238,0.8102086627257623,0.137,0.11062206891197021,0.1633779310880298,0.137,0.11062206891197021,0.1633779310880298,0.8474999999999998,0.8251102769787184,0.8698897230212812,0.79,0.7097654045748949,0.8702345954251052,0.79,0.7097654045748949,0.8702345954251052,1.4,1.263523117730733,1.536476882269267,16.95,16.502205539574373,17.397794460425626
100,4,scale_free,0.9,0.20700000000000002,0.17594651053293997,0.23805348946706006,0.791,0.7599665103672197,0.8220334896327803,0.998,0.9952421762349287,1.0007578237650714,0.9739999999999999,0.948678112952697,0.9993218870473027,0.9739999999999999,0.948678112952697,0.9993218870473027,0.9739999999999999,0.948678112952697,0.9993218870473027,0.9739999999999999,0.948678112952697,0.9993218870473027,0.62,0.5761288203482012,0.6638711796517988,0.98,0.9524217623492872,1.0075782376507127,0.98,0.9524217623492872,1.0075782376507127,1.73,1.5883470109989581,1.8716529890010418,6.2,5.761288203482012,6.638711796517988
100,4,small_world,0.1,0.0003333333333333333,-4.003927963957773e-05,0.0007067059463062444,0.00022222222222222223,-0.00021333333333333333,0.0006577777777777777,0.0005555555555555556,-1.3098120566390763e-05,0.001124209231677502,0.0003333333333333333,-4.003927963957773e-05,0.0007067059463062444,0.0003333333333333333,-4.003927963957773e-05,0.0007067059463062444,0.0003333333333333333,-4.003927963957773e-05,0.0007067059463062444,0.0003333333333333333,-4.003927963957773e-05,0.0007067059463062444,0.00022222222222222223,-0.00021333333333333333,0.0006577777777777777,0.0,0.0,0.0,0.0,0.0,0.0,0.01,-0.0096,0.0296,0.02,-0.0192,0.0592
100,4,small_world,0.2,0.0011250000000000001,0.0003389764120536327,0.0019110235879463676,0.002125,6.32382864073841e-05,0.004186761713592616,0.0032500000000000003,0.0009766295657519584,0.005523370434248042,0.0032500000000000003,0.0009766295657519584,0.005523370434248042,0.0032500000000000003,0.0009766295657519584,0.005523370434248042,0.0032500000000000003,0.0009766295657519584,0.005523370434248042,0.0032500000000000003,0.0009766295657519584,0.005523370434248042,0.0016250000000000001,0.00016182138251453863,0.0030881786174854617,0.05,0.007067588942712297,0.09293241105728771,0.05,0.007067588942712297,0.09293241105728771,0.07,0.006138394582780468,0.13386160541721953,0.13,0.01294571060116309,0.24705428939883692
100,4,small_world,0.3,0.004,0.002261620399232769,0.005738379600767231,0.012428571428571431,0.007592646940268739,0.017264495916874123,0.01642857142857143,0.011188361701871747,0.021668781155271113,0.013142857142857144,0.008807307127069765,0.017478407158644522,0.013571428571428573,0.009205027931833696,0.01793782921102345,0.013142857142857144,0.008807307127069765,0.017478407158644522,0.013571428571428573,0.009205027931833696,0.01793782921102345,0.010714285714285714,0.0067871205455378725,0.014641450883033556,0.21,0.12976540457489485,0.2902345954251051,0.22,0.1383986928209276,0.3016013071790724,0.31,0.19963429752487288,0.4203657024751271,0.75,0.4750984381876511,1.024901561812349
100,4,small_world,0.4,0.008166666666666668,0.005479514794296,0.010853818539037335,0.04083333333333333,0.029705772278039964,0.0519608943886267,0.048999999999999995,0.03741266677108038,0.06058733322891961,0.033333333333333326,0.025237920268987607,0.041428746397679045,0.033333333333333326,0.025237920268987607,0.041428746397679045,0.033333333333333326,0.025237920268987607,0.041428746397679045,0.033333333333333326,0.025237920268987607,0.041428746397679045,0.030999999999999996,0.023038577751433,0.038961422248566996,0.42,0.3227751871052238,0.5172248128947762,0.42,0.3227751871052238,0.5172248128947762,0.77,0.5834226577355529,0.9565773422644471,1.86,1.3823146650859803,2.3376853349140196
100,4,small_world,0.5,0.0164,0.012730319607674508,0.020069680392325494,0.4914,0.42603043453153944,0.5567695654684606,0.5077999999999999,0.44251444874563844,0.5730855512543613,0.09840000000000002,0.07496144471649806,0.12183855528350197,0.09920000000000004,0.07573338314054877,0.12266661685945131,0.0818,0.06580544700799233,0.09779455299200766,0.08259999999999999,0.0665322498843871,0.09866775011561288,0.4100000000000001,0.34658473739458995,0.4734152626054102,0.61,0.5139194025199614,0.7060805974800386,0.61,0.5139194025199614,0.7060805974800386,1.89,1.6348347606080729,2.1451652393919267,20.5,17.329236869729492,23.670763130270508
100,4,small_world,0.6,0.024249999999999997,0.019302958133154392,0.029197041866845602,0.9067500000000002,0.8835583920829587,0.9299416079170416,0.9309999999999999,0.9087993351632903,0.9532006648367096,0.3322500000000001,0.2723900704084355,0.3921099295915647,0.3432500000000001,0.2819822635781065,0.4045177364218937,0.17999999999999997,0.15073228413560097,0.20926771586439896,0.1815,0.15189760240395478,0.2111023975960452,0.6725,0.6283450398590317,0.7166549601409683,0.88,0.8159866680552663,0.9440133319447337,0.89,0.8283646566038969,0.9516353433961031,3.09,2.7924316216430585,3.3875683783569412,26.9,25.133801594361262,28.666198405638735
100,4,small_world,0.7,0.05199999999999999,0.04372965608017486,0.06027034391982512,0.924,0.9081297734237191,0.9398702265762809,0.9760000000000001,0.9627993935452037,0.9892006064547965,0.7926666666666665,0.7353362976884108,0.8499970356449222,0.7993333333333331,0.742894310353421,0.8557723563132452,0.409,0.35775083079592657,0.4602491692040734,0.409,0.35775083079592657,0.4602491692040734,0.5616666666666666,0.5199374045939759,0.6033959287393574,1.0,1.0,1.0,1.0,1.0,1.0,3.87,3.570404229237818,4.169595770762182,16.85,15.598122137819276,18.101877862180725
100,4,small_world,0.8,0.151,0.13493737055627364,0.16706262944372635,0.8340000000000001,0.8136291775305756,0.8543708224694245,0.9850000000000001,0.9742556051728346,0.9957443948271656,0.9735,0.9598200078268083,0.9871799921731917,0.9735,0.9598200078268083,0.9871799921731917,0.8140000000000001,0.7570934767546041,0.870906523245396,0.8140000000000001,0.7570934767546041,0.870906523245396,0.42650000000000005,0.3944795462464091,0.458520453753591,1.0,1.0,1.0,1.0,1.0,1.0,3.78,3.5459577315219675,4.014042268478033,8.53,7.8895909249281795,9.170409075071818
100,4,small_world,0.9,0.384,0.35037106969385806,0.41762893030614195,0.6150000000000001,0.5815266274978654,0.6484733725021348,0.9990000000000001,0.9970400000000001,1.00096,0.996,0.9898207463429978,1.0021792536570022,0.996,0.9898207463429978,1.0021792536570022,0.996,0.9898207463429978,1.0021792536570022,0.996,0.9898207463429978,1.0021792536570022,0.33299999999999996,0.30870497461236435,0.3572950253876356,1.0,1.0,1.0,1.0,1.0,1.0,2.33,2.1798366626676544,2.4801633373323457,3.33,3.087049746123644,3.572950253876356
200,4,er,0.1,0.0073333333333333315,0.006030338117212578,0.008636328549454085,0.0005,8.261594763600967e-06,0.000991738405236399,0.007833333333333333,0.006431038543661137,0.009235628123005529,0.007833333333333333,0.006431038543661137,0.009235628123005529,0.007833333333333333,0.006431038543661137,0.009235628123005529,0.007833333333333333,0.006431038543661137,0.009235628123005529,0.007833333333333333,0.006431038543661137,0.009235628123005529,0.0005,8.261594763600967e-06,0.000991738405236399,0.04,0.0013985084288812566,0.07860149157111875,0.04,0.0013985084288812566,0.07860149157111875,0.04,0.0013985084288812566,0.07860149157111875,0.09,0.0014870870574481554,0.17851291294255184
200,4,er,0.2,0.017437500000000005,0.015473058221141377,0.019401941778858633,0.0011875000000000002,0.00043467120173644447,0.0019403287982635558,0.018625000000000003,0.016478520676817855,0.02077147932318215,0.018625000000000003,0.016478520676817855,0.02077147932318215,0.018625000000000003,0.016478520676817855,0.02077147932318215,0.018625000000000003,0.016478520676817855,0.02077147932318215,0.018625000000000003,0.016478520676817855,0.02077147932318215,0.0011875000000000002,0.00043467120173644447,0.0019403287982635558,0.09,0.03362579571212636,0.14637420428787362,0.09,0.03362579571212636,0.14637420428787362,0.09,0.03362579571212636,0.14637420428787362,0.19,0.06954739227783112,0.31045260772216887
200,4,er,0.3,0.023142857142857142,0.02101713587488928,0.025268578410825006,0.004,0.0021836477892392806,0.00581635221076072,0.02714285714285714,0.024131632350936957,0.03015408193477732,0.026928571428571423,0.023892106844269942,0.029965036012872905,0.026928571428571423,0.023892106844269942,0.029965036012872905,0.026928571428571423,0.023892106844269942,0.029965036012872905,0.026928571428571423,0.023892106844269942,0.029965036012872905,0.003285714285714286,0.0019010712401475367,0.004670357331281036,0.18,0.10431990774558765,0.25568009225441235,0.18,0.10431990774558765,0.25568009225441235,0.24,0.1316748329418236,0.3483251670581764,0.46,0.26614997362065507,0.653850026379345
200,4,er,0.4,0.03233333333333333,0.02886439054261201,0.03580227612405465,0.008083333333333333,0.0057798179648693585,0.010386848701797308,0.04041666666666668,0.03654331132617506,0.04429002200715829,0.04041666666666668,0.03654331132617506,0.04429002200715829,0.04041666666666668,0.03654331132617506,0.04429002200715829,0.04041666666666668,0.03654331132617506,0.04429002200715829,0.04041666666666668,0.03654331132617506,0.04429002200715829,0.007083333333333333,0.005149701781969171,0.009016964884697495,0.38,0.28438498068194557,0.47561501931805444,0.38,0.28438498068194557,0.47561501931805444,0.44,0.32076158167754654,0.5592384183224535,0.85,0.6179642138363005,1.0820357861636993
200,4,er,0.5,0.044199999999999996,0.03989160113642239,0.0485083988635776,0.5502,0.47768348880900896,0.6227165111909911,0.5944,0.5211819651691959,0.6676180348308042,0.059100000000000014,0.05325577821063983,0.0649442217893602,0.059100000000000014,0.05325577821063983,0.0649442217893602,0.059100000000000014,0.05325577821063983,0.0649442217893602,0.059100000000000014,0.05325577821063983,0.0649442217893602,0.5386,0.4668576173287119,0.610342382671288,0.41,0.31311503019695275,0.5068849698030472,0.41,0.31311503019695275,0.5068849698030472,1.37,1.1621712787564304,1.5778287212435698,53.86,46.68576173287119,61.034238267128806
200,4,er,0.6,0.05737500000000001,0.05241235624079181,0.06233764375920821,0.8535,0.8460550875618231,0.860944912438177,0.9108750000000001,0.9046005663260106,0.9171494336739896,0.263625,0.19523027366341345,0.33201972633658655,0.27125,0.20172336695898324,0.34077663304101674,0.07712500000000001,0.06971293961563899,0.08453706038436104,0.07712500000000001,0.06971293961563899,0.08453706038436104,0.8337499999999999,0.8244223028381364,0.8430776971618633,0.57,0.47247630901657633,0.6675236909834236,0.57,0.47247630901657633,0.6675236909834236,1.66,1.4970353251390804,1.8229646748609194,66.7,65.95378422705093,67.44621577294907
200,4,er,0.7,0.08183333333333334,0.07482103952730969,0.088845627139357,0.8648333333333333,0.8556067047401575,0.8740599619265091,0.9466666666666668,0.9406307174969546,0.9527026158363789,0.7585,0.6889279940097425,0.8280720059902574,0.7585,0.6889279940097425,0.8280720059902574,0.11750000000000002,0.10690842774097872,0.12809157225902132,0.11750000000000002,0.10690842774097872,0.12809157225902132,0.8284999999999999,0.81656012332583,0.8404398766741699,0.89,0.8283646566038969,0.9516353433961031,0.89,0.8283646566038969,0.9516353433961031,1.88,1.7076388288119004,2.0523611711880996,49.71,48.9936073995498,50.4263926004502
200,4,er,0.8,0.1485,0.1372307532091837,0.15976924679081628,0.8235000000000002,0.8113405141988039,0.8356594858011965,0.972,0.9667289761023788,0.9772710238976211,0.9574999999999999,0.9355036848816016,0.9794963151183982,0.9574999999999999,0.9355036848816016,0.9794963151183982,0.24050000000000005,0.2158295384573521,0.265170461542648,0.24050000000000005,0.2158295384573521,0.265170461542648,0.7285,0.7026088915071236,0.7543911084928765,1.0,1.0,1.0,1.0,1.0,1.0,2.34,2.0873948455783133,2.5926051544216864,29.14,28.10435566028494,30.17564433971506
200,4,er,0.9,0.316,0.29124376817564085,0.34075623182435916,0.6739999999999998,0.6486398311193207,0.699360168880679,0.9900000000000001,0.9855952275652402,0.99440477243476,0.9900000000000001,0.9855952275652402,0.99440477243476,0.9900000000000001,0.9855952275652402,0.99440477243476,0.772,0.7106435595569758,0.8333564404430243,0.772,0.7106435595569758,0.8333564404430243,0.4505000000000001,0.4150287255784219,0.48597127442157834,1.0,1.0,1.0,1.0,1.0,1.0,2.74,2.526707109894172,2.9532928901058284,9.01,8.300574511568435,9.719425488431565
200,4,ring,0.1,0.0,0.0,0.0,0.0008333333333333334,-5.488844613362647e-06,0.0016721555112800294,0.0008333333333333334,-5.488844613362647e-06,0.0016721555112800294,0.0006666666666666666,-1.2903776356572652e-05,0.001346237109689906,0.0006666666666666666,-1.2903776356572652e-05,0.001346237109689906,0.0006666666666666666,-1.2903776356572652e-05,0.001346237109689906,0.0006666666666666666,-1.2903776356572652e-05,0.001346237109689906,0.0005,8.261594763600967e-06,0.000991738405236399,0.04,0.0013985084288812566,0.07860149157111875,0.04,0.0013985084288812566,0.07860149157111875,0.07,0.000326579999647969,0.13967342000035204,0.09,0.0014870870574481554,0.17851291294255184
200,4,ring,0.2,0.0,0.0,0.0,0.0089375,0.005744728304672436,0.012130271695327563,0.0089375,0.005744728304672436,0.012130271695327563,0.006812499999999999,0.0041656534509835275,0.009459346549016472,0.006812499999999999,0.0041656534509835275,0.009459346549016472,0.006812499999999999,0.0041656534509835275,0.009459346549016472,0.006812499999999999,0.0041656534509835275,0.009459346549016472,0.0063124999999999995,0.004059120117142995,0.008565879882857005,0.26,0.17359457555374563,0.3464054244462544,0.26,0.17359457555374563,0.3464054244462544,0.46,0.3013792579831383,0.6186207420168617,1.01,0.6494592187428794,1.3705407812571206
200,4,ring,0.3,0.00014285714285714284,-5.413026893366272e-05,0.0003398445546479484,0.03842857142857143,0.03015256399805888,0.04670457885908398,0.03857142857142857,0.030273394241698802,0.046869462901158336,0.02364285714285714,0.01775103401262149,0.02953468027309279,0.02364285714285714,0.01775103401262149,0.02953468027309279,0.02264285714285714,0.01712816089125137,0.028157553394462912,0.02264285714285714,0.01712816089125137,0.028157553394462912,0.023285714285714278,0.01815963676902857,0.028411791802399985,0.55,0.45200000000000007,0.648,0.55,0.45200000000000007,0.648,1.57,1.2748408037836003,1.8651591962163998,3.26,2.5423491476640008,3.977650852335999
200,4,ring,0.4,0.0008333333333333333,0.0002888888888888889,0.0013777777777777777,0.16691666666666666,0.15120141536199375,0.18263191797133957,0.16775,0.15203097676475227,0.18346902323524775,0.06216666666666667,0.05290843294837615,0.07142490038495719,0.06216666666666667,0.05290843294837615,0.07142490038495719,0.057999999999999996,0.049416907858640294,0.0665830921413597,0.057999999999999996,0.049416907858640294,0.0665830921413597,0.08241666666666667,0.07398250507121559,0.09085082826211774,0.83,0.7560050670585471,0.9039949329414528,0.83,0.7560050670585471,0.9039949329414528,3.9,3.5144880355326507,4.285511964467349,9.89,8.877900608545872,10.90209939145413
200,4,ring,0.5,0.004300000000000001,0.0029565805125754963,0.0056434194874245055,0.48369999999999996,0.45528098308910353,0.5121190169108965,0.4879999999999999,0.4599903572159712,0.5160096427840285,0.18720000000000006,0.16901926775929862,0.2053807322407015,0.18720000000000006,0.16901926775929862,0.2053807322407015,0.166,0.15004523566295933,0.1819547643370407,0.166,0.15004523566295933,0.1819547643370407,0.16390000000000002,0.14883878254079258,0.17896121745920746,0.98,0.9524217623492872,1.0075782376507127,0.98,0.9524217623492872,1.0075782376507127,7.46,6.964452333984984,7.955547666015016,16.39,14.883878254079255,17.896121745920745
200,4,ring,0.6,0.016500000000000004,0.014065391782705654,0.018934608217294355,0.836875,0.8137384767994826,0.8600115232005174,0.8533749999999999,0.8306017114925304,0.8761482885074694,0.4721250000000001,0.44093020888550843,0.5033197911144918,0.4721250000000001,0.44093020888550843,0.5033197911144918,0.3798749999999999,0.3509345745190191,0.4088154254809807,0.3798749999999999,0.3509345745190191,0.4088154254809807,0.220875,0.20564404226632976,0.2361059577336702,1.0,1.0,1.0,1.0,1.0,1.0,10.53,10.071857080214595,10.988142919785403,17.67,16.451523381306384,18.88847661869362
200,4,ring,0.7,0.05616666666666666,0.051109057759649315,0.06122427557368401,0.9161666666666668,0.903957551729781,0.9283757816035526,0.9723333333333332,0.961402750530754,0.9832639161359124,0.8041666666666667,0.7774929295989395,0.8308404037343939,0.8041666666666667,0.7774929295989395,0.8308404037343939,0.7111666666666666,0.6820038980113187,0.7403294353220146,0.7111666666666666,0.6820038980113187,0.7403294353220146,0.19033333333333335,0.18044922290005516,0.20021744376661155,1.0,1.0,1.0,1.0,1.0,1.0,11.87,11.523554077273612,12.216445922726386,11.42,10.826953374003308,12.013046625996692
200,4,ring,0.8,0.17525,0.1649788725255715,0.18552112747442848,0.8204999999999998,0.8095680860123056,0.831431913987694,0.99575,0.991806867496597,0.9996931325034031,0.9555000000000001,0.9399801295173582,0.971019870482642,0.9555000000000001,0.9399801295173582,0.971019870482642,0.94725,0.9299939842432275,0.9645060157567725,0.94725,0.9299939842432275,0.9645060157567725,0.16625,0.1571061178480866,0.17539388215191343,1.0,1.0,1.0,1.0,1.0,1.0,10.0,9.731344988597803,10.268655011402197,6.65,6.284244713923464,7.015755286076537
200,4,ring,0.9,0.451,0.4280706314209409,0.47392936857905915,0.5485,0.5255928540107297,0.5714071459892702,0.9995,0.9985200000000001,1.00048,0.998,0.99408,1.00192,0.998,0.99408,1.00192,0.998,0.99408,1.00192,0.998,0.99408,1.00192,0.17449999999999996,0.16552733691548135,0.18347266308451857,1.0,1.0,1.0,1.0,1.0,1.0,4.42,4.213060059461932,4.626939940538068,3.49,3.310546738309628,3.6694532616903723
200,4,scale_free,0.1,0.003944444444444444,0.0030380935443461484,0.00485079534454274,0.0016666666666666668,0.000706356931539519,0.0026269764017938144,0.005611111111111111,0.0043302253384370866,0.006891996883785135,0.005611111111111111,0.0043302253384370866,0.006891996883785135,0.005611111111111111,0.0043302253384370866,0.006891996883785135,0.005611111111111111,0.0043302253384370866,0.006891996883785135,0.005611111111111111,0.0043302253384370866,0.006891996883785135,0.0015555555555555557,0.0006927330355174408,0.0024183780755936708,0.12,0.05598666805526628,0.1840133319447337,0.12,0.05598666805526628,0.1840133319447337,0.13,0.05813333333333334,0.20186666666666667,0.28,0.12469194639313935,0.4353080536068607
200,4,scale_free,0.2,0.012062499999999999,0.010381105771084512,0.013743894228915485,0.0026875000000000007,0.001490601361430259,0.003884398638569742,0.014749999999999996,0.01272308663782149,0.016776913362178503,0.014437499999999999,0.012386980556694538,0.01648801944330546,0.014437499999999999,0.012386980556694538,0.01648801944330546,0.014437499999999999,0.012386980556694538,0.01648801944330546,0.014437499999999999,0.012386980556694538,0.01648801944330546,0.0025625000000000005,0.0014328374118209846,0.0036921625881790165,0.16,0.08778322196121577,0.23221677803878424,0.16,0.08778322196121577,0.23221677803878424,0.19,0.10785365116901038,0.27214634883098965,0.41,0.22925398589135743,0.5907460141086425
200,4,scale_free,0.3,0.019714285714285712,0.017418416784792102,0.022010154643779322,0.003928571428571429,0.00201606606448045,0.005841076792662408,0.02364285714285714,0.02045474095167388,0.026830973334040397,0.02321428571428571,0.0202872435626289,0.026141327865942525,0.02321428571428571,0.0202872435626289,0.026141327865942525,0.02321428571428571,0.0202872435626289,0.026141327865942525,0.02321428571428571,0.0202872435626289,0.026141327865942525,0.003142857142857143,0.001863753921648999,0.004421960364065287,0.2,0.12120503528367778,0.27879496471632226,0.2,0.12120503528367778,0.27879496471632226,0.25,0.1372688009807257,0.3627311990192743,0.44,0.26092554903085985,0.6190744509691402
200,4,scale_free,0.4,0.028666666666666663,0.025592779251945065,0.03174055408138826,0.010333333333333332,-0.0012884602350601675,0.02195512690172683,0.039,0.026854927719612065,0.051145072280387935,0.033249999999999995,0.02964233421544912,0.036857665784550867,0.033249999999999995,0.02964233421544912,0.036857665784550867,0.033249999999999995,0.02964233421544912,0.036857665784550867,0.033249999999999995,0.02964233421544912,0.036857665784550867,0.009750000000000002,-0.0010545570206750756,0.02055455702067508,0.25,0.16470194858170806,0.33529805141829194,0.25,0.16470194858170806,0.33529805141829194,0.28,0.17546666666666672,0.38453333333333334,1.17,-0.12654684248100967,2.4665468424810095
200,4,scale_free,0.5,0.0397,0.03546174819725935,0.04393825180274065,0.4169,0.3422193234582916,0.4915806765417084,0.45660000000000006,0.3820761343423085,0.5311238656576915,0.047200000000000006,0.04247985934125012,0.05192014065874989,0.047200000000000006,0.04247985934125012,0.05192014065874989,0.047200000000000006,0.04247985934125012,0.05192014065874989,0.047200000000000006,0.04247985934125012,0.05192014065874989,0.4127,0.33867106394732593,0.4867289360526741,0.27,0.18254557550565917,0.35745442449434084,0.27,0.18254557550565917,0.35745442449434084,0.86,0.709927134196401,1.0100728658035991,41.27,33.867106394732595,48.67289360526741
200,4,scale_free,0.6,0.048125,0.042967288430285806,0.053282711569714196,0.8281250000000001,0.8034514543017582,0.852798545698242,0.87625,0.8520801282167199,0.9004198717832801,0.05599999999999999,0.04965040174658285,0.06234959825341713,0.05599999999999999,0.04965040174658285,0.06234959825341713,0.05599999999999999,0.04965040174658285,0.06234959825341713,0.05599999999999999,0.04965040174658285,0.06234959825341713,0.8205,0.7956278526634447,0.8453721473365553,0.24,0.15586999958577813,0.32413000041422185,0.24,0.15586999958577813,0.32413000041422185,1.25,1.1481173184094529,1.3518826815905471,65.64,63.65022821307558,67.62977178692442
200,4,scale_free,0.7,0.06466666666666668,0.057559936450464505,0.07177339688286885,0.8773333333333332,0.8675441181677644,0.8871225484989019,0.9420000000000001,0.934951140662678,0.9490488593373221,0.10583333333333332,0.07281753073669958,0.13884913592996706,0.10583333333333332,0.07281753073669958,0.13884913592996706,0.07283333333333333,0.06519479524037793,0.08047187142628874,0.07283333333333333,0.06519479524037793,0.08047187142628874,0.8691666666666665,0.859368041622829,0.8789652917105041,0.21,0.12976540457489485,0.2902345954251051,0.21,0.12976540457489485,0.2902345954251051,1.22,1.117339504317691,1.322660495682309,52.15,51.56208249736975,52.737917502630246
200,4,scale_free,0.8,0.102,0.09295465206905122,0.11104534793094877,0.8760000000000001,0.8646215255500538,0.8873784744499464,0.978,0.9723729139894882,0.9836270860105117,0.5017499999999999,0.41689021278686467,0.5866097872131352,0.5017499999999999,0.41689021278686467,0.5866097872131352,0.12500000000000003,0.11326312037062905,0.136736879629371,0.12500000000000003,0.11326312037062905,0.136736879629371,0.8522500000000001,0.8393496743052626,0.8651503256947375,0.59,0.49311503019695274,0.6868849698030473,0.59,0.49311503019695274,0.6868849698030473,1.42,1.285874860181571,1.5541251398184288,34.09,33.573986972210506,34.6060130277895
200,4,scale_free,0.9,0.19000000000000003,0.1702520733731208,0.20974792662687927,0.8045,0.7845033518970419,0.8244966481029581,0.9944999999999999,0.9889466666666666,1.0000533333333332,0.9345,0.8905030699418078,0.9784969300581922,0.9345,0.8905030699418078,0.9784969300581922,0.398,0.3359893139218829,0.4600106860781171,0.398,0.3359893139218829,0.4600106860781171,0.6705000000000001,0.6328631590866158,0.7081368409133844,0.96,0.9213985084288813,0.9986014915711187,0.96,0.9213985084288813,0.9986014915711187,2.0,1.8069925421444062,2.1930074578555936,13.41,12.657263181732315,14.162736818267685
200,4,small_world,0.1,0.00016666666666666666,-2.0019639819788892e-05,0.00035335297315312224,0.00044444444444444447,-8.449065619726861e-05,0.0009733795450861575,0.0006111111111111112,5.534553913504015e-05,0.0011668766830871822,0.0006111111111111112,5.534553913504015e-05,0.0011668766830871822,0.0006111111111111112,5.534553913504015e-05,0.0011668766830871822,0.0006111111111111112,5.534553913504015e-05,0.0011668766830871822,0.0006111111111111112,5.534553913504015e-05,0.0011668766830871822,0.0003333333333333333,-4.0039279639577784e-05,0.0007067059463062445,0.03,-0.003603535167561997,0.063603535167562,0.03,-0.003603535167561997,0.063603535167562,0.04,-0.007604159057754176,0.08760415905775418,0.06,-0.007207070335123994,0.127207070335124
200,4,small_world,0.2,0.0005625000000000001,9.872248509297776e-05,0.0010262775149070223,0.004125,0.00239066455250305,0.00585933544749695,0.0046875,0.0029258061160039486,0.006449193883996051,0.0034375,0.002084611325662191,0.004790388674337809,0.0034375,0.002084611325662191,0.004790388674337809,0.0034375,0.002084611325662191,0.004790388674337809,0.0034375,0.002084611325662191,0.004790388674337809,0.0035000000000000005,0.0020714167857629018,0.004928583214237099,0.18,0.10431990774558765,0.25568009225441235,0.18,0.10431990774558765,0.25568009225441235,0.26,0.153480980974563,0.36651901902543704,0.56,0.33142668572206424,0.7885733142779359
200,4,small_world,0.3,0.003,0.0019818535359673334,0.004018146464032667,0.01592857142857143,0.011382875717797392,0.02047426713934547,0.018928571428571427,0.014081381260520196,0.023775761596622657,0.013785714285714285,0.00995163056469332,0.01761979800673525,0.013785714285714285,0.00995163056469332,0.01761979800673525,0.013785714285714285,0.00995163056469332,0.01761979800673525,0.013785714285714285,0.00995163056469332,0.01761979800673525,0.01092857142857143,0.00800098822149713,0.01385615463564573,0.37,0.2748936289295937,0.4651063710704063,0.37,0.2748936289295937,0.4651063710704063,0.76,0.5513048755972125,0.9686951244027875,1.53,1.1201383510095981,1.939861648990402
200,4,small_world,0.4,0.006416666666666667,0.0049695761997973174,0.007863757133536016,0.05708333333333333,0.04597304005535082,0.06819362661131584,0.0635,0.0522106848286959,0.0747893151713041,0.036333333333333336,0.030123454667729123,0.04254321199893755,0.03658333333333333,0.030410995609732462,0.042755671056934196,0.036333333333333336,0.030123454667729123,0.04254321199893755,0.03658333333333333,0.030410995609732462,0.042755671056934196,0.037,0.02867703902080038,0.04532296097919962,0.69,0.5988946530525006,0.7811053469474993,0.7,0.6097290274515197,0.7902709725484802,1.73,1.4674001900190707,1.9925998099809292,4.44,3.4412446824960465,5.438755317503954
200,4,small_world,0.5,0.013500000000000002,0.010925939025782433,0.01607406097421757,0.4746999999999999,0.4076950540152128,0.541704945984787,0.4882000000000001,0.4216069610505329,0.5547930389494673,0.0854,0.07196603620398181,0.09883396379601819,0.08610000000000001,0.07250674095164977,0.09969325904835025,0.0794,0.06782015569267798,0.09097984430732202,0.0801,0.06832188230641074,0.09187811769358926,0.379,0.3164817069195186,0.4415182930804814,0.86,0.7916479227481237,0.9283520772518763,0.86,0.7916479227481237,0.9283520772518763,3.46,3.0765873937040324,3.8434126062959675,37.9,31.648170691951858,44.151829308048136
200,4,small_world,0.6,0.022750000000000003,0.019141512670372698,0.026358487329627308,0.91775,0.90429388881278,0.93120611118722,0.9405000000000001,0.9278428881332241,0.9531571118667761,0.19462500000000002,0.1640140994072208,0.22523590059277923,0.19525000000000003,0.16467968134238242,0.22582031865761765,0.14975,0.13176990722038295,0.16773009277961703,0.150375,0.13240342388012885,0.16834657611987117,0.6722500000000001,0.6365713772659032,0.7079286227340971,0.96,0.9213985084288812,0.9986014915711188,0.96,0.9213985084288812,0.9986014915711188,5.13,4.689826790750034,5.570173209249965,53.78,50.925710181272244,56.63428981872776
200,4,small_world,0.7,0.056666666666666664,0.05068453089650773,0.06264880243682559,0.9216666666666667,0.9111658025046966,0.9321675308286369,0.9783333333333333,0.9710141029395145,0.985652563727152,0.6845,0.6234087457384424,0.7455912542615576,0.6945,0.6340244457249796,0.7549755542750204,0.3368333333333334,0.30549611272053606,0.3681705539461307,0.3385,0.3071029865596394,0.36989701344036063,0.537,0.5000752072255431,0.573924792774457,0.99,0.9704,1.0096,0.99,0.9704,1.0096,6.35,5.8744681446479685,6.825531855352031,32.22,30.004512433532582,34.435487566467415
200,4,small_world,0.8,0.14550000000000002,0.13502117691086765,0.15597882308913238,0.8484999999999999,0.8377146019025159,0.8592853980974839,0.9939999999999999,0.990724436358164,0.9972755636418358,0.97025,0.9571334078782295,0.9833665921217704,0.97175,0.9587642295826033,0.9847357704173967,0.7340000000000001,0.6917307057503485,0.7762692942496517,0.7354999999999999,0.693405145159528,0.7775948548404719,0.31525000000000003,0.29000509094226457,0.3404949090577355,1.0,1.0,1.0,1.0,1.0,1.0,7.37,7.012528902630513,7.727471097369487,12.61,11.600203637690582,13.619796362309417
200,4,small_world,0.9,0.37749999999999995,0.35506699086190396,0.39993300913809593,0.6215,0.5990289680528981,0.643971031947102,0.9990000000000001,0.9970400000000001,1.00096,0.991,0.9828327394155356,0.9991672605844644,0.991,0.9828327394155356,0.9991672605844644,0.991,0.9828327394155356,0.9991672605844644,0.991,0.9828327394155356,0.9991672605844644,0.231,0.21647226184991017,0.24552773815008985,1.0,1.0,1.0,1.0,1.0,1.0,4.3,4.104,4.4959999999999996,4.62,4.329445236998203,4.910554763001797
